pathway,NES,pathway_padj,gene_id,gene_symbol,log2FoldChange,stat,gene_padj
HALLMARK_OXIDATIVE_PHOSPHORYLATION,-2.66609247286888,7.521671362519859e-18,ENSG00000176340,COX8A,-0.187460277009648,-3.80015029270738,0.0815459676508299
HALLMARK_OXIDATIVE_PHOSPHORYLATION,-2.66609247286888,7.521671362519859e-18,ENSG00000151366,NDUFC2,-0.176498693095054,-3.22408011654635,0.317806607910544
HALLMARK_OXIDATIVE_PHOSPHORYLATION,-2.66609247286888,7.521671362519859e-18,ENSG00000172115,CYCS,-0.105348187367928,-3.01498741670929,0.478232537198757
HALLMARK_OXIDATIVE_PHOSPHORYLATION,-2.66609247286888,7.521671362519859e-18,ENSG00000166136,NDUFB8,-0.15229106635847,-2.68047041761884,0.804024800743271
HALLMARK_OXIDATIVE_PHOSPHORYLATION,-2.66609247286888,7.521671362519859e-18,ENSG00000140740,UQCRC2,-0.122063307882052,-2.5598642218446,0.93681715197237
HALLMARK_OXIDATIVE_PHOSPHORYLATION,-2.66609247286888,7.521671362519859e-18,ENSG00000113732,ATP6V0E1,-0.127148672184189,-2.47303696694328,0.999966905446727
HALLMARK_OXIDATIVE_PHOSPHORYLATION,-2.66609247286888,7.521671362519859e-18,ENSG00000127184,COX7C,-0.0892932470624112,-2.4568953690316,0.999966905446727
HALLMARK_OXIDATIVE_PHOSPHORYLATION,-2.66609247286888,7.521671362519859e-18,ENSG00000154518,ATP5MC3,-0.109011858526339,-2.38431606683474,0.999966905446727
HALLMARK_OXIDATIVE_PHOSPHORYLATION,-2.66609247286888,7.521671362519859e-18,ENSG00000135940,COX5B,-0.116990965594844,-2.07288470303766,0.999966905446727
HALLMARK_OXIDATIVE_PHOSPHORYLATION,-2.66609247286888,7.521671362519859e-18,ENSG00000184076,UQCR10,-0.156363000698982,-2.03848332454642,0.999966905446727
HALLMARK_OXIDATIVE_PHOSPHORYLATION,-2.66609247286888,7.521671362519859e-18,ENSG00000105379,ETFB,-0.104843859373095,-1.87285513296459,0.999966905446727
HALLMARK_OXIDATIVE_PHOSPHORYLATION,-2.66609247286888,7.521671362519859e-18,ENSG00000111716,LDHB,-0.0552166791974211,-1.86237266451177,0.999966905446727
HALLMARK_OXIDATIVE_PHOSPHORYLATION,-2.66609247286888,7.521671362519859e-18,ENSG00000128524,ATP6V1F,-0.133957097671838,-1.85241459486511,0.999966905446727
HALLMARK_OXIDATIVE_PHOSPHORYLATION,-2.66609247286888,7.521671362519859e-18,ENSG00000104823,ECH1,-0.0979907684546046,-1.8471157342939,0.999966905446727
HALLMARK_OXIDATIVE_PHOSPHORYLATION,-2.66609247286888,7.521671362519859e-18,ENSG00000134375,TIMM17A,-0.102513367540743,-1.83668739535984,0.999966905446727
HALLMARK_OXIDATIVE_PHOSPHORYLATION,-2.66609247286888,7.521671362519859e-18,ENSG00000125356,NDUFA1,-0.125183956759675,-1.81638068329347,0.999966905446727
HALLMARK_OXIDATIVE_PHOSPHORYLATION,-2.66609247286888,7.521671362519859e-18,ENSG00000131143,COX4I1,-0.092045289848393,-1.8122664984737,0.999966905446727
HALLMARK_OXIDATIVE_PHOSPHORYLATION,-2.66609247286888,7.521671362519859e-18,ENSG00000156467,UQCRB,-0.100986217066275,-1.81167891552518,0.999966905446727
HALLMARK_OXIDATIVE_PHOSPHORYLATION,-2.66609247286888,7.521671362519859e-18,ENSG00000127540,UQCR11,-0.171601407564522,-1.79077754421469,0.999966905446727
HALLMARK_OXIDATIVE_PHOSPHORYLATION,-2.66609247286888,7.521671362519859e-18,ENSG00000241837,ATP5PO,-0.0979874052607852,-1.78117354471276,0.999966905446727
HALLMARK_OXIDATIVE_PHOSPHORYLATION,-2.66609247286888,7.521671362519859e-18,ENSG00000164919,COX6C,-0.120191342686072,-1.74503113649419,0.999966905446727
HALLMARK_OXIDATIVE_PHOSPHORYLATION,-2.66609247286888,7.521671362519859e-18,ENSG00000145494,NDUFS6,-0.106671024895204,-1.74215208896287,0.999966905446727
HALLMARK_OXIDATIVE_PHOSPHORYLATION,-2.66609247286888,7.521671362519859e-18,ENSG00000189043,NDUFA4,-0.0886690946215245,-1.7400836541803,0.999966905446727
HALLMARK_OXIDATIVE_PHOSPHORYLATION,-2.66609247286888,7.521671362519859e-18,ENSG00000164405,UQCRQ,-0.0797914046670461,-1.73755384826684,0.999966905446727
HALLMARK_OXIDATIVE_PHOSPHORYLATION,-2.66609247286888,7.521671362519859e-18,ENSG00000181991,MRPS11,-0.1273129539498,-1.68507463295924,0.999966905446727
HALLMARK_OXIDATIVE_PHOSPHORYLATION,-2.66609247286888,7.521671362519859e-18,ENSG00000173660,UQCRH,-0.0812940287453678,-1.68118665579362,0.999966905446727
HALLMARK_OXIDATIVE_PHOSPHORYLATION,-2.66609247286888,7.521671362519859e-18,ENSG00000241468,ATP5MF,-0.114559571029583,-1.67354633710343,0.999966905446727
HALLMARK_OXIDATIVE_PHOSPHORYLATION,-2.66609247286888,7.521671362519859e-18,ENSG00000124275,MTRR,-0.143670009294012,-1.65528125411436,0.999966905446727
HALLMARK_OXIDATIVE_PHOSPHORYLATION,-2.66609247286888,7.521671362519859e-18,ENSG00000100142,POLR2F,-0.103753737619592,-1.6402182147141,0.999966905446727
HALLMARK_OXIDATIVE_PHOSPHORYLATION,-2.66609247286888,7.521671362519859e-18,ENSG00000167283,ATP5MG,-0.0852920875102673,-1.58093273250293,0.999966905446727
HALLMARK_OXIDATIVE_PHOSPHORYLATION,-2.66609247286888,7.521671362519859e-18,ENSG00000185883,ATP6V0C,-0.076619861860425,-1.51793119373752,0.999966905446727
HALLMARK_OXIDATIVE_PHOSPHORYLATION,-2.66609247286888,7.521671362519859e-18,ENSG00000128609,NDUFA5,-0.125181980864446,-1.51472776308567,0.999966905446727
HALLMARK_OXIDATIVE_PHOSPHORYLATION,-2.66609247286888,7.521671362519859e-18,ENSG00000143198,MGST3,-0.106263939913625,-1.49900467950357,0.999966905446727
HALLMARK_OXIDATIVE_PHOSPHORYLATION,-2.66609247286888,7.521671362519859e-18,ENSG00000014641,MDH1,-0.0575961342243374,-1.39488116722862,0.999966905446727
HALLMARK_OXIDATIVE_PHOSPHORYLATION,-2.66609247286888,7.521671362519859e-18,ENSG00000004779,NDUFAB1,-0.0702060157456551,-1.34034900086252,0.999966905446727
HALLMARK_OXIDATIVE_PHOSPHORYLATION,-2.66609247286888,7.521671362519859e-18,ENSG00000111775,COX6A1,-0.0631108296432529,-1.33546440482907,0.999966905446727
HALLMARK_OXIDATIVE_PHOSPHORYLATION,-2.66609247286888,7.521671362519859e-18,ENSG00000101365,IDH3B,-0.0748834699316389,-1.33180884966732,0.999966905446727
HALLMARK_OXIDATIVE_PHOSPHORYLATION,-2.66609247286888,7.521671362519859e-18,ENSG00000109390,NDUFC1,-0.12005314582089,-1.30429370324151,0.999966905446727
HALLMARK_OXIDATIVE_PHOSPHORYLATION,-2.66609247286888,7.521671362519859e-18,ENSG00000178741,COX5A,-0.062862462506852,-1.30217776219516,0.999966905446727
HALLMARK_OXIDATIVE_PHOSPHORYLATION,-2.66609247286888,7.521671362519859e-18,ENSG00000154723,ATP5PF,-0.0851077155513974,-1.28232351309268,0.999966905446727
HALLMARK_OXIDATIVE_PHOSPHORYLATION,-2.66609247286888,7.521671362519859e-18,ENSG00000131495,NDUFA2,-0.106369543063439,-1.25801060341378,0.999966905446727
HALLMARK_OXIDATIVE_PHOSPHORYLATION,-2.66609247286888,7.521671362519859e-18,ENSG00000163541,SUCLG1,-0.0713198924347372,-1.25312016660956,0.999966905446727
HALLMARK_OXIDATIVE_PHOSPHORYLATION,-2.66609247286888,7.521671362519859e-18,ENSG00000204370,SDHD,-0.0778607345140699,-1.24201110631914,0.999966905446727
HALLMARK_OXIDATIVE_PHOSPHORYLATION,-2.66609247286888,7.521671362519859e-18,ENSG00000071553,ATP6AP1,-0.0626439619433969,-1.2382558802687,0.999966905446727
HALLMARK_OXIDATIVE_PHOSPHORYLATION,-2.66609247286888,7.521671362519859e-18,ENSG00000213619,NDUFS3,-0.0829860748575626,-1.2248698694325,0.999966905446727
HALLMARK_OXIDATIVE_PHOSPHORYLATION,-2.66609247286888,7.521671362519859e-18,ENSG00000110435,PDHX,-0.0902502710106039,-1.19055571676497,0.999966905446727
HALLMARK_OXIDATIVE_PHOSPHORYLATION,-2.66609247286888,7.521671362519859e-18,ENSG00000090266,NDUFB2,-0.0919814319674101,-1.17241449787745,0.999966905446727
HALLMARK_OXIDATIVE_PHOSPHORYLATION,-2.66609247286888,7.521671362519859e-18,ENSG00000087088,BAX,-0.0747527301927978,-1.17034451747201,0.999966905446727
HALLMARK_OXIDATIVE_PHOSPHORYLATION,-2.66609247286888,7.521671362519859e-18,ENSG00000150779,TIMM8B,-0.0976725033045169,-1.14223939293112,0.999966905446727
HALLMARK_OXIDATIVE_PHOSPHORYLATION,-2.66609247286888,7.521671362519859e-18,ENSG00000065154,OAT,-0.0652244234528924,-1.12049464346813,0.999966905446727
HALLMARK_OXIDATIVE_PHOSPHORYLATION,-2.66609247286888,7.521671362519859e-18,ENSG00000164039,BDH2,-0.174892156235489,-1.11414240871028,0.999966905446727
HALLMARK_OXIDATIVE_PHOSPHORYLATION,-2.66609247286888,7.521671362519859e-18,ENSG00000119421,NDUFA8,-0.0886873423427057,-1.10971240274631,0.999966905446727
HALLMARK_OXIDATIVE_PHOSPHORYLATION,-2.66609247286888,7.521671362519859e-18,ENSG00000108528,SLC25A11,-0.0797640959277603,-1.10854285967551,0.999966905446727
HALLMARK_OXIDATIVE_PHOSPHORYLATION,-2.66609247286888,7.521671362519859e-18,ENSG00000165629,ATP5F1C,-0.0478915559518289,-1.10104168634347,0.999966905446727
HALLMARK_OXIDATIVE_PHOSPHORYLATION,-2.66609247286888,7.521671362519859e-18,ENSG00000151729,SLC25A4,-0.106027406106429,-1.09085898210753,0.999966905446727
HALLMARK_OXIDATIVE_PHOSPHORYLATION,-2.66609247286888,7.521671362519859e-18,ENSG00000167468,GPX4,-0.0470647534054423,-1.07168557033599,0.999966905446727
HALLMARK_OXIDATIVE_PHOSPHORYLATION,-2.66609247286888,7.521671362519859e-18,ENSG00000091140,DLD,-0.0695152781536513,-1.00558749881297,0.999966905446727
HALLMARK_OXIDATIVE_PHOSPHORYLATION,-2.66609247286888,7.521671362519859e-18,ENSG00000067829,IDH3G,-0.072568160000144,-0.982293274831135,0.999966905446727
HALLMARK_OXIDATIVE_PHOSPHORYLATION,-2.66609247286888,7.521671362519859e-18,ENSG00000156709,AIFM1,-0.0503388734776513,-0.98046944973891,0.999966905446727
HALLMARK_OXIDATIVE_PHOSPHORYLATION,-2.66609247286888,7.521671362519859e-18,ENSG00000198836,OPA1,-0.0699015803791219,-0.972226096227033,0.999966905446727
HALLMARK_OXIDATIVE_PHOSPHORYLATION,-2.66609247286888,7.521671362519859e-18,ENSG00000169021,UQCRFS1,-0.0463149397824635,-0.958491136011284,0.999966905446727
HALLMARK_OXIDATIVE_PHOSPHORYLATION,-2.66609247286888,7.521671362519859e-18,ENSG00000116688,MFN2,-0.0391165586677678,-0.956029346903198,0.999966905446727
HALLMARK_OXIDATIVE_PHOSPHORYLATION,-2.66609247286888,7.521671362519859e-18,ENSG00000115944,COX7A2L,-0.0534983195167917,-0.941500736411193,0.999966905446727
HALLMARK_OXIDATIVE_PHOSPHORYLATION,-2.66609247286888,7.521671362519859e-18,ENSG00000004961,HCCS,-0.0585420341410977,-0.935091188058386,0.999966905446727
HALLMARK_OXIDATIVE_PHOSPHORYLATION,-2.66609247286888,7.521671362519859e-18,ENSG00000140374,ETFA,-0.0455149885907824,-0.9340538394083,0.999966905446727
HALLMARK_OXIDATIVE_PHOSPHORYLATION,-2.66609247286888,7.521671362519859e-18,ENSG00000135070,ISCA1,-0.110497634572294,-0.913774915225697,0.999966905446727
HALLMARK_OXIDATIVE_PHOSPHORYLATION,-2.66609247286888,7.521671362519859e-18,ENSG00000166347,CYB5A,-0.0597457753733866,-0.911061520138909,0.999966905446727
HALLMARK_OXIDATIVE_PHOSPHORYLATION,-2.66609247286888,7.521671362519859e-18,ENSG00000099624,ATP5F1D,-0.0724929407793201,-0.91023231951928,0.999966905446727
HALLMARK_OXIDATIVE_PHOSPHORYLATION,-2.66609247286888,7.521671362519859e-18,ENSG00000143153,ATP1B1,-0.0290393514468756,-0.907221892052202,0.999966905446727
HALLMARK_OXIDATIVE_PHOSPHORYLATION,-2.66609247286888,7.521671362519859e-18,ENSG00000075239,ACAT1,-0.0562930718087353,-0.905713553729544,0.999966905446727
HALLMARK_OXIDATIVE_PHOSPHORYLATION,-2.66609247286888,7.521671362519859e-18,ENSG00000165060,FXN,-0.123133826191154,-0.893061160983412,0.999966905446727
HALLMARK_OXIDATIVE_PHOSPHORYLATION,-2.66609247286888,7.521671362519859e-18,ENSG00000136003,ISCU,-0.0546360855676133,-0.887861397611397,0.999966905446727
HALLMARK_OXIDATIVE_PHOSPHORYLATION,-2.66609247286888,7.521671362519859e-18,ENSG00000115286,NDUFS7,-0.0780115481266107,-0.871108053729258,0.999966905446727
HALLMARK_OXIDATIVE_PHOSPHORYLATION,-2.66609247286888,7.521671362519859e-18,ENSG00000073578,SDHA,-0.0434792731452447,-0.869947653886867,0.999966905446727
HALLMARK_OXIDATIVE_PHOSPHORYLATION,-2.66609247286888,7.521671362519859e-18,ENSG00000124588,NQO2,-0.11338055533129,-0.854203039934021,0.999966905446727
HALLMARK_OXIDATIVE_PHOSPHORYLATION,-2.66609247286888,7.521671362519859e-18,ENSG00000169020,ATP5ME,-0.0737013538815366,-0.848725148141802,0.999966905446727
HALLMARK_OXIDATIVE_PHOSPHORYLATION,-2.66609247286888,7.521671362519859e-18,ENSG00000148290,SURF1,-0.0640265975159154,-0.83974995620225,0.999966905446727
HALLMARK_OXIDATIVE_PHOSPHORYLATION,-2.66609247286888,7.521671362519859e-18,ENSG00000069535,MAOB,-0.0422892090261478,-0.839551082821504,0.999966905446727
HALLMARK_OXIDATIVE_PHOSPHORYLATION,-2.66609247286888,7.521671362519859e-18,ENSG00000100216,TOMM22,-0.0467601660014427,-0.831391471158121,0.999966905446727
HALLMARK_OXIDATIVE_PHOSPHORYLATION,-2.66609247286888,7.521671362519859e-18,ENSG00000165264,NDUFB6,-0.0626450126070969,-0.83041168644991,0.999966905446727
HALLMARK_OXIDATIVE_PHOSPHORYLATION,-2.66609247286888,7.521671362519859e-18,ENSG00000183648,NDUFB1,-0.0811510670488144,-0.82189848439864,0.999966905446727
HALLMARK_OXIDATIVE_PHOSPHORYLATION,-2.66609247286888,7.521671362519859e-18,ENSG00000099795,NDUFB7,-0.0697742900881369,-0.81863182194442,0.999966905446727
HALLMARK_OXIDATIVE_PHOSPHORYLATION,-2.66609247286888,7.521671362519859e-18,ENSG00000135390,ATP5MC2,-0.0518410378225838,-0.812664931407049,0.999966905446727
HALLMARK_OXIDATIVE_PHOSPHORYLATION,-2.66609247286888,7.521671362519859e-18,ENSG00000131828,PDHA1,-0.04113522570856,-0.801724448449572,0.999966905446727
HALLMARK_OXIDATIVE_PHOSPHORYLATION,-2.66609247286888,7.521671362519859e-18,ENSG00000182054,IDH2,-0.0340309676409379,-0.796080154061296,0.999966905446727
HALLMARK_OXIDATIVE_PHOSPHORYLATION,-2.66609247286888,7.521671362519859e-18,ENSG00000126267,COX6B1,-0.0369433039084313,-0.789504679671525,0.999966905446727
HALLMARK_OXIDATIVE_PHOSPHORYLATION,-2.66609247286888,7.521671362519859e-18,ENSG00000117410,ATP6V0B,-0.0392985696587937,-0.76463520283398,0.999966905446727
HALLMARK_OXIDATIVE_PHOSPHORYLATION,-2.66609247286888,7.521671362519859e-18,ENSG00000138029,HADHB,-0.0383662787145704,-0.744865799825357,0.999966905446727
HALLMARK_OXIDATIVE_PHOSPHORYLATION,-2.66609247286888,7.521671362519859e-18,ENSG00000116459,ATP5PB,-0.0405142452721189,-0.74190183400182,0.999966905446727
HALLMARK_OXIDATIVE_PHOSPHORYLATION,-2.66609247286888,7.521671362519859e-18,ENSG00000158864,NDUFS2,-0.0373327869560085,-0.704873261910615,0.999966905446727
HALLMARK_OXIDATIVE_PHOSPHORYLATION,-2.66609247286888,7.521671362519859e-18,ENSG00000139180,NDUFA9,-0.0367984890890211,-0.702776586842434,0.999966905446727
HALLMARK_OXIDATIVE_PHOSPHORYLATION,-2.66609247286888,7.521671362519859e-18,ENSG00000099800,TIMM13,-0.0528218476849423,-0.694459775766895,0.999966905446727
HALLMARK_OXIDATIVE_PHOSPHORYLATION,-2.66609247286888,7.521671362519859e-18,ENSG00000010256,UQCRC1,-0.0297384039970222,-0.69323461947817,0.999966905446727
HALLMARK_OXIDATIVE_PHOSPHORYLATION,-2.66609247286888,7.521671362519859e-18,ENSG00000119013,NDUFB3,-0.0459973067108999,-0.686159528147627,0.999966905446727
HALLMARK_OXIDATIVE_PHOSPHORYLATION,-2.66609247286888,7.521671362519859e-18,ENSG00000078668,VDAC3,-0.0293063381883324,-0.680929459989265,0.999966905446727
HALLMARK_OXIDATIVE_PHOSPHORYLATION,-2.66609247286888,7.521671362519859e-18,ENSG00000164258,NDUFS4,-0.0499052401443322,-0.677676553373644,0.999966905446727
HALLMARK_OXIDATIVE_PHOSPHORYLATION,-2.66609247286888,7.521671362519859e-18,ENSG00000104325,DECR1,-0.0517676649843834,-0.663101896403664,0.999966905446727
HALLMARK_OXIDATIVE_PHOSPHORYLATION,-2.66609247286888,7.521671362519859e-18,ENSG00000141385,AFG3L2,-0.040586486003566,-0.660087422999088,0.999966905446727
HALLMARK_OXIDATIVE_PHOSPHORYLATION,-2.66609247286888,7.521671362519859e-18,ENSG00000175110,MRPS22,-0.0355585850766141,-0.644170792984631,0.999966905446727
HALLMARK_OXIDATIVE_PHOSPHORYLATION,-2.66609247286888,7.521671362519859e-18,ENSG00000167863,ATP5PD,-0.0349029176114222,-0.636925967634138,0.999966905446727
HALLMARK_OXIDATIVE_PHOSPHORYLATION,-2.66609247286888,7.521671362519859e-18,ENSG00000148672,GLUD1,-0.0348966171760393,-0.634897230194535,0.999966905446727
HALLMARK_OXIDATIVE_PHOSPHORYLATION,-2.66609247286888,7.521671362519859e-18,ENSG00000168291,PDHB,-0.03857714056622,-0.623076423130635,0.999966905446727
HALLMARK_OXIDATIVE_PHOSPHORYLATION,-2.66609247286888,7.521671362519859e-18,ENSG00000110719,TCIRG1,-0.0846866109006511,-0.597418968340825,0.999966905446727
HALLMARK_OXIDATIVE_PHOSPHORYLATION,-2.66609247286888,7.521671362519859e-18,ENSG00000072506,HSD17B10,-0.0301563232296128,-0.582111757563376,0.999966905446727
HALLMARK_OXIDATIVE_PHOSPHORYLATION,-2.66609247286888,7.521671362519859e-18,ENSG00000060762,MPC1,-0.0510032265697299,-0.579764082989841,0.999966905446727
HALLMARK_OXIDATIVE_PHOSPHORYLATION,-2.66609247286888,7.521671362519859e-18,ENSG00000109519,GRPEL1,-0.0396560389835886,-0.574502959402081,0.999966905446727
HALLMARK_OXIDATIVE_PHOSPHORYLATION,-2.66609247286888,7.521671362519859e-18,ENSG00000116898,MRPS15,-0.0330567064932811,-0.573165589937797,0.999966905446727
HALLMARK_OXIDATIVE_PHOSPHORYLATION,-2.66609247286888,7.521671362519859e-18,ENSG00000136888,ATP6V1G1,-0.0398522966164527,-0.567034523609999,0.999966905446727
HALLMARK_OXIDATIVE_PHOSPHORYLATION,-2.66609247286888,7.521671362519859e-18,ENSG00000138095,LRPPRC,-0.0251266978613964,-0.564717437831923,0.999966905446727
HALLMARK_OXIDATIVE_PHOSPHORYLATION,-2.66609247286888,7.521671362519859e-18,ENSG00000167315,ACAA2,-0.0337193805992425,-0.563677763088673,0.999966905446727
HALLMARK_OXIDATIVE_PHOSPHORYLATION,-2.66609247286888,7.521671362519859e-18,ENSG00000127884,ECHS1,-0.0314024753604278,-0.548722415813445,0.999966905446727
HALLMARK_OXIDATIVE_PHOSPHORYLATION,-2.66609247286888,7.521671362519859e-18,ENSG00000134333,LDHA,-0.0166581381520136,-0.544793560505953,0.999966905446727
HALLMARK_OXIDATIVE_PHOSPHORYLATION,-2.66609247286888,7.521671362519859e-18,ENSG00000165672,PRDX3,-0.0241609706597511,-0.538113478012455,0.999966905446727
HALLMARK_OXIDATIVE_PHOSPHORYLATION,-2.66609247286888,7.521671362519859e-18,ENSG00000124172,ATP5F1E,-0.033437691491728,-0.524726862442696,0.999966905446727
HALLMARK_OXIDATIVE_PHOSPHORYLATION,-2.66609247286888,7.521671362519859e-18,ENSG00000152234,ATP5F1A,-0.0161842605196201,-0.520096364042247,0.999966905446727
HALLMARK_OXIDATIVE_PHOSPHORYLATION,-2.66609247286888,7.521671362519859e-18,ENSG00000100554,ATP6V1D,-0.0395005363448445,-0.518438358899365,0.999966905446727
HALLMARK_OXIDATIVE_PHOSPHORYLATION,-2.66609247286888,7.521671362519859e-18,ENSG00000196177,ACADSB,-0.0652608303647468,-0.515013182120645,0.999966905446727
HALLMARK_OXIDATIVE_PHOSPHORYLATION,-2.66609247286888,7.521671362519859e-18,ENSG00000105197,TIMM50,-0.0340907417344673,-0.508027463249943,0.999966905446727
HALLMARK_OXIDATIVE_PHOSPHORYLATION,-2.66609247286888,7.521671362519859e-18,ENSG00000169100,SLC25A6,-0.0228134889307981,-0.506408204078542,0.999966905446727
HALLMARK_OXIDATIVE_PHOSPHORYLATION,-2.66609247286888,7.521671362519859e-18,ENSG00000110955,ATP5F1B,-0.0151075870195164,-0.504587538730404,0.999966905446727
HALLMARK_OXIDATIVE_PHOSPHORYLATION,-2.66609247286888,7.521671362519859e-18,ENSG00000165637,VDAC2,-0.0198090543999658,-0.503592474074696,0.999966905446727
HALLMARK_OXIDATIVE_PHOSPHORYLATION,-2.66609247286888,7.521671362519859e-18,ENSG00000131100,ATP6V1E1,-0.0265175930671815,-0.502866827417081,0.999966905446727
HALLMARK_OXIDATIVE_PHOSPHORYLATION,-2.66609247286888,7.521671362519859e-18,ENSG00000215021,PHB2,-0.0201749177408138,-0.4991235977885,0.999966905446727
HALLMARK_OXIDATIVE_PHOSPHORYLATION,-2.66609247286888,7.521671362519859e-18,ENSG00000113013,HSPA9,-0.0138610384548109,-0.491705436774969,0.999966905446727
HALLMARK_MYC_TARGETS_V1,-2.52240603349245,8.87445880204824e-15,ENSG00000070756,PABPC1,-0.101834160691367,-3.17834187779324,0.361568452044469
HALLMARK_MYC_TARGETS_V1,-2.52240603349245,8.87445880204824e-15,ENSG00000164032,H2AZ1,-0.126460256178852,-3.06228678662716,0.44429573204385
HALLMARK_MYC_TARGETS_V1,-2.52240603349245,8.87445880204824e-15,ENSG00000115541,HSPE1,-0.128503156555739,-2.91154045980237,0.587083466398087
HALLMARK_MYC_TARGETS_V1,-2.52240603349245,8.87445880204824e-15,ENSG00000135486,HNRNPA1,-0.108742001895563,-2.86807658715764,0.64580353299251
HALLMARK_MYC_TARGETS_V1,-2.52240603349245,8.87445880204824e-15,ENSG00000106588,PSMA2,-0.113689488695836,-2.84583366741319,0.654724561115639
HALLMARK_MYC_TARGETS_V1,-2.52240603349245,8.87445880204824e-15,ENSG00000160201,U2AF1,-0.285941830125733,-2.59639587397167,0.903663157697491
HALLMARK_MYC_TARGETS_V1,-2.52240603349245,8.87445880204824e-15,ENSG00000100028,SNRPD3,-0.104529370431958,-2.5696808200011,0.93312908630485
HALLMARK_MYC_TARGETS_V1,-2.52240603349245,8.87445880204824e-15,ENSG00000105202,FBL,-0.080401457418499,-2.53668158194825,0.959042570368628
HALLMARK_MYC_TARGETS_V1,-2.52240603349245,8.87445880204824e-15,ENSG00000167085,PHB1,-0.0758388581441651,-2.49398091805029,0.999966905446727
HALLMARK_MYC_TARGETS_V1,-2.52240603349245,8.87445880204824e-15,ENSG00000170144,HNRNPA3,-0.0765248916368586,-2.41990272106808,0.999966905446727
HALLMARK_MYC_TARGETS_V1,-2.52240603349245,8.87445880204824e-15,ENSG00000100902,PSMA6,-0.0981837711606986,-2.38492272165644,0.999966905446727
HALLMARK_MYC_TARGETS_V1,-2.52240603349245,8.87445880204824e-15,ENSG00000092199,HNRNPC,-0.0831187571398052,-2.32131393260045,0.999966905446727
HALLMARK_MYC_TARGETS_V1,-2.52240603349245,8.87445880204824e-15,ENSG00000125743,SNRPD2,-0.081097592092539,-2.24498850274081,0.999966905446727
HALLMARK_MYC_TARGETS_V1,-2.52240603349245,8.87445880204824e-15,ENSG00000239672,NME1,-0.100662436873291,-2.21968995033051,0.999966905446727
HALLMARK_MYC_TARGETS_V1,-2.52240603349245,8.87445880204824e-15,ENSG00000122566,HNRNPA2B1,-0.0671404107357457,-2.21300628436548,0.999966905446727
HALLMARK_MYC_TARGETS_V1,-2.52240603349245,8.87445880204824e-15,ENSG00000277791,PSMB3,-0.190952532964035,-2.19524974628345,0.999966905446727
HALLMARK_MYC_TARGETS_V1,-2.52240603349245,8.87445880204824e-15,ENSG00000013275,PSMC4,-0.082985388163868,-2.04370095038147,0.999966905446727
HALLMARK_MYC_TARGETS_V1,-2.52240603349245,8.87445880204824e-15,ENSG00000101182,PSMA7,-0.0651936544698754,-2.02642702744013,0.999966905446727
HALLMARK_MYC_TARGETS_V1,-2.52240603349245,8.87445880204824e-15,ENSG00000134001,EIF2S1,-0.100553488629512,-1.99936391138297,0.999966905446727
HALLMARK_MYC_TARGETS_V1,-2.52240603349245,8.87445880204824e-15,ENSG00000099341,PSMD8,-0.0715970606327486,-1.87704970566094,0.999966905446727
HALLMARK_MYC_TARGETS_V1,-2.52240603349245,8.87445880204824e-15,ENSG00000121022,COPS5,-0.130527117553453,-1.8762369347933,0.999966905446727
HALLMARK_MYC_TARGETS_V1,-2.52240603349245,8.87445880204824e-15,ENSG00000102144,PGK1,-0.0594375589303884,-1.73864029807836,0.999966905446727
HALLMARK_MYC_TARGETS_V1,-2.52240603349245,8.87445880204824e-15,ENSG00000134308,YWHAQ,-0.0552351662214736,-1.69353747244438,0.999966905446727
HALLMARK_MYC_TARGETS_V1,-2.52240603349245,8.87445880204824e-15,ENSG00000084090,STARD7,-0.0788305599896623,-1.65063724196887,0.999966905446727
HALLMARK_MYC_TARGETS_V1,-2.52240603349245,8.87445880204824e-15,ENSG00000148229,POLE3,-0.0943397058878766,-1.6433627633687,0.999966905446727
HALLMARK_MYC_TARGETS_V1,-2.52240603349245,8.87445880204824e-15,ENSG00000100632,ERH,-0.0640230678360328,-1.56441469765804,0.999966905446727
HALLMARK_MYC_TARGETS_V1,-2.52240603349245,8.87445880204824e-15,ENSG00000143977,SNRPG,-0.0842995512783302,-1.55535370699112,0.999966905446727
HALLMARK_MYC_TARGETS_V1,-2.52240603349245,8.87445880204824e-15,ENSG00000063177,RPL18,-0.0676404826894363,-1.55442593869305,0.999966905446727
HALLMARK_MYC_TARGETS_V1,-2.52240603349245,8.87445880204824e-15,ENSG00000106682,EIF4H,-0.0584094709830721,-1.50856261340078,0.999966905446727
HALLMARK_MYC_TARGETS_V1,-2.52240603349245,8.87445880204824e-15,ENSG00000143321,HDGF,-0.0423048911314225,-1.3820264341959,0.999966905446727
HALLMARK_MYC_TARGETS_V1,-2.52240603349245,8.87445880204824e-15,ENSG00000075914,EXOSC7,-0.0973640104522599,-1.35106077923082,0.999966905446727
HALLMARK_MYC_TARGETS_V1,-2.52240603349245,8.87445880204824e-15,ENSG00000004779,NDUFAB1,-0.0702060157456551,-1.34034900086252,0.999966905446727
HALLMARK_MYC_TARGETS_V1,-2.52240603349245,8.87445880204824e-15,ENSG00000138668,HNRNPD,-0.0552404204729268,-1.31318202899361,0.999966905446727
HALLMARK_MYC_TARGETS_V1,-2.52240603349245,8.87445880204824e-15,ENSG00000145912,NHP2,-0.0586869178476794,-1.30806923033519,0.999966905446727
HALLMARK_MYC_TARGETS_V1,-2.52240603349245,8.87445880204824e-15,ENSG00000143727,ACP1,-0.0720130306386464,-1.30674121689333,0.999966905446727
HALLMARK_MYC_TARGETS_V1,-2.52240603349245,8.87445880204824e-15,ENSG00000125977,EIF2S2,-0.0485796162227573,-1.30327571409683,0.999966905446727
HALLMARK_MYC_TARGETS_V1,-2.52240603349245,8.87445880204824e-15,ENSG00000178741,COX5A,-0.062862462506852,-1.30217776219516,0.999966905446727
HALLMARK_MYC_TARGETS_V1,-2.52240603349245,8.87445880204824e-15,ENSG00000204628,RACK1,-0.0514502601354378,-1.29855481069119,0.999966905446727
HALLMARK_MYC_TARGETS_V1,-2.52240603349245,8.87445880204824e-15,ENSG00000099901,RANBP1,-0.0578683319646532,-1.28448124980037,0.999966905446727
HALLMARK_MYC_TARGETS_V1,-2.52240603349245,8.87445880204824e-15,ENSG00000120438,TCP1,-0.0404667072023693,-1.28086324050104,0.999966905446727
HALLMARK_MYC_TARGETS_V1,-2.52240603349245,8.87445880204824e-15,ENSG00000185651,UBE2L3,-0.0570863554146893,-1.26412968198144,0.999966905446727
HALLMARK_MYC_TARGETS_V1,-2.52240603349245,8.87445880204824e-15,ENSG00000165704,HPRT1,-0.0786519009929591,-1.23499681622011,0.999966905446727
HALLMARK_MYC_TARGETS_V1,-2.52240603349245,8.87445880204824e-15,ENSG00000089009,RPL6,-0.0363714461386055,-1.22978940274755,0.999966905446727
HALLMARK_MYC_TARGETS_V1,-2.52240603349245,8.87445880204824e-15,ENSG00000167088,SNRPD1,-0.0666037832168048,-1.18786753415633,0.999966905446727
HALLMARK_MYC_TARGETS_V1,-2.52240603349245,8.87445880204824e-15,ENSG00000182481,KPNA2,-0.0387469600582665,-1.16196101345874,0.999966905446727
HALLMARK_MYC_TARGETS_V1,-2.52240603349245,8.87445880204824e-15,ENSG00000115233,PSMD14,-0.0517975329891086,-1.15057956893632,0.999966905446727
HALLMARK_MYC_TARGETS_V1,-2.52240603349245,8.87445880204824e-15,ENSG00000143621,ILF2,-0.0372696474184106,-1.14695409100965,0.999966905446727
HALLMARK_MYC_TARGETS_V1,-2.52240603349245,8.87445880204824e-15,ENSG00000137154,RPS6,-0.0349495119862295,-1.13821057869612,0.999966905446727
HALLMARK_MYC_TARGETS_V1,-2.52240603349245,8.87445880204824e-15,ENSG00000125870,SNRPB2,-0.0964767872208706,-1.12916355216026,0.999966905446727
HALLMARK_MYC_TARGETS_V1,-2.52240603349245,8.87445880204824e-15,ENSG00000150753,CCT5,-0.0464804583836231,-1.12612911420523,0.999966905446727
HALLMARK_MYC_TARGETS_V1,-2.52240603349245,8.87445880204824e-15,ENSG00000106628,POLD2,-0.0477752052951239,-1.12043799636945,0.999966905446727
HALLMARK_MYC_TARGETS_V1,-2.52240603349245,8.87445880204824e-15,ENSG00000105618,PRPF31,-0.0530702073172532,-1.11861073903534,0.999966905446727
HALLMARK_MYC_TARGETS_V1,-2.52240603349245,8.87445880204824e-15,ENSG00000132646,PCNA,-0.0527052000700264,-1.11425882246533,0.999966905446727
HALLMARK_MYC_TARGETS_V1,-2.52240603349245,8.87445880204824e-15,ENSG00000196262,PPIA,-0.034551913072898,-1.10665021371282,0.999966905446727
HALLMARK_MYC_TARGETS_V1,-2.52240603349245,8.87445880204824e-15,ENSG00000136527,TRA2B,-0.0445167295472786,-1.09228795545944,0.999966905446727
HALLMARK_MYC_TARGETS_V1,-2.52240603349245,8.87445880204824e-15,ENSG00000108561,C1QBP,-0.0524727749194975,-1.08104688442521,0.999966905446727
HALLMARK_MYC_TARGETS_V1,-2.52240603349245,8.87445880204824e-15,ENSG00000123131,PRDX4,-0.0474790968433329,-1.06767810810254,0.999966905446727
HALLMARK_MYC_TARGETS_V1,-2.52240603349245,8.87445880204824e-15,ENSG00000109475,RPL34,-0.0520522929906401,-1.02207054409719,0.999966905446727
HALLMARK_MYC_TARGETS_V1,-2.52240603349245,8.87445880204824e-15,ENSG00000149273,RPS3,-0.0339039030561971,-1.02126059596392,0.999966905446727
HALLMARK_MYC_TARGETS_V1,-2.52240603349245,8.87445880204824e-15,ENSG00000141759,TXNL4A,-0.0637248146277318,-0.968575674160329,0.999966905446727
HALLMARK_MYC_TARGETS_V1,-2.52240603349245,8.87445880204824e-15,ENSG00000163938,GNL3,-0.0447306582334631,-0.966290346675968,0.999966905446727
HALLMARK_MYC_TARGETS_V1,-2.52240603349245,8.87445880204824e-15,ENSG00000126067,PSMB2,-0.0396556824005843,-0.929601380667347,0.999966905446727
HALLMARK_MYC_TARGETS_V1,-2.52240603349245,8.87445880204824e-15,ENSG00000124795,DEK,-0.045533663625531,-0.914182226352867,0.999966905446727
HALLMARK_MYC_TARGETS_V1,-2.52240603349245,8.87445880204824e-15,ENSG00000142864,SERBP1,-0.0327393411990632,-0.913211075584226,0.999966905446727
HALLMARK_MYC_TARGETS_V1,-2.52240603349245,8.87445880204824e-15,ENSG00000188846,RPL14,-0.0325646417736456,-0.900161539886361,0.999966905446727
HALLMARK_MYC_TARGETS_V1,-2.52240603349245,8.87445880204824e-15,ENSG00000115942,ORC2,-0.0584014032913688,-0.873441236321121,0.999966905446727
HALLMARK_MYC_TARGETS_V1,-2.52240603349245,8.87445880204824e-15,ENSG00000178035,IMPDH2,-0.0385819301025831,-0.840363498874731,0.999966905446727
HALLMARK_MYC_TARGETS_V1,-2.52240603349245,8.87445880204824e-15,ENSG00000116251,RPL22,-0.0317162388539597,-0.806407813725637,0.999966905446727
HALLMARK_MYC_TARGETS_V1,-2.52240603349245,8.87445880204824e-15,ENSG00000136045,PWP1,-0.0375892577514866,-0.762936359473649,0.999966905446727
HALLMARK_MYC_TARGETS_V1,-2.52240603349245,8.87445880204824e-15,ENSG00000173692,PSMD1,-0.029106082221298,-0.754860803060608,0.999966905446727
HALLMARK_MYC_TARGETS_V1,-2.52240603349245,8.87445880204824e-15,ENSG00000136450,SRSF1,-0.0294309121536017,-0.740926092959686,0.999966905446727
HALLMARK_MYC_TARGETS_V1,-2.52240603349245,8.87445880204824e-15,ENSG00000132341,RAN,-0.0280473730736582,-0.728733247593444,0.999966905446727
HALLMARK_MYC_TARGETS_V1,-2.52240603349245,8.87445880204824e-15,ENSG00000169714,CNBP,-0.0235411120868236,-0.704025059380459,0.999966905446727
HALLMARK_MYC_TARGETS_V1,-2.52240603349245,8.87445880204824e-15,ENSG00000111906,HDDC2,-0.0787588755822536,-0.691133070385127,0.999966905446727
HALLMARK_MYC_TARGETS_V1,-2.52240603349245,8.87445880204824e-15,ENSG00000181163,NPM1,-0.0228237857648659,-0.683824315163881,0.999966905446727
HALLMARK_MYC_TARGETS_V1,-2.52240603349245,8.87445880204824e-15,ENSG00000048162,NOP16,-0.0441584820820275,-0.682781537064228,0.999966905446727
HALLMARK_MYC_TARGETS_V1,-2.52240603349245,8.87445880204824e-15,ENSG00000078668,VDAC3,-0.0293063381883324,-0.680929459989265,0.999966905446727
HALLMARK_MYC_TARGETS_V1,-2.52240603349245,8.87445880204824e-15,ENSG00000131876,SNRPA1,-0.0358081880891559,-0.675019305722513,0.999966905446727
HALLMARK_MYC_TARGETS_V1,-2.52240603349245,8.87445880204824e-15,ENSG00000041357,PSMA4,-0.0257729391746231,-0.661893707564878,0.999966905446727
HALLMARK_MYC_TARGETS_V1,-2.52240603349245,8.87445880204824e-15,ENSG00000166508,MCM7,-0.02693992605025,-0.659161184060676,0.999966905446727
HALLMARK_MYC_TARGETS_V1,-2.52240603349245,8.87445880204824e-15,ENSG00000171793,CTPS1,-0.0395416145790377,-0.655856049710206,0.999966905446727
HALLMARK_MYC_TARGETS_V1,-2.52240603349245,8.87445880204824e-15,ENSG00000100823,APEX1,-0.0275757891826289,-0.655027228425081,0.999966905446727
HALLMARK_MYC_TARGETS_V1,-2.52240603349245,8.87445880204824e-15,ENSG00000124614,RPS10,-0.0200687080499845,-0.646746669838775,0.999966905446727
HALLMARK_MYC_TARGETS_V1,-2.52240603349245,8.87445880204824e-15,ENSG00000136997,MYC,-0.0294088134981511,-0.625148499567119,0.999966905446727
HALLMARK_MYC_TARGETS_V1,-2.52240603349245,8.87445880204824e-15,ENSG00000110321,EIF4G2,-0.0221360803658119,-0.622812079833311,0.999966905446727
HALLMARK_MYC_TARGETS_V1,-2.52240603349245,8.87445880204824e-15,ENSG00000204568,MRPS18B,-0.0432976268007855,-0.620546622301543,0.999966905446727
HALLMARK_MYC_TARGETS_V1,-2.52240603349245,8.87445880204824e-15,ENSG00000138385,SSB,-0.0248155692842617,-0.617875654438027,0.999966905446727
HALLMARK_MYC_TARGETS_V1,-2.52240603349245,8.87445880204824e-15,ENSG00000088205,DDX18,-0.0301940353037283,-0.61765310532667,0.999966905446727
HALLMARK_EPITHELIAL_MESENCHYMAL_TRANSITION,-1.75005955885504,0.0011845741300351,ENSG00000166794,PPIB,-0.100175355718925,-2.58256013893123,0.921711930863445
HALLMARK_EPITHELIAL_MESENCHYMAL_TRANSITION,-1.75005955885504,0.0011845741300351,ENSG00000116260,QSOX1,-0.0760640658728152,-2.4751548624799,0.999966905446727
HALLMARK_EPITHELIAL_MESENCHYMAL_TRANSITION,-1.75005955885504,0.0011845741300351,ENSG00000118785,SPP1,-0.0905734642767586,-2.43304319300571,0.999966905446727
HALLMARK_EPITHELIAL_MESENCHYMAL_TRANSITION,-1.75005955885504,0.0011845741300351,ENSG00000101335,MYL9,-0.299753417359394,-2.39941139695497,0.999966905446727
HALLMARK_EPITHELIAL_MESENCHYMAL_TRANSITION,-1.75005955885504,0.0011845741300351,ENSG00000154175,ABI3BP,-0.918408260477865,-2.38235460922452,0.999966905446727
HALLMARK_EPITHELIAL_MESENCHYMAL_TRANSITION,-1.75005955885504,0.0011845741300351,ENSG00000105825,TFPI2,-0.116884351299453,-2.37294546112978,0.999966905446727
HALLMARK_EPITHELIAL_MESENCHYMAL_TRANSITION,-1.75005955885504,0.0011845741300351,ENSG00000042493,CAPG,-0.0985761708539321,-2.30496993788768,0.999966905446727
HALLMARK_EPITHELIAL_MESENCHYMAL_TRANSITION,-1.75005955885504,0.0011845741300351,ENSG00000085063,CD59,-0.0958380385292495,-2.20429181396183,0.999966905446727
HALLMARK_EPITHELIAL_MESENCHYMAL_TRANSITION,-1.75005955885504,0.0011845741300351,ENSG00000038427,VCAN,-0.212254465591437,-1.97673341266532,0.999966905446727
HALLMARK_EPITHELIAL_MESENCHYMAL_TRANSITION,-1.75005955885504,0.0011845741300351,ENSG00000146674,IGFBP3,-0.0729756055818491,-1.95128182054001,0.999966905446727
HALLMARK_EPITHELIAL_MESENCHYMAL_TRANSITION,-1.75005955885504,0.0011845741300351,ENSG00000122786,CALD1,-0.171005011727717,-1.92422478137544,0.999966905446727
HALLMARK_EPITHELIAL_MESENCHYMAL_TRANSITION,-1.75005955885504,0.0011845741300351,ENSG00000006327,TNFRSF12A,-0.074508091737447,-1.78705994450894,0.999966905446727
HALLMARK_EPITHELIAL_MESENCHYMAL_TRANSITION,-1.75005955885504,0.0011845741300351,ENSG00000122218,COPA,-0.0838913575396662,-1.76162778311084,0.999966905446727
HALLMARK_EPITHELIAL_MESENCHYMAL_TRANSITION,-1.75005955885504,0.0011845741300351,ENSG00000058085,LAMC2,-0.0567336693751357,-1.72460159200286,0.999966905446727
HALLMARK_EPITHELIAL_MESENCHYMAL_TRANSITION,-1.75005955885504,0.0011845741300351,ENSG00000102265,TIMP1,-0.109636288299448,-1.70094616647985,0.999966905446727
HALLMARK_EPITHELIAL_MESENCHYMAL_TRANSITION,-1.75005955885504,0.0011845741300351,ENSG00000139278,GLIPR1,-0.128314709130085,-1.68084507181709,0.999966905446727
HALLMARK_EPITHELIAL_MESENCHYMAL_TRANSITION,-1.75005955885504,0.0011845741300351,ENSG00000196611,MMP1,-0.201960429177342,-1.63809138240604,0.999966905446727
HALLMARK_EPITHELIAL_MESENCHYMAL_TRANSITION,-1.75005955885504,0.0011845741300351,ENSG00000082781,ITGB5,-0.0791939652073124,-1.53008485205873,0.999966905446727
HALLMARK_EPITHELIAL_MESENCHYMAL_TRANSITION,-1.75005955885504,0.0011845741300351,ENSG00000163069,SGCB,-0.207760623406254,-1.4759817386311,0.999966905446727
HALLMARK_EPITHELIAL_MESENCHYMAL_TRANSITION,-1.75005955885504,0.0011845741300351,ENSG00000105290,APLP1,-0.32409646511794,-1.46834583396191,0.999966905446727
HALLMARK_EPITHELIAL_MESENCHYMAL_TRANSITION,-1.75005955885504,0.0011845741300351,ENSG00000070087,PFN2,-0.0469691408755628,-1.37380552284769,0.999966905446727
HALLMARK_EPITHELIAL_MESENCHYMAL_TRANSITION,-1.75005955885504,0.0011845741300351,ENSG00000112186,CAP2,-0.161710484348191,-1.2711633371815,0.999966905446727
HALLMARK_EPITHELIAL_MESENCHYMAL_TRANSITION,-1.75005955885504,0.0011845741300351,ENSG00000179163,FUCA1,-0.119378093949737,-1.26312631490852,0.999966905446727
HALLMARK_EPITHELIAL_MESENCHYMAL_TRANSITION,-1.75005955885504,0.0011845741300351,ENSG00000123384,LRP1,-0.180934312918916,-1.24289494824115,0.999966905446727
HALLMARK_EPITHELIAL_MESENCHYMAL_TRANSITION,-1.75005955885504,0.0011845741300351,ENSG00000115738,ID2,-0.0870360001566484,-1.19019072537651,0.999966905446727
HALLMARK_EPITHELIAL_MESENCHYMAL_TRANSITION,-1.75005955885504,0.0011845741300351,ENSG00000198467,TPM2,-0.0627232440609297,-1.15863294855422,0.999966905446727
HALLMARK_EPITHELIAL_MESENCHYMAL_TRANSITION,-1.75005955885504,0.0011845741300351,ENSG00000166741,NNMT,-0.0814473224554506,-1.1523598643381,0.999966905446727
HALLMARK_EPITHELIAL_MESENCHYMAL_TRANSITION,-1.75005955885504,0.0011845741300351,ENSG00000157227,MMP14,-0.227515900629185,-1.10340960544293,0.999966905446727
HALLMARK_EPITHELIAL_MESENCHYMAL_TRANSITION,-1.75005955885504,0.0011845741300351,ENSG00000111674,ENO2,-0.173575224129123,-1.10147984690901,0.999966905446727
HALLMARK_EPITHELIAL_MESENCHYMAL_TRANSITION,-1.75005955885504,0.0011845741300351,ENSG00000063660,GPC1,-0.0476330848277054,-1.07115441327127,0.999966905446727
HALLMARK_EPITHELIAL_MESENCHYMAL_TRANSITION,-1.75005955885504,0.0011845741300351,ENSG00000026025,VIM,-0.0499044604810717,-1.04786044945673,0.999966905446727
HALLMARK_EPITHELIAL_MESENCHYMAL_TRANSITION,-1.75005955885504,0.0011845741300351,ENSG00000109321,AREG,-0.0459196897527832,-1.01860000607432,0.999966905446727
HALLMARK_EPITHELIAL_MESENCHYMAL_TRANSITION,-1.75005955885504,0.0011845741300351,ENSG00000196924,FLNA,-0.0715780487016649,-0.994201519558978,0.999966905446727
HALLMARK_EPITHELIAL_MESENCHYMAL_TRANSITION,-1.75005955885504,0.0011845741300351,ENSG00000100097,LGALS1,-0.0794917936919238,-0.987539158509392,0.999966905446727
HALLMARK_EPITHELIAL_MESENCHYMAL_TRANSITION,-1.75005955885504,0.0011845741300351,ENSG00000106366,SERPINE1,-0.36969578893931,-0.951567661414855,0.999966905446727
HALLMARK_EPITHELIAL_MESENCHYMAL_TRANSITION,-1.75005955885504,0.0011845741300351,ENSG00000128595,CALU,-0.0467319752004098,-0.912936954927989,0.999966905446727
HALLMARK_EPITHELIAL_MESENCHYMAL_TRANSITION,-1.75005955885504,0.0011845741300351,ENSG00000142227,EMP3,-0.121116109524214,-0.88977445299892,0.999966905446727
HALLMARK_EPITHELIAL_MESENCHYMAL_TRANSITION,-1.75005955885504,0.0011845741300351,ENSG00000122641,INHBA,-0.0633666319191448,-0.844640541773204,0.999966905446727
HALLMARK_EPITHELIAL_MESENCHYMAL_TRANSITION,-1.75005955885504,0.0011845741300351,ENSG00000107796,ACTA2,-0.488795850019182,-0.808249990670883,0.999966905446727
HALLMARK_EPITHELIAL_MESENCHYMAL_TRANSITION,-1.75005955885504,0.0011845741300351,ENSG00000115935,WIPF1,-0.448562261347251,-0.806596213473691,0.999966905446727
HALLMARK_EPITHELIAL_MESENCHYMAL_TRANSITION,-1.75005955885504,0.0011845741300351,ENSG00000026103,FAS,-0.150711586932187,-0.788510969621496,0.999966905446727
HALLMARK_EPITHELIAL_MESENCHYMAL_TRANSITION,-1.75005955885504,0.0011845741300351,ENSG00000151914,DST,-0.0399366501161549,-0.772185124108839,0.999966905446727
HALLMARK_EPITHELIAL_MESENCHYMAL_TRANSITION,-1.75005955885504,0.0011845741300351,ENSG00000116717,GADD45A,-0.0866952130654524,-0.769257587389235,0.999966905446727
HALLMARK_EPITHELIAL_MESENCHYMAL_TRANSITION,-1.75005955885504,0.0011845741300351,ENSG00000131435,PDLIM4,-0.0809381015159958,-0.766306140570502,0.999966905446727
HALLMARK_EPITHELIAL_MESENCHYMAL_TRANSITION,-1.75005955885504,0.0011845741300351,ENSG00000077942,FBLN1,-0.0732247680578665,-0.755061465963058,0.999966905446727
HALLMARK_EPITHELIAL_MESENCHYMAL_TRANSITION,-1.75005955885504,0.0011845741300351,ENSG00000141753,IGFBP4,-0.0466415463299272,-0.710047385474485,0.999966905446727
HALLMARK_EPITHELIAL_MESENCHYMAL_TRANSITION,-1.75005955885504,0.0011845741300351,ENSG00000140416,TPM1,-0.0217125544225495,-0.691447468598907,0.999966905446727
HALLMARK_EPITHELIAL_MESENCHYMAL_TRANSITION,-1.75005955885504,0.0011845741300351,ENSG00000109099,PMP22,-0.255680778034405,-0.69070541199591,0.999966905446727
HALLMARK_EPITHELIAL_MESENCHYMAL_TRANSITION,-1.75005955885504,0.0011845741300351,ENSG00000204262,COL5A2,-0.423951770889143,-0.675784202765019,0.999966905446727
HALLMARK_EPITHELIAL_MESENCHYMAL_TRANSITION,-1.75005955885504,0.0011845741300351,ENSG00000105329,TGFB1,-0.0470388085206744,-0.661228071035998,0.999966905446727
HALLMARK_EPITHELIAL_MESENCHYMAL_TRANSITION,-1.75005955885504,0.0011845741300351,ENSG00000166508,MCM7,-0.02693992605025,-0.659161184060676,0.999966905446727
HALLMARK_EPITHELIAL_MESENCHYMAL_TRANSITION,-1.75005955885504,0.0011845741300351,ENSG00000106397,PLOD3,-0.0415996616804025,-0.645220485763207,0.999966905446727
HALLMARK_EPITHELIAL_MESENCHYMAL_TRANSITION,-1.75005955885504,0.0011845741300351,ENSG00000008517,IL32,-0.0591321881552919,-0.644886957402202,0.999966905446727
HALLMARK_ADIPOGENESIS,-1.64641042748573,0.0033595203422576,ENSG00000176340,COX8A,-0.187460277009648,-3.80015029270738,0.0815459676508299
HALLMARK_ADIPOGENESIS,-1.64641042748573,0.0033595203422576,ENSG00000165678,GHITM,-0.0976100236411437,-2.52232029281482,0.972871025803732
HALLMARK_ADIPOGENESIS,-1.64641042748573,0.0033595203422576,ENSG00000151552,QDPR,-0.177049219340563,-2.16039607533576,0.999966905446727
HALLMARK_ADIPOGENESIS,-1.64641042748573,0.0033595203422576,ENSG00000241399,CD302,-0.329625146865548,-2.12086002499334,0.999966905446727
HALLMARK_ADIPOGENESIS,-1.64641042748573,0.0033595203422576,ENSG00000136560,TANK,-0.176011885565254,-2.06995865950695,0.999966905446727
HALLMARK_ADIPOGENESIS,-1.64641042748573,0.0033595203422576,ENSG00000109919,MTCH2,-0.125788711543434,-2.04487061419334,0.999966905446727
HALLMARK_ADIPOGENESIS,-1.64641042748573,0.0033595203422576,ENSG00000184076,UQCR10,-0.156363000698982,-2.03848332454642,0.999966905446727
HALLMARK_ADIPOGENESIS,-1.64641042748573,0.0033595203422576,ENSG00000105379,ETFB,-0.104843859373095,-1.87285513296459,0.999966905446727
HALLMARK_ADIPOGENESIS,-1.64641042748573,0.0033595203422576,ENSG00000104823,ECH1,-0.0979907684546046,-1.8471157342939,0.999966905446727
HALLMARK_ADIPOGENESIS,-1.64641042748573,0.0033595203422576,ENSG00000141232,TOB1,-0.090910518457488,-1.81906015213147,0.999966905446727
HALLMARK_ADIPOGENESIS,-1.64641042748573,0.0033595203422576,ENSG00000127540,UQCR11,-0.171601407564522,-1.79077754421469,0.999966905446727
HALLMARK_ADIPOGENESIS,-1.64641042748573,0.0033595203422576,ENSG00000241837,ATP5PO,-0.0979874052607852,-1.78117354471276,0.999966905446727
HALLMARK_ADIPOGENESIS,-1.64641042748573,0.0033595203422576,ENSG00000115159,GPD2,-0.114660692263686,-1.74880782505502,0.999966905446727
HALLMARK_ADIPOGENESIS,-1.64641042748573,0.0033595203422576,ENSG00000164405,UQCRQ,-0.0797914046670461,-1.73755384826684,0.999966905446727
HALLMARK_ADIPOGENESIS,-1.64641042748573,0.0033595203422576,ENSG00000135018,UBQLN1,-0.0671417899990184,-1.6117556954241,0.999966905446727
HALLMARK_ADIPOGENESIS,-1.64641042748573,0.0033595203422576,ENSG00000128609,NDUFA5,-0.125181980864446,-1.51472776308567,0.999966905446727
HALLMARK_ADIPOGENESIS,-1.64641042748573,0.0033595203422576,ENSG00000143198,MGST3,-0.106263939913625,-1.49900467950357,0.999966905446727
HALLMARK_ADIPOGENESIS,-1.64641042748573,0.0033595203422576,ENSG00000100612,DHRS7,-0.1132566615464,-1.42592980842716,0.999966905446727
HALLMARK_ADIPOGENESIS,-1.64641042748573,0.0033595203422576,ENSG00000084234,APLP2,-0.0599635907274332,-1.41684085686532,0.999966905446727
HALLMARK_ADIPOGENESIS,-1.64641042748573,0.0033595203422576,ENSG00000099968,BCL2L13,-0.122722407806054,-1.40410011663895,0.999966905446727
HALLMARK_ADIPOGENESIS,-1.64641042748573,0.0033595203422576,ENSG00000198130,HIBCH,-0.128344799179792,-1.37194592630274,0.999966905446727
HALLMARK_ADIPOGENESIS,-1.64641042748573,0.0033595203422576,ENSG00000069849,ATP1B3,-0.0605727676535523,-1.34855331919864,0.999966905446727
HALLMARK_ADIPOGENESIS,-1.64641042748573,0.0033595203422576,ENSG00000004779,NDUFAB1,-0.0702060157456551,-1.34034900086252,0.999966905446727
HALLMARK_ADIPOGENESIS,-1.64641042748573,0.0033595203422576,ENSG00000111775,COX6A1,-0.0631108296432529,-1.33546440482907,0.999966905446727
HALLMARK_ADIPOGENESIS,-1.64641042748573,0.0033595203422576,ENSG00000116171,SCP2,-0.076842032934331,-1.29451987036228,0.999966905446727
HALLMARK_ADIPOGENESIS,-1.64641042748573,0.0033595203422576,ENSG00000133318,RTN3,-0.0486229868320151,-1.28256486646288,0.999966905446727
HALLMARK_ADIPOGENESIS,-1.64641042748573,0.0033595203422576,ENSG00000004455,AK2,-0.0465624621353638,-1.25675194841214,0.999966905446727
HALLMARK_ADIPOGENESIS,-1.64641042748573,0.0033595203422576,ENSG00000163541,SUCLG1,-0.0713198924347372,-1.25312016660956,0.999966905446727
HALLMARK_ADIPOGENESIS,-1.64641042748573,0.0033595203422576,ENSG00000137824,RMDN3,-0.119441732433668,-1.24753156700926,0.999966905446727
HALLMARK_ADIPOGENESIS,-1.64641042748573,0.0033595203422576,ENSG00000213619,NDUFS3,-0.0829860748575626,-1.2248698694325,0.999966905446727
HALLMARK_ADIPOGENESIS,-1.64641042748573,0.0033595203422576,ENSG00000129625,REEP5,-0.0487760562143855,-1.22045957446491,0.999966905446727
HALLMARK_ADIPOGENESIS,-1.64641042748573,0.0033595203422576,ENSG00000099977,DDT,-0.0839403622586479,-1.21484994218768,0.999966905446727
HALLMARK_ADIPOGENESIS,-1.64641042748573,0.0033595203422576,ENSG00000101782,RIOK3,-0.0671453679009785,-1.2001901413124,0.999966905446727
HALLMARK_ADIPOGENESIS,-1.64641042748573,0.0033595203422576,ENSG00000128590,DNAJB9,-0.193237357257559,-1.15998852923781,0.999966905446727
HALLMARK_ADIPOGENESIS,-1.64641042748573,0.0033595203422576,ENSG00000109016,DHRS7B,-0.144677447421869,-1.09707482730214,0.999966905446727
HALLMARK_ADIPOGENESIS,-1.64641042748573,0.0033595203422576,ENSG00000167468,GPX4,-0.0470647534054423,-1.07168557033599,0.999966905446727
HALLMARK_ADIPOGENESIS,-1.64641042748573,0.0033595203422576,ENSG00000173559,NABP1,-0.111447649293012,-1.05751662283525,0.999966905446727
HALLMARK_ADIPOGENESIS,-1.64641042748573,0.0033595203422576,ENSG00000123091,RNF11,-0.0790424304962804,-1.05740794639593,0.999966905446727
HALLMARK_ADIPOGENESIS,-1.64641042748573,0.0033595203422576,ENSG00000162368,CMPK1,-0.042721809470755,-1.03615427002962,0.999966905446727
HALLMARK_ADIPOGENESIS,-1.64641042748573,0.0033595203422576,ENSG00000091140,DLD,-0.0695152781536513,-1.00558749881297,0.999966905446727
HALLMARK_ADIPOGENESIS,-1.64641042748573,0.0033595203422576,ENSG00000067829,IDH3G,-0.072568160000144,-0.982293274831135,0.999966905446727
HALLMARK_ADIPOGENESIS,-1.64641042748573,0.0033595203422576,ENSG00000156709,AIFM1,-0.0503388734776513,-0.98046944973891,0.999966905446727
HALLMARK_ADIPOGENESIS,-1.64641042748573,0.0033595203422576,ENSG00000142168,SOD1,-0.0488573439716592,-0.961657092908035,0.999966905446727
HALLMARK_ADIPOGENESIS,-1.64641042748573,0.0033595203422576,ENSG00000173511,VEGFB,-0.0660869384747781,-0.931021707138152,0.999966905446727
HALLMARK_ADIPOGENESIS,-1.64641042748573,0.0033595203422576,ENSG00000177156,TALDO1,-0.044163916298558,-0.930941391051709,0.999966905446727
HALLMARK_ADIPOGENESIS,-1.64641042748573,0.0033595203422576,ENSG00000114480,GBE1,-0.0907720350184985,-0.894311012947451,0.999966905446727
HALLMARK_ADIPOGENESIS,-1.64641042748573,0.0033595203422576,ENSG00000138757,G3BP2,-0.0521499153290845,-0.889217534392828,0.999966905446727
HALLMARK_ADIPOGENESIS,-1.64641042748573,0.0033595203422576,ENSG00000165029,ABCA1,-0.438654218832811,-0.854970497524383,0.999966905446727
HALLMARK_ADIPOGENESIS,-1.64641042748573,0.0033595203422576,ENSG00000115459,ELMOD3,-0.14078410883571,-0.850228210480489,0.999966905446727
HALLMARK_ADIPOGENESIS,-1.64641042748573,0.0033595203422576,ENSG00000078061,ARAF,-0.0622186729811944,-0.848732838831989,0.999966905446727
HALLMARK_ADIPOGENESIS,-1.64641042748573,0.0033595203422576,ENSG00000137767,SQOR,-0.0410561011516912,-0.843831942530597,0.999966905446727
HALLMARK_ADIPOGENESIS,-1.64641042748573,0.0033595203422576,ENSG00000117791,MTARC2,-0.128148112498421,-0.838017494617598,0.999966905446727
HALLMARK_ADIPOGENESIS,-1.64641042748573,0.0033595203422576,ENSG00000099795,NDUFB7,-0.0697742900881369,-0.81863182194442,0.999966905446727
HALLMARK_ADIPOGENESIS,-1.64641042748573,0.0033595203422576,ENSG00000150991,UBC,-0.0372236310608082,-0.801517768135911,0.999966905446727
HALLMARK_E2F_TARGETS,-1.60398791871871,0.0033595203422576,ENSG00000139618,BRCA2,-0.482441246507008,-4.80916922540593,0.0025639626014217
HALLMARK_E2F_TARGETS,-1.60398791871871,0.0033595203422576,ENSG00000164032,H2AZ1,-0.126460256178852,-3.06228678662716,0.44429573204385
HALLMARK_E2F_TARGETS,-1.60398791871871,0.0033595203422576,ENSG00000146263,MMS22L,-0.276074116308528,-2.42342307234405,0.999966905446727
HALLMARK_E2F_TARGETS,-1.60398791871871,0.0033595203422576,ENSG00000239672,NME1,-0.100662436873291,-2.21968995033051,0.999966905446727
HALLMARK_E2F_TARGETS,-1.60398791871871,0.0033595203422576,ENSG00000089685,BIRC5,-0.112367441605254,-2.17204850604578,0.999966905446727
HALLMARK_E2F_TARGETS,-1.60398791871871,0.0033595203422576,ENSG00000077152,UBE2T,-0.126249565059067,-2.02428138973749,0.999966905446727
HALLMARK_E2F_TARGETS,-1.60398791871871,0.0033595203422576,ENSG00000134001,EIF2S1,-0.100553488629512,-1.99936391138297,0.999966905446727
HALLMARK_E2F_TARGETS,-1.60398791871871,0.0033595203422576,ENSG00000147224,PRPS1,-0.130379688569676,-1.96240156774367,0.999966905446727
HALLMARK_E2F_TARGETS,-1.60398791871871,0.0033595203422576,ENSG00000135476,ESPL1,-0.119995700684143,-1.91533816812256,0.999966905446727
HALLMARK_E2F_TARGETS,-1.60398791871871,0.0033595203422576,ENSG00000117632,STMN1,-0.0833785068833806,-1.8688117224029,0.999966905446727
HALLMARK_E2F_TARGETS,-1.60398791871871,0.0033595203422576,ENSG00000167900,TK1,-0.0848404265462087,-1.81790757803566,0.999966905446727
HALLMARK_E2F_TARGETS,-1.60398791871871,0.0033595203422576,ENSG00000253729,PRKDC,-0.0804419915708195,-1.78071832228578,0.999966905446727
HALLMARK_E2F_TARGETS,-1.60398791871871,0.0033595203422576,ENSG00000173207,CKS1B,-0.0801473059744225,-1.75409912000511,0.999966905446727
HALLMARK_E2F_TARGETS,-1.60398791871871,0.0033595203422576,ENSG00000132383,RPA1,-0.0809560939570162,-1.73343956416673,0.999966905446727
HALLMARK_E2F_TARGETS,-1.60398791871871,0.0033595203422576,ENSG00000087586,AURKA,-0.0755502900934699,-1.63471391553992,0.999966905446727
HALLMARK_E2F_TARGETS,-1.60398791871871,0.0033595203422576,ENSG00000113368,LMNB1,-0.0663214450507216,-1.59926277500296,0.999966905446727
HALLMARK_E2F_TARGETS,-1.60398791871871,0.0033595203422576,ENSG00000049541,RFC2,-0.119120247141655,-1.58130612627021,0.999966905446727
HALLMARK_E2F_TARGETS,-1.60398791871871,0.0033595203422576,ENSG00000094916,CBX5,-0.115371739705836,-1.52193734021859,0.999966905446727
HALLMARK_E2F_TARGETS,-1.60398791871871,0.0033595203422576,ENSG00000104889,RNASEH2A,-0.103328983774279,-1.4321438026243,0.999966905446727
HALLMARK_E2F_TARGETS,-1.60398791871871,0.0033595203422576,ENSG00000147889,CDKN2A,-0.0698772885694083,-1.39256497320159,0.999966905446727
HALLMARK_E2F_TARGETS,-1.60398791871871,0.0033595203422576,ENSG00000108384,RAD51C,-0.150216883365843,-1.31846096684398,0.999966905446727
HALLMARK_E2F_TARGETS,-1.60398791871871,0.0033595203422576,ENSG00000138668,HNRNPD,-0.0552404204729268,-1.31318202899361,0.999966905446727
HALLMARK_E2F_TARGETS,-1.60398791871871,0.0033595203422576,ENSG00000111247,RAD51AP1,-0.0931699616509666,-1.31286490688077,0.999966905446727
HALLMARK_E2F_TARGETS,-1.60398791871871,0.0033595203422576,ENSG00000099901,RANBP1,-0.0578683319646532,-1.28448124980037,0.999966905446727
HALLMARK_E2F_TARGETS,-1.60398791871871,0.0033595203422576,ENSG00000004455,AK2,-0.0465624621353638,-1.25675194841214,0.999966905446727
HALLMARK_E2F_TARGETS,-1.60398791871871,0.0033595203422576,ENSG00000141510,TP53,-0.0724836899645875,-1.25222527042422,0.999966905446727
HALLMARK_E2F_TARGETS,-1.60398791871871,0.0033595203422576,ENSG00000147536,GINS4,-0.0931465097197326,-1.24747109767113,0.999966905446727
HALLMARK_E2F_TARGETS,-1.60398791871871,0.0033595203422576,ENSG00000131470,PSMC3IP,-0.100773231491934,-1.21585753186244,0.999966905446727
HALLMARK_E2F_TARGETS,-1.60398791871871,0.0033595203422576,ENSG00000112118,MCM3,-0.0544144614526308,-1.1951597979014,0.999966905446727
HALLMARK_E2F_TARGETS,-1.60398791871871,0.0033595203422576,ENSG00000137309,HMGA1,-0.0409812796140317,-1.17708337874156,0.999966905446727
HALLMARK_E2F_TARGETS,-1.60398791871871,0.0033595203422576,ENSG00000182481,KPNA2,-0.0387469600582665,-1.16196101345874,0.999966905446727
HALLMARK_E2F_TARGETS,-1.60398791871871,0.0033595203422576,ENSG00000106628,POLD2,-0.0477752052951239,-1.12043799636945,0.999966905446727
HALLMARK_E2F_TARGETS,-1.60398791871871,0.0033595203422576,ENSG00000106399,RPA3,-0.0711787329842849,-1.11618367324744,0.999966905446727
HALLMARK_E2F_TARGETS,-1.60398791871871,0.0033595203422576,ENSG00000132646,PCNA,-0.0527052000700264,-1.11425882246533,0.999966905446727
HALLMARK_E2F_TARGETS,-1.60398791871871,0.0033595203422576,ENSG00000148773,MKI67,-0.0674110852778683,-1.09823807075601,0.999966905446727
HALLMARK_E2F_TARGETS,-1.60398791871871,0.0033595203422576,ENSG00000136527,TRA2B,-0.0445167295472786,-1.09228795545944,0.999966905446727
HALLMARK_E2F_TARGETS,-1.60398791871871,0.0033595203422576,ENSG00000076382,SPAG5,-0.0591921245215127,-1.0867048895621,0.999966905446727
HALLMARK_E2F_TARGETS,-1.60398791871871,0.0033595203422576,ENSG00000124207,CSE1L,-0.0384698184605885,-1.07006334629589,0.999966905446727
HALLMARK_E2F_TARGETS,-1.60398791871871,0.0033595203422576,ENSG00000123131,PRDX4,-0.0474790968433329,-1.06767810810254,0.999966905446727
HALLMARK_E2F_TARGETS,-1.60398791871871,0.0033595203422576,ENSG00000164985,PSIP1,-0.077125786001641,-1.04964748375842,0.999966905446727
HALLMARK_E2F_TARGETS,-1.60398791871871,0.0033595203422576,ENSG00000136273,HUS1,-0.122935722070834,-1.04061537522126,0.999966905446727
HALLMARK_E2F_TARGETS,-1.60398791871871,0.0033595203422576,ENSG00000164104,HMGB2,-0.0426900853914347,-1.00168405710092,0.999966905446727
HALLMARK_E2F_TARGETS,-1.60398791871871,0.0033595203422576,ENSG00000189159,JPT1,-0.0463918859735458,-0.985985136902196,0.999966905446727
HALLMARK_E2F_TARGETS,-1.60398791871871,0.0033595203422576,ENSG00000102054,RBBP7,-0.0349984799560559,-0.955896524652515,0.999966905446727
HALLMARK_E2F_TARGETS,-1.60398791871871,0.0033595203422576,ENSG00000124795,DEK,-0.045533663625531,-0.914182226352867,0.999966905446727
HALLMARK_E2F_TARGETS,-1.60398791871871,0.0033595203422576,ENSG00000115942,ORC2,-0.0584014032913688,-0.873441236321121,0.999966905446727
HALLMARK_E2F_TARGETS,-1.60398791871871,0.0033595203422576,ENSG00000111665,CDCA3,-0.0602368783061329,-0.859515472737558,0.999966905446727
HALLMARK_E2F_TARGETS,-1.60398791871871,0.0033595203422576,ENSG00000118007,STAG1,-0.058558109126471,-0.821658578392226,0.999966905446727
HALLMARK_E2F_TARGETS,-1.60398791871871,0.0033595203422576,ENSG00000143401,ANP32E,-0.0341222506433666,-0.821254785507008,0.999966905446727
HALLMARK_E2F_TARGETS,-1.60398791871871,0.0033595203422576,ENSG00000172336,POP7,-0.0758255086772348,-0.819662309131194,0.999966905446727
HALLMARK_E2F_TARGETS,-1.60398791871871,0.0033595203422576,ENSG00000101945,SUV39H1,-0.0537426296766425,-0.819380745274681,0.999966905446727
HALLMARK_E2F_TARGETS,-1.60398791871871,0.0033595203422576,ENSG00000100526,CDKN3,-0.0582130166489525,-0.803608591133688,0.999966905446727
HALLMARK_E2F_TARGETS,-1.60398791871871,0.0033595203422576,ENSG00000179958,DCTPP1,-0.040284216460429,-0.796059218460394,0.999966905446727
HALLMARK_E2F_TARGETS,-1.60398791871871,0.0033595203422576,ENSG00000125835,SNRPB,-0.03474353242995,-0.794133789746722,0.999966905446727
HALLMARK_E2F_TARGETS,-1.60398791871871,0.0033595203422576,ENSG00000105011,ASF1B,-0.0462237575489506,-0.78510153108473,0.999966905446727
HALLMARK_E2F_TARGETS,-1.60398791871871,0.0033595203422576,ENSG00000164611,PTTG1,-0.0397843991887437,-0.761001480989223,0.999966905446727
HALLMARK_E2F_TARGETS,-1.60398791871871,0.0033595203422576,ENSG00000149136,SSRP1,-0.0280953963207105,-0.756445542676964,0.999966905446727
HALLMARK_E2F_TARGETS,-1.60398791871871,0.0033595203422576,ENSG00000136450,SRSF1,-0.0294309121536017,-0.740926092959686,0.999966905446727
HALLMARK_E2F_TARGETS,-1.60398791871871,0.0033595203422576,ENSG00000165304,MELK,-0.0556704564447723,-0.738882196691165,0.999966905446727
HALLMARK_E2F_TARGETS,-1.60398791871871,0.0033595203422576,ENSG00000132341,RAN,-0.0280473730736582,-0.728733247593444,0.999966905446727
HALLMARK_E2F_TARGETS,-1.60398791871871,0.0033595203422576,ENSG00000075131,TIPIN,-0.069699979269859,-0.724105047646077,0.999966905446727
HALLMARK_PROTEIN_SECRETION,-1.76627975867756,0.0039894125382185,ENSG00000135404,CD63,-0.0977634744236848,-2.85067260304081,0.654724561115639
HALLMARK_PROTEIN_SECRETION,-1.76627975867756,0.0039894125382185,ENSG00000105669,COPE,-0.12341860407211,-2.34602952782713,0.999966905446727
HALLMARK_PROTEIN_SECRETION,-1.76627975867756,0.0039894125382185,ENSG00000242247,ARFGAP3,-0.176119100957396,-2.0314201070431,0.999966905446727
HALLMARK_PROTEIN_SECRETION,-1.76627975867756,0.0039894125382185,ENSG00000086598,TMED2,-0.0804652472096698,-1.9326317692056,0.999966905446727
HALLMARK_PROTEIN_SECRETION,-1.76627975867756,0.0039894125382185,ENSG00000161203,AP2M1,-0.0599626286665956,-1.76123032345961,0.999966905446727
HALLMARK_PROTEIN_SECRETION,-1.76627975867756,0.0039894125382185,ENSG00000143761,ARF1,-0.0468201545889194,-1.675361292962,0.999966905446727
HALLMARK_PROTEIN_SECRETION,-1.76627975867756,0.0039894125382185,ENSG00000164144,ARFIP1,-0.113816597560098,-1.65694579874498,0.999966905446727
HALLMARK_PROTEIN_SECRETION,-1.76627975867756,0.0039894125382185,ENSG00000042753,AP2S1,-0.0750521708160262,-1.59391604535651,0.999966905446727
HALLMARK_PROTEIN_SECRETION,-1.76627975867756,0.0039894125382185,ENSG00000102393,GLA,-0.0868239161215882,-1.49271632531638,0.999966905446727
HALLMARK_PROTEIN_SECRETION,-1.76627975867756,0.0039894125382185,ENSG00000205302,SNX2,-0.0820223877386079,-1.44564514840093,0.999966905446727
HALLMARK_PROTEIN_SECRETION,-1.76627975867756,0.0039894125382185,ENSG00000265808,SEC22B,-0.0942286509438139,-1.43010007196987,0.999966905446727
HALLMARK_PROTEIN_SECRETION,-1.76627975867756,0.0039894125382185,ENSG00000144566,RAB5A,-0.0744867289561713,-1.38006348399731,0.999966905446727
HALLMARK_PROTEIN_SECRETION,-1.76627975867756,0.0039894125382185,ENSG00000087460,GNAS,-0.0446317235531636,-1.24914393394216,0.999966905446727
HALLMARK_PROTEIN_SECRETION,-1.76627975867756,0.0039894125382185,ENSG00000076554,TPD52,-0.08975591332962,-1.24471428376987,0.999966905446727
HALLMARK_PROTEIN_SECRETION,-1.76627975867756,0.0039894125382185,ENSG00000136631,VPS45,-0.0882192422441472,-1.14981154200667,0.999966905446727
HALLMARK_PROTEIN_SECRETION,-1.76627975867756,0.0039894125382185,ENSG00000105402,NAPA,-0.0780534148390575,-1.06554731752652,0.999966905446727
HALLMARK_PROTEIN_SECRETION,-1.76627975867756,0.0039894125382185,ENSG00000116521,SCAMP3,-0.112322580418996,-1.0539761618544,0.999966905446727
HALLMARK_PROTEIN_SECRETION,-1.76627975867756,0.0039894125382185,ENSG00000138674,SEC31A,-0.0568438771422704,-0.969881776620873,0.999966905446727
HALLMARK_PROTEIN_SECRETION,-1.76627975867756,0.0039894125382185,ENSG00000142168,SOD1,-0.0488573439716592,-0.961657092908035,0.999966905446727
HALLMARK_PROTEIN_SECRETION,-1.76627975867756,0.0039894125382185,ENSG00000003056,M6PR,-0.0378210788178396,-0.961366117294814,0.999966905446727
HALLMARK_PROTEIN_SECRETION,-1.76627975867756,0.0039894125382185,ENSG00000131238,PPT1,-0.0829361071624575,-0.952979115337515,0.999966905446727
HALLMARK_PROTEIN_SECRETION,-1.76627975867756,0.0039894125382185,ENSG00000125991,ERGIC3,-0.0425585830525697,-0.919750648300739,0.999966905446727
HALLMARK_PROTEIN_SECRETION,-1.76627975867756,0.0039894125382185,ENSG00000150961,SEC24D,-0.0838480269672016,-0.881376493576172,0.999966905446727
HALLMARK_PROTEIN_SECRETION,-1.76627975867756,0.0039894125382185,ENSG00000165029,ABCA1,-0.438654218832811,-0.854970497524383,0.999966905446727
HALLMARK_PROTEIN_SECRETION,-1.76627975867756,0.0039894125382185,ENSG00000143401,ANP32E,-0.0341222506433666,-0.821254785507008,0.999966905446727
HALLMARK_PROTEIN_SECRETION,-1.76627975867756,0.0039894125382185,ENSG00000157916,RER1,-0.0551851855728202,-0.781584160216351,0.999966905446727
HALLMARK_PROTEIN_SECRETION,-1.76627975867756,0.0039894125382185,ENSG00000151914,DST,-0.0399366501161549,-0.772185124108839,0.999966905446727
HALLMARK_PROTEIN_SECRETION,-1.76627975867756,0.0039894125382185,ENSG00000165240,ATP7A,-0.0830600005734354,-0.755059170506249,0.999966905446727
HALLMARK_PROTEIN_SECRETION,-1.76627975867756,0.0039894125382185,ENSG00000132842,AP3B1,-0.037252045378944,-0.734511195894114,0.999966905446727
HALLMARK_PROTEIN_SECRETION,-1.76627975867756,0.0039894125382185,ENSG00000107295,SH3GL2,-0.284194244807711,-0.724257288101297,0.999966905446727
HALLMARK_GLYCOLYSIS,-1.55345797156837,0.0058100905142788,ENSG00000198380,GFPT1,-0.122074027333067,-2.7923555458804,0.721282432716041
HALLMARK_GLYCOLYSIS,-1.55345797156837,0.0058100905142788,ENSG00000115657,ABCB6,-0.356544652411884,-2.69970965346411,0.797200524664788
HALLMARK_GLYCOLYSIS,-1.55345797156837,0.0058100905142788,ENSG00000116260,QSOX1,-0.0760640658728152,-2.4751548624799,0.999966905446727
HALLMARK_GLYCOLYSIS,-1.55345797156837,0.0058100905142788,ENSG00000057294,PKP2,-0.102933797209696,-2.06792331393881,0.999966905446727
HALLMARK_GLYCOLYSIS,-1.55345797156837,0.0058100905142788,ENSG00000013275,PSMC4,-0.082985388163868,-2.04370095038147,0.999966905446727
HALLMARK_GLYCOLYSIS,-1.55345797156837,0.0058100905142788,ENSG00000136810,TXN,-0.083328189533878,-2.02842227356796,0.999966905446727
HALLMARK_GLYCOLYSIS,-1.55345797156837,0.0058100905142788,ENSG00000038427,VCAN,-0.212254465591437,-1.97673341266532,0.999966905446727
HALLMARK_GLYCOLYSIS,-1.55345797156837,0.0058100905142788,ENSG00000147224,PRPS1,-0.130379688569676,-1.96240156774367,0.999966905446727
HALLMARK_GLYCOLYSIS,-1.55345797156837,0.0058100905142788,ENSG00000146674,IGFBP3,-0.0729756055818491,-1.95128182054001,0.999966905446727
HALLMARK_GLYCOLYSIS,-1.55345797156837,0.0058100905142788,ENSG00000117632,STMN1,-0.0833785068833806,-1.8688117224029,0.999966905446727
HALLMARK_GLYCOLYSIS,-1.55345797156837,0.0058100905142788,ENSG00000102144,PGK1,-0.0594375589303884,-1.73864029807836,0.999966905446727
HALLMARK_GLYCOLYSIS,-1.55345797156837,0.0058100905142788,ENSG00000141526,SLC16A3,-0.164635070212329,-1.68518576262877,0.999966905446727
HALLMARK_GLYCOLYSIS,-1.55345797156837,0.0058100905142788,ENSG00000087586,AURKA,-0.0755502900934699,-1.63471391553992,0.999966905446727
HALLMARK_GLYCOLYSIS,-1.55345797156837,0.0058100905142788,ENSG00000109956,B3GAT1,-0.957180647398483,-1.58907658790027,0.999966905446727
HALLMARK_GLYCOLYSIS,-1.55345797156837,0.0058100905142788,ENSG00000173221,GLRX,-0.222231095536317,-1.57241012649412,0.999966905446727
HALLMARK_GLYCOLYSIS,-1.55345797156837,0.0058100905142788,ENSG00000111669,TPI1,-0.0543577584152666,-1.52932730254174,0.999966905446727
HALLMARK_GLYCOLYSIS,-1.55345797156837,0.0058100905142788,ENSG00000240972,MIF,-0.0740685367807107,-1.48154458377852,0.999966905446727
HALLMARK_GLYCOLYSIS,-1.55345797156837,0.0058100905142788,ENSG00000114023,FAM162A,-0.130166191056765,-1.4356316871799,0.999966905446727
HALLMARK_GLYCOLYSIS,-1.55345797156837,0.0058100905142788,ENSG00000104695,PPP2CB,-0.0664501893506625,-1.41359114993365,0.999966905446727
HALLMARK_GLYCOLYSIS,-1.55345797156837,0.0058100905142788,ENSG00000014641,MDH1,-0.0575961342243374,-1.39488116722862,0.999966905446727
HALLMARK_GLYCOLYSIS,-1.55345797156837,0.0058100905142788,ENSG00000169764,UGP2,-0.0762575186029597,-1.36372914255575,0.999966905446727
HALLMARK_GLYCOLYSIS,-1.55345797156837,0.0058100905142788,ENSG00000159167,STC1,-0.123623334853373,-1.35913148591798,0.999966905446727
HALLMARK_GLYCOLYSIS,-1.55345797156837,0.0058100905142788,ENSG00000214274,ANG,-0.463108136475014,-1.35846487525759,0.999966905446727
HALLMARK_GLYCOLYSIS,-1.55345797156837,0.0058100905142788,ENSG00000179913,B3GNT3,-0.0675510716321603,-1.23964949252335,0.999966905446727
HALLMARK_GLYCOLYSIS,-1.55345797156837,0.0058100905142788,ENSG00000136872,ALDOB,-0.495164351354482,-1.18239785895442,0.999966905446727
HALLMARK_GLYCOLYSIS,-1.55345797156837,0.0058100905142788,ENSG00000113739,STC2,-0.0646524822361211,-1.1595025471138,0.999966905446727
HALLMARK_GLYCOLYSIS,-1.55345797156837,0.0058100905142788,ENSG00000121578,B4GALT4,-0.0690845903588364,-1.12140195916949,0.999966905446727
HALLMARK_GLYCOLYSIS,-1.55345797156837,0.0058100905142788,ENSG00000196262,PPIA,-0.034551913072898,-1.10665021371282,0.999966905446727
HALLMARK_GLYCOLYSIS,-1.55345797156837,0.0058100905142788,ENSG00000115163,CENPA,-0.0969515408728548,-1.10489693002082,0.999966905446727
HALLMARK_GLYCOLYSIS,-1.55345797156837,0.0058100905142788,ENSG00000111674,ENO2,-0.173575224129123,-1.10147984690901,0.999966905446727
HALLMARK_GLYCOLYSIS,-1.55345797156837,0.0058100905142788,ENSG00000143590,EFNA3,-0.382492924134347,-1.07315292242441,0.999966905446727
HALLMARK_GLYCOLYSIS,-1.55345797156837,0.0058100905142788,ENSG00000063660,GPC1,-0.0476330848277054,-1.07115441327127,0.999966905446727
HALLMARK_GLYCOLYSIS,-1.55345797156837,0.0058100905142788,ENSG00000072682,P4HA2,-0.0697459309725686,-1.06902119083464,0.999966905446727
HALLMARK_GLYCOLYSIS,-1.55345797156837,0.0058100905142788,ENSG00000091140,DLD,-0.0695152781536513,-1.00558749881297,0.999966905446727
HALLMARK_GLYCOLYSIS,-1.55345797156837,0.0058100905142788,ENSG00000138271,GPR87,-0.205173444834573,-0.982040669924441,0.999966905446727
HALLMARK_GLYCOLYSIS,-1.55345797156837,0.0058100905142788,ENSG00000067992,PDK3,-0.0693390004826936,-0.970356809419234,0.999966905446727
HALLMARK_GLYCOLYSIS,-1.55345797156837,0.0058100905142788,ENSG00000142168,SOD1,-0.0488573439716592,-0.961657092908035,0.999966905446727
HALLMARK_GLYCOLYSIS,-1.55345797156837,0.0058100905142788,ENSG00000177156,TALDO1,-0.044163916298558,-0.930941391051709,0.999966905446727
HALLMARK_GLYCOLYSIS,-1.55345797156837,0.0058100905142788,ENSG00000166347,CYB5A,-0.0597457753733866,-0.911061520138909,0.999966905446727
HALLMARK_GLYCOLYSIS,-1.55345797156837,0.0058100905142788,ENSG00000127415,IDUA,-0.306587431300174,-0.907299786648975,0.999966905446727
HALLMARK_GLYCOLYSIS,-1.55345797156837,0.0058100905142788,ENSG00000161980,POLR3K,-0.0699059074811087,-0.877728575311329,0.999966905446727
HALLMARK_GLYCOLYSIS,-1.55345797156837,0.0058100905142788,ENSG00000033100,CHPF2,-0.0497846596730421,-0.8718993237417,0.999966905446727
HALLMARK_GLYCOLYSIS,-1.55345797156837,0.0058100905142788,ENSG00000197930,ERO1A,-0.0444310478789019,-0.868648239899481,0.999966905446727
HALLMARK_FATTY_ACID_METABOLISM,-1.61981352696433,0.0075899318482645,ENSG00000164032,H2AZ1,-0.126460256178852,-3.06228678662716,0.44429573204385
HALLMARK_FATTY_ACID_METABOLISM,-1.61981352696433,0.0075899318482645,ENSG00000197747,S100A10,-0.0800506454023629,-2.14178946322512,0.999966905446727
HALLMARK_FATTY_ACID_METABOLISM,-1.61981352696433,0.0075899318482645,ENSG00000139112,GABARAPL1,-0.175637301108795,-1.99029038469023,0.999966905446727
HALLMARK_FATTY_ACID_METABOLISM,-1.61981352696433,0.0075899318482645,ENSG00000104823,ECH1,-0.0979907684546046,-1.8471157342939,0.999966905446727
HALLMARK_FATTY_ACID_METABOLISM,-1.61981352696433,0.0075899318482645,ENSG00000115159,GPD2,-0.114660692263686,-1.74880782505502,0.999966905446727
HALLMARK_FATTY_ACID_METABOLISM,-1.61981352696433,0.0075899318482645,ENSG00000080824,HSP90AA1,-0.0448394965499789,-1.73256051680646,0.999966905446727
HALLMARK_FATTY_ACID_METABOLISM,-1.61981352696433,0.0075899318482645,ENSG00000089248,ERP29,-0.0726767666196067,-1.61212205617081,0.999966905446727
HALLMARK_FATTY_ACID_METABOLISM,-1.61981352696433,0.0075899318482645,ENSG00000240972,MIF,-0.0740685367807107,-1.48154458377852,0.999966905446727
HALLMARK_FATTY_ACID_METABOLISM,-1.61981352696433,0.0075899318482645,ENSG00000092010,PSME1,-0.0701589258685163,-1.47830380185388,0.999966905446727
HALLMARK_FATTY_ACID_METABOLISM,-1.61981352696433,0.0075899318482645,ENSG00000014641,MDH1,-0.0575961342243374,-1.39488116722862,0.999966905446727
HALLMARK_FATTY_ACID_METABOLISM,-1.61981352696433,0.0075899318482645,ENSG00000198130,HIBCH,-0.128344799179792,-1.37194592630274,0.999966905446727
HALLMARK_FATTY_ACID_METABOLISM,-1.61981352696433,0.0075899318482645,ENSG00000126088,UROD,-0.135042234017392,-1.37138160746035,0.999966905446727
HALLMARK_FATTY_ACID_METABOLISM,-1.61981352696433,0.0075899318482645,ENSG00000101365,IDH3B,-0.0748834699316389,-1.33180884966732,0.999966905446727
HALLMARK_FATTY_ACID_METABOLISM,-1.61981352696433,0.0075899318482645,ENSG00000109814,UGDH,-0.0601688628073248,-1.32250053467069,0.999966905446727
HALLMARK_FATTY_ACID_METABOLISM,-1.61981352696433,0.0075899318482645,ENSG00000123689,G0S2,-0.308311011369889,-1.30633480485212,0.999966905446727
HALLMARK_FATTY_ACID_METABOLISM,-1.61981352696433,0.0075899318482645,ENSG00000083123,BCKDHB,-0.14065284105032,-1.29939324736634,0.999966905446727
HALLMARK_FATTY_ACID_METABOLISM,-1.61981352696433,0.0075899318482645,ENSG00000106605,BLVRA,-0.110645259105275,-1.28865310086681,0.999966905446727
HALLMARK_FATTY_ACID_METABOLISM,-1.61981352696433,0.0075899318482645,ENSG00000072042,RDH11,-0.0661907282954867,-1.26073873293196,0.999966905446727
HALLMARK_FATTY_ACID_METABOLISM,-1.61981352696433,0.0075899318482645,ENSG00000163541,SUCLG1,-0.0713198924347372,-1.25312016660956,0.999966905446727
HALLMARK_FATTY_ACID_METABOLISM,-1.61981352696433,0.0075899318482645,ENSG00000204370,SDHD,-0.0778607345140699,-1.24201110631914,0.999966905446727
HALLMARK_FATTY_ACID_METABOLISM,-1.61981352696433,0.0075899318482645,ENSG00000065057,NTHL1,-0.124357964902373,-1.22435469152611,0.999966905446727
HALLMARK_FATTY_ACID_METABOLISM,-1.61981352696433,0.0075899318482645,ENSG00000133835,HSD17B4,-0.0796271139239667,-1.17048935423783,0.999966905446727
HALLMARK_FATTY_ACID_METABOLISM,-1.61981352696433,0.0075899318482645,ENSG00000239900,ADSL,-0.0536051477043593,-1.12126053285474,0.999966905446727
HALLMARK_FATTY_ACID_METABOLISM,-1.61981352696433,0.0075899318482645,ENSG00000140465,CYP1A1,-0.113044959580314,-1.10704511079329,0.999966905446727
HALLMARK_FATTY_ACID_METABOLISM,-1.61981352696433,0.0075899318482645,ENSG00000111674,ENO2,-0.173575224129123,-1.10147984690901,0.999966905446727
HALLMARK_FATTY_ACID_METABOLISM,-1.61981352696433,0.0075899318482645,ENSG00000101473,ACOT8,-0.103028162232185,-1.01545195746941,0.999966905446727
HALLMARK_FATTY_ACID_METABOLISM,-1.61981352696433,0.0075899318482645,ENSG00000091140,DLD,-0.0695152781536513,-1.00558749881297,0.999966905446727
HALLMARK_FATTY_ACID_METABOLISM,-1.61981352696433,0.0075899318482645,ENSG00000100097,LGALS1,-0.0794917936919238,-0.987539158509392,0.999966905446727
HALLMARK_FATTY_ACID_METABOLISM,-1.61981352696433,0.0075899318482645,ENSG00000067829,IDH3G,-0.072568160000144,-0.982293274831135,0.999966905446727
HALLMARK_FATTY_ACID_METABOLISM,-1.61981352696433,0.0075899318482645,ENSG00000004961,HCCS,-0.0585420341410977,-0.935091188058386,0.999966905446727
HALLMARK_FATTY_ACID_METABOLISM,-1.61981352696433,0.0075899318482645,ENSG00000116791,CRYZ,-0.0424901662926188,-0.908558438553002,0.999966905446727
HALLMARK_FATTY_ACID_METABOLISM,-1.61981352696433,0.0075899318482645,ENSG00000198721,ECI2,-0.0951344024280766,-0.902531333885955,0.999966905446727
HALLMARK_FATTY_ACID_METABOLISM,-1.61981352696433,0.0075899318482645,ENSG00000166228,PCBD1,-0.0446902451200175,-0.894135754144944,0.999966905446727
HALLMARK_FATTY_ACID_METABOLISM,-1.61981352696433,0.0075899318482645,ENSG00000073578,SDHA,-0.0434792731452447,-0.869947653886867,0.999966905446727
HALLMARK_FATTY_ACID_METABOLISM,-1.61981352696433,0.0075899318482645,ENSG00000198189,HSD17B11,-0.0577073025761872,-0.8426565402033,0.999966905446727
HALLMARK_FATTY_ACID_METABOLISM,-1.61981352696433,0.0075899318482645,ENSG00000170835,CEL,-0.346548035931289,-0.816865797780776,0.999966905446727
HALLMARK_FATTY_ACID_METABOLISM,-1.61981352696433,0.0075899318482645,ENSG00000131828,PDHA1,-0.04113522570856,-0.801724448449572,0.999966905446727
HALLMARK_FATTY_ACID_METABOLISM,-1.61981352696433,0.0075899318482645,ENSG00000159231,CBR3,-0.173952408156885,-0.797814452862523,0.999966905446727
HALLMARK_FATTY_ACID_METABOLISM,-1.61981352696433,0.0075899318482645,ENSG00000104267,CA2,-0.0849051204256218,-0.774257440115276,0.999966905446727
HALLMARK_FATTY_ACID_METABOLISM,-1.61981352696433,0.0075899318482645,ENSG00000156587,UBE2L6,-0.0808376239508344,-0.747143480750868,0.999966905446727
HALLMARK_FATTY_ACID_METABOLISM,-1.61981352696433,0.0075899318482645,ENSG00000138029,HADHB,-0.0383662787145704,-0.744865799825357,0.999966905446727
HALLMARK_FATTY_ACID_METABOLISM,-1.61981352696433,0.0075899318482645,ENSG00000100577,GSTZ1,-0.12890394969821,-0.733760207781506,0.999966905446727
HALLMARK_FATTY_ACID_METABOLISM,-1.61981352696433,0.0075899318482645,ENSG00000150787,PTS,-0.073429238153203,-0.70262255582626,0.999966905446727
HALLMARK_FATTY_ACID_METABOLISM,-1.61981352696433,0.0075899318482645,ENSG00000111897,SERINC1,-0.0294152139299284,-0.700426089904893,0.999966905446727
HALLMARK_FATTY_ACID_METABOLISM,-1.61981352696433,0.0075899318482645,ENSG00000104325,DECR1,-0.0517676649843834,-0.663101896403664,0.999966905446727
HALLMARK_FATTY_ACID_METABOLISM,-1.61981352696433,0.0075899318482645,ENSG00000137274,BPHL,-0.103472778944436,-0.660928802199233,0.999966905446727
HALLMARK_FATTY_ACID_METABOLISM,-1.61981352696433,0.0075899318482645,ENSG00000100823,APEX1,-0.0275757891826289,-0.655027228425081,0.999966905446727
HALLMARK_FATTY_ACID_METABOLISM,-1.61981352696433,0.0075899318482645,ENSG00000168291,PDHB,-0.03857714056622,-0.623076423130635,0.999966905446727
HALLMARK_FATTY_ACID_METABOLISM,-1.61981352696433,0.0075899318482645,ENSG00000149925,ALDOA,-0.03003837829389,-0.599565948649991,0.999966905446727
HALLMARK_FATTY_ACID_METABOLISM,-1.61981352696433,0.0075899318482645,ENSG00000072506,HSD17B10,-0.0301563232296128,-0.582111757563376,0.999966905446727
HALLMARK_FATTY_ACID_METABOLISM,-1.61981352696433,0.0075899318482645,ENSG00000167315,ACAA2,-0.0337193805992425,-0.563677763088673,0.999966905446727
HALLMARK_FATTY_ACID_METABOLISM,-1.61981352696433,0.0075899318482645,ENSG00000074416,MGLL,-0.0468114569260205,-0.552084638658164,0.999966905446727
HALLMARK_FATTY_ACID_METABOLISM,-1.61981352696433,0.0075899318482645,ENSG00000127884,ECHS1,-0.0314024753604278,-0.548722415813445,0.999966905446727
HALLMARK_FATTY_ACID_METABOLISM,-1.61981352696433,0.0075899318482645,ENSG00000134333,LDHA,-0.0166581381520136,-0.544793560505953,0.999966905446727
HALLMARK_FATTY_ACID_METABOLISM,-1.61981352696433,0.0075899318482645,ENSG00000135821,GLUL,-0.026596090848596,-0.54201237418238,0.999966905446727
HALLMARK_TNFA_SIGNALING_VIA_NFKB,1.54120283601205,0.0086550495666822,ENSG00000163660,CCNL1,0.300317681317636,4.35467060857995,0.015499803035386
HALLMARK_TNFA_SIGNALING_VIA_NFKB,1.54120283601205,0.0086550495666822,ENSG00000125347,IRF1,0.414935316323901,2.78768011086325,0.726393218342838
HALLMARK_TNFA_SIGNALING_VIA_NFKB,1.54120283601205,0.0086550495666822,ENSG00000041982,TNC,1.08145058082223,2.28279097504201,0.999966905446727
HALLMARK_TNFA_SIGNALING_VIA_NFKB,1.54120283601205,0.0086550495666822,ENSG00000125740,FOSB,0.388727728564752,1.98869624834836,0.999966905446727
HALLMARK_TNFA_SIGNALING_VIA_NFKB,1.54120283601205,0.0086550495666822,ENSG00000120738,EGR1,0.187110220257615,1.89908833053342,0.999966905446727
HALLMARK_TNFA_SIGNALING_VIA_NFKB,1.54120283601205,0.0086550495666822,ENSG00000119922,IFIT2,0.226868909260576,1.88603631813842,0.999966905446727
HALLMARK_TNFA_SIGNALING_VIA_NFKB,1.54120283601205,0.0086550495666822,ENSG00000112715,VEGFA,0.0790311642462956,1.85524741897794,0.999966905446727
HALLMARK_TNFA_SIGNALING_VIA_NFKB,1.54120283601205,0.0086550495666822,ENSG00000162924,REL,0.245031601146907,1.60069250256394,0.999966905446727
HALLMARK_TNFA_SIGNALING_VIA_NFKB,1.54120283601205,0.0086550495666822,ENSG00000126561,STAT5A,0.421331823155843,1.52973803712985,0.999966905446727
HALLMARK_TNFA_SIGNALING_VIA_NFKB,1.54120283601205,0.0086550495666822,ENSG00000113916,BCL6,0.220379077225193,1.52187892872564,0.999966905446727
HALLMARK_TNFA_SIGNALING_VIA_NFKB,1.54120283601205,0.0086550495666822,ENSG00000172216,CEBPB,0.0854554385112345,1.45577936987929,0.999966905446727
HALLMARK_TNFA_SIGNALING_VIA_NFKB,1.54120283601205,0.0086550495666822,ENSG00000100906,NFKBIA,0.111950480399756,1.44238736943441,0.999966905446727
HALLMARK_TNFA_SIGNALING_VIA_NFKB,1.54120283601205,0.0086550495666822,ENSG00000179094,PER1,0.251131379419693,1.42422809359637,0.999966905446727
HALLMARK_TNFA_SIGNALING_VIA_NFKB,1.54120283601205,0.0086550495666822,ENSG00000137462,TLR2,0.18857791178235,1.38535079838831,0.999966905446727
HALLMARK_TNFA_SIGNALING_VIA_NFKB,1.54120283601205,0.0086550495666822,ENSG00000081041,CXCL2,0.126358683933005,1.29262835091859,0.999966905446727
HALLMARK_TNFA_SIGNALING_VIA_NFKB,1.54120283601205,0.0086550495666822,ENSG00000162616,DNAJB4,0.14514239499088,1.27725824047244,0.999966905446727
HALLMARK_TNFA_SIGNALING_VIA_NFKB,1.54120283601205,0.0086550495666822,ENSG00000130164,LDLR,0.0721110161255413,1.27690435849491,0.999966905446727
HALLMARK_TNFA_SIGNALING_VIA_NFKB,1.54120283601205,0.0086550495666822,ENSG00000090339,ICAM1,0.0870307293724988,1.26323443049495,0.999966905446727
HALLMARK_TNFA_SIGNALING_VIA_NFKB,1.54120283601205,0.0086550495666822,ENSG00000163659,TIPARP,0.0661427510719561,1.25927068241961,0.999966905446727
HALLMARK_TNFA_SIGNALING_VIA_NFKB,1.54120283601205,0.0086550495666822,ENSG00000143878,RHOB,0.0487187762388763,1.25413116446267,0.999966905446727
HALLMARK_TNFA_SIGNALING_VIA_NFKB,1.54120283601205,0.0086550495666822,ENSG00000118515,SGK1,0.227654697220164,1.18469944660372,0.999966905446727
HALLMARK_TNFA_SIGNALING_VIA_NFKB,1.54120283601205,0.0086550495666822,ENSG00000117525,F3,0.0479001735641192,1.15452665317257,0.999966905446727
HALLMARK_TNFA_SIGNALING_VIA_NFKB,1.54120283601205,0.0086550495666822,ENSG00000171522,PTGER4,0.117020633062835,1.14259693379911,0.999966905446727
HALLMARK_TNFA_SIGNALING_VIA_NFKB,1.54120283601205,0.0086550495666822,ENSG00000162783,IER5,0.0973596543637265,1.1305161239174,0.999966905446727
HALLMARK_TNFA_SIGNALING_VIA_NFKB,1.54120283601205,0.0086550495666822,ENSG00000125733,TRIP10,0.082180284302909,1.11966684389487,0.999966905446727
HALLMARK_TNFA_SIGNALING_VIA_NFKB,1.54120283601205,0.0086550495666822,ENSG00000134107,BHLHE40,0.0736942764402353,1.11359207126565,0.999966905446727
HALLMARK_TNFA_SIGNALING_VIA_NFKB,1.54120283601205,0.0086550495666822,ENSG00000205189,ZBTB10,0.121749134543062,1.10757586995001,0.999966905446727
HALLMARK_TNFA_SIGNALING_VIA_NFKB,1.54120283601205,0.0086550495666822,ENSG00000159128,IFNGR2,0.113680903186628,1.10562224796263,0.999966905446727
HALLMARK_TNFA_SIGNALING_VIA_NFKB,1.54120283601205,0.0086550495666822,ENSG00000155090,KLF10,0.0714285174119281,1.08244264674326,0.999966905446727
HALLMARK_TNFA_SIGNALING_VIA_NFKB,1.54120283601205,0.0086550495666822,ENSG00000075426,FOSL2,0.0743613652535662,1.06384602199322,0.999966905446727
HALLMARK_TNFA_SIGNALING_VIA_NFKB,1.54120283601205,0.0086550495666822,ENSG00000160223,ICOSLG,0.18173877187036,1.05668247812103,0.999966905446727
HALLMARK_TNFA_SIGNALING_VIA_NFKB,1.54120283601205,0.0086550495666822,ENSG00000159200,RCAN1,0.086568826891881,1.05473782810917,0.999966905446727
HALLMARK_TNFA_SIGNALING_VIA_NFKB,1.54120283601205,0.0086550495666822,ENSG00000069399,BCL3,0.11833842919345,1.0446034363001,0.999966905446727
HALLMARK_TNFA_SIGNALING_VIA_NFKB,1.54120283601205,0.0086550495666822,ENSG00000145779,TNFAIP8,0.0834877397354633,1.03881589762626,0.999966905446727
HALLMARK_TNFA_SIGNALING_VIA_NFKB,1.54120283601205,0.0086550495666822,ENSG00000123358,NR4A1,0.113991690240536,1.03547715460192,0.999966905446727
HALLMARK_TNFA_SIGNALING_VIA_NFKB,1.54120283601205,0.0086550495666822,ENSG00000179431,FJX1,0.0802008812151252,1.02025273188932,0.999966905446727
HALLMARK_TNFA_SIGNALING_VIA_NFKB,1.54120283601205,0.0086550495666822,ENSG00000110047,EHD1,0.0523089731155831,1.00295754436972,0.999966905446727
HALLMARK_TNFA_SIGNALING_VIA_NFKB,1.54120283601205,0.0086550495666822,ENSG00000136826,KLF4,0.143744210986325,0.991930943649048,0.999966905446727
HALLMARK_TNFA_SIGNALING_VIA_NFKB,1.54120283601205,0.0086550495666822,ENSG00000163734,CXCL3,0.0961047735154001,0.985194993864566,0.999966905446727
HALLMARK_TNFA_SIGNALING_VIA_NFKB,1.54120283601205,0.0086550495666822,ENSG00000196371,FUT4,0.0579790790263285,0.966617428668257,0.999966905446727
HALLMARK_TNFA_SIGNALING_VIA_NFKB,1.54120283601205,0.0086550495666822,ENSG00000128016,ZFP36,0.092991874333411,0.964815452119224,0.999966905446727
HALLMARK_TNFA_SIGNALING_VIA_NFKB,1.54120283601205,0.0086550495666822,ENSG00000122877,EGR2,0.485804364202552,0.962595603009118,0.999966905446727
HALLMARK_TNFA_SIGNALING_VIA_NFKB,1.54120283601205,0.0086550495666822,ENSG00000169242,EFNA1,0.102227406277492,0.958238792233021,0.999966905446727
HALLMARK_TNFA_SIGNALING_VIA_NFKB,1.54120283601205,0.0086550495666822,ENSG00000120129,DUSP1,0.103692592683705,0.920768656006381,0.999966905446727
HALLMARK_TNFA_SIGNALING_VIA_NFKB,1.54120283601205,0.0086550495666822,ENSG00000173039,RELA,0.0730444090721107,0.903506400831031,0.999966905446727
HALLMARK_TNFA_SIGNALING_VIA_NFKB,1.54120283601205,0.0086550495666822,ENSG00000143384,MCL1,0.0356904279053797,0.894503855270228,0.999966905446727
HALLMARK_COMPLEMENT,-1.56247346235631,0.0091761247726247,ENSG00000108518,PFN1,-0.109594289163936,-2.57131879026421,0.93312908630485
HALLMARK_COMPLEMENT,-1.56247346235631,0.0091761247726247,ENSG00000105825,TFPI2,-0.116884351299453,-2.37294546112978,0.999966905446727
HALLMARK_COMPLEMENT,-1.56247346235631,0.0091761247726247,ENSG00000136943,CTSV,-0.159360064553699,-2.27328324490984,0.999966905446727
HALLMARK_COMPLEMENT,-1.56247346235631,0.0091761247726247,ENSG00000256043,CTSO,-1.6498850406313,-2.2254498741571,0.999966905446727
HALLMARK_COMPLEMENT,-1.56247346235631,0.0091761247726247,ENSG00000085063,CD59,-0.0958380385292495,-2.20429181396183,0.999966905446727
HALLMARK_COMPLEMENT,-1.56247346235631,0.0091761247726247,ENSG00000035862,TIMP2,-0.0652820518738397,-1.9007236760575,0.999966905446727
HALLMARK_COMPLEMENT,-1.56247346235631,0.0091761247726247,ENSG00000058866,DGKG,-0.252943406995895,-1.76659064289265,0.999966905446727
HALLMARK_COMPLEMENT,-1.56247346235631,0.0091761247726247,ENSG00000115159,GPD2,-0.114660692263686,-1.74880782505502,0.999966905446727
HALLMARK_COMPLEMENT,-1.56247346235631,0.0091761247726247,ENSG00000102265,TIMP1,-0.109636288299448,-1.70094616647985,0.999966905446727
HALLMARK_COMPLEMENT,-1.56247346235631,0.0091761247726247,ENSG00000088387,DOCK9,-0.258621453604384,-1.59649945109537,0.999966905446727
HALLMARK_COMPLEMENT,-1.56247346235631,0.0091761247726247,ENSG00000198668,CALM1,-0.0574268690641064,-1.53532762363249,0.999966905446727
HALLMARK_COMPLEMENT,-1.56247346235631,0.0091761247726247,ENSG00000188313,PLSCR1,-0.0472152627564945,-1.5091681055688,0.999966905446727
HALLMARK_COMPLEMENT,-1.56247346235631,0.0091761247726247,ENSG00000197632,SERPINB2,-0.116775584607094,-1.49941138904137,0.999966905446727
HALLMARK_COMPLEMENT,-1.56247346235631,0.0091761247726247,ENSG00000168615,ADAM9,-0.0561116449662281,-1.49336926516871,0.999966905446727
HALLMARK_COMPLEMENT,-1.56247346235631,0.0091761247726247,ENSG00000103811,CTSH,-0.0637540573189299,-1.42773078337035,0.999966905446727
HALLMARK_COMPLEMENT,-1.56247346235631,0.0091761247726247,ENSG00000104695,PPP2CB,-0.0664501893506625,-1.41359114993365,0.999966905446727
HALLMARK_COMPLEMENT,-1.56247346235631,0.0091761247726247,ENSG00000214274,ANG,-0.463108136475014,-1.35846487525759,0.999966905446727
HALLMARK_COMPLEMENT,-1.56247346235631,0.0091761247726247,ENSG00000177556,ATOX1,-0.0772485594701452,-1.32226211395209,0.999966905446727
HALLMARK_COMPLEMENT,-1.56247346235631,0.0091761247726247,ENSG00000197045,GMFB,-0.0917404739458203,-1.30146910363128,0.999966905446727
HALLMARK_COMPLEMENT,-1.56247346235631,0.0091761247726247,ENSG00000123384,LRP1,-0.180934312918916,-1.24289494824115,0.999966905446727
HALLMARK_COMPLEMENT,-1.56247346235631,0.0091761247726247,ENSG00000164111,ANXA5,-0.0455118182453929,-1.22873819477371,0.999966905446727
HALLMARK_COMPLEMENT,-1.56247346235631,0.0091761247726247,ENSG00000160014,CALM3,-0.0416415527055675,-1.20068446229812,0.999966905446727
HALLMARK_COMPLEMENT,-1.56247346235631,0.0091761247726247,ENSG00000157227,MMP14,-0.227515900629185,-1.10340960544293,0.999966905446727
HALLMARK_COMPLEMENT,-1.56247346235631,0.0091761247726247,ENSG00000114353,GNAI2,-0.0499822448482461,-1.00235244378504,0.999966905446727
HALLMARK_COMPLEMENT,-1.56247346235631,0.0091761247726247,ENSG00000240065,PSMB9,-0.192068259794167,-0.99479193649387,0.999966905446727
HALLMARK_COMPLEMENT,-1.56247346235631,0.0091761247726247,ENSG00000139318,DUSP6,-0.0921847254364991,-0.989554089238231,0.999966905446727
HALLMARK_COMPLEMENT,-1.56247346235631,0.0091761247726247,ENSG00000135678,CPM,-0.14187133058624,-0.974115585659911,0.999966905446727
HALLMARK_COMPLEMENT,-1.56247346235631,0.0091761247726247,ENSG00000106366,SERPINE1,-0.36969578893931,-0.951567661414855,0.999966905446727
HALLMARK_COMPLEMENT,-1.56247346235631,0.0091761247726247,ENSG00000168310,IRF2,-0.0973561469476501,-0.90793884032415,0.999966905446727
HALLMARK_COMPLEMENT,-1.56247346235631,0.0091761247726247,ENSG00000146070,PLA2G7,-0.280730887045634,-0.907331168215876,0.999966905446727
HALLMARK_COMPLEMENT,-1.56247346235631,0.0091761247726247,ENSG00000135047,CTSL,-0.0752912955120186,-0.882071115254047,0.999966905446727
HALLMARK_COMPLEMENT,-1.56247346235631,0.0091761247726247,ENSG00000003400,CASP10,-0.115128623294797,-0.88141722281569,0.999966905446727
HALLMARK_COMPLEMENT,-1.56247346235631,0.0091761247726247,ENSG00000115919,KYNU,-0.048317269548076,-0.866081018850641,0.999966905446727
HALLMARK_COMPLEMENT,-1.56247346235631,0.0091761247726247,ENSG00000115041,KCNIP3,-0.543887626672123,-0.817635079582662,0.999966905446727
HALLMARK_COMPLEMENT,-1.56247346235631,0.0091761247726247,ENSG00000156256,USP16,-0.0580287937129615,-0.804003798078856,0.999966905446727
HALLMARK_COMPLEMENT,-1.56247346235631,0.0091761247726247,ENSG00000132155,RAF1,-0.0423245471220431,-0.790166693746029,0.999966905446727
HALLMARK_COMPLEMENT,-1.56247346235631,0.0091761247726247,ENSG00000154655,L3MBTL4,-0.560742394828289,-0.783964086681512,0.999966905446727
HALLMARK_COMPLEMENT,-1.56247346235631,0.0091761247726247,ENSG00000104267,CA2,-0.0849051204256218,-0.774257440115276,0.999966905446727
HALLMARK_COMPLEMENT,-1.56247346235631,0.0091761247726247,ENSG00000182326,C1S,-0.212125035692339,-0.750223752598113,0.999966905446727
HALLMARK_COMPLEMENT,-1.56247346235631,0.0091761247726247,ENSG00000108599,AKAP10,-0.0844163166839364,-0.749481596005081,0.999966905446727
HALLMARK_COMPLEMENT,-1.56247346235631,0.0091761247726247,ENSG00000002549,LAP3,-0.0414361384358064,-0.713676093834737,0.999966905446727
HALLMARK_COMPLEMENT,-1.56247346235631,0.0091761247726247,ENSG00000137752,CASP1,-0.338369473891307,-0.699399224869734,0.999966905446727
HALLMARK_COMPLEMENT,-1.56247346235631,0.0091761247726247,ENSG00000149923,PPP4C,-0.0311083030198581,-0.694071475015183,0.999966905446727
HALLMARK_COMPLEMENT,-1.56247346235631,0.0091761247726247,ENSG00000164733,CTSB,-0.0272978842847275,-0.683970995603549,0.999966905446727
HALLMARK_COMPLEMENT,-1.56247346235631,0.0091761247726247,ENSG00000196352,CD55,-0.0369075196947361,-0.679362450127822,0.999966905446727
HALLMARK_COMPLEMENT,-1.56247346235631,0.0091761247726247,ENSG00000111144,LTA4H,-0.0292110815792502,-0.672325856754796,0.999966905446727
HALLMARK_COMPLEMENT,-1.56247346235631,0.0091761247726247,ENSG00000163131,CTSS,-0.0522063687917769,-0.670444153339039,0.999966905446727
HALLMARK_COMPLEMENT,-1.56247346235631,0.0091761247726247,ENSG00000120885,CLU,-0.0926312324554913,-0.664773236216156,0.999966905446727
HALLMARK_COMPLEMENT,-1.56247346235631,0.0091761247726247,ENSG00000111252,SH2B3,-0.0485790766722264,-0.636799535198337,0.999966905446727
HALLMARK_COMPLEMENT,-1.56247346235631,0.0091761247726247,ENSG00000164305,CASP3,-0.0561899111988719,-0.628302267529579,0.999966905446727
HALLMARK_COMPLEMENT,-1.56247346235631,0.0091761247726247,ENSG00000114450,GNB4,-0.0449215554111409,-0.621278326766981,0.999966905446727
HALLMARK_COMPLEMENT,-1.56247346235631,0.0091761247726247,ENSG00000177885,GRB2,-0.0285181863315237,-0.620215540725172,0.999966905446727
HALLMARK_COMPLEMENT,-1.56247346235631,0.0091761247726247,ENSG00000080815,PSEN1,-0.0349634187854154,-0.613912441597679,0.999966905446727
HALLMARK_COMPLEMENT,-1.56247346235631,0.0091761247726247,ENSG00000132906,CASP9,-0.0936862021291131,-0.591067731940194,0.999966905446727
HALLMARK_COMPLEMENT,-1.56247346235631,0.0091761247726247,ENSG00000138592,USP8,-0.0397218990107293,-0.576472217310683,0.999966905446727
HALLMARK_COMPLEMENT,-1.56247346235631,0.0091761247726247,ENSG00000096070,BRPF3,-0.0319870852097729,-0.570995151610036,0.999966905446727
HALLMARK_COMPLEMENT,-1.56247346235631,0.0091761247726247,ENSG00000204389,HSPA1A,-0.116026381457921,-0.566503771011986,0.999966905446727
HALLMARK_COMPLEMENT,-1.56247346235631,0.0091761247726247,ENSG00000189171,S100A13,-0.0441043412643691,-0.563075768409628,0.999966905446727
HALLMARK_COMPLEMENT,-1.56247346235631,0.0091761247726247,ENSG00000011422,PLAUR,-0.0513601475661144,-0.562172238560697,0.999966905446727
HALLMARK_MTORC1_SIGNALING,-1.50409701616815,0.0091761247726247,ENSG00000115541,HSPE1,-0.128503156555739,-2.91154045980237,0.587083466398087
HALLMARK_MTORC1_SIGNALING,-1.50409701616815,0.0091761247726247,ENSG00000116161,CACYBP,-0.120945457399675,-2.89986073218962,0.604110428033894
HALLMARK_MTORC1_SIGNALING,-1.50409701616815,0.0091761247726247,ENSG00000120742,SERP1,-0.10475582882081,-2.7452809662255,0.758333387324715
HALLMARK_MTORC1_SIGNALING,-1.50409701616815,0.0091761247726247,ENSG00000161057,PSMC2,-0.125723746471827,-2.61862656952435,0.888046964672518
HALLMARK_MTORC1_SIGNALING,-1.50409701616815,0.0091761247726247,ENSG00000100804,PSMB5,-0.100396393483569,-2.283681081649,0.999966905446727
HALLMARK_MTORC1_SIGNALING,-1.50409701616815,0.0091761247726247,ENSG00000151552,QDPR,-0.177049219340563,-2.16039607533576,0.999966905446727
HALLMARK_MTORC1_SIGNALING,-1.50409701616815,0.0091761247726247,ENSG00000013275,PSMC4,-0.082985388163868,-2.04370095038147,0.999966905446727
HALLMARK_MTORC1_SIGNALING,-1.50409701616815,0.0091761247726247,ENSG00000100567,PSMA3,-0.0881575440854564,-2.03955566719166,0.999966905446727
HALLMARK_MTORC1_SIGNALING,-1.50409701616815,0.0091761247726247,ENSG00000117450,PRDX1,-0.0677479753512136,-1.93904481463573,0.999966905446727
HALLMARK_MTORC1_SIGNALING,-1.50409701616815,0.0091761247726247,ENSG00000121022,COPS5,-0.130527117553453,-1.8762369347933,0.999966905446727
HALLMARK_MTORC1_SIGNALING,-1.50409701616815,0.0091761247726247,ENSG00000256269,HMBS,-0.171371277760423,-1.8073480885621,0.999966905446727
HALLMARK_MTORC1_SIGNALING,-1.50409701616815,0.0091761247726247,ENSG00000140612,SEC11A,-0.0752242792785804,-1.80218007660752,0.999966905446727
HALLMARK_MTORC1_SIGNALING,-1.50409701616815,0.0091761247726247,ENSG00000102879,CORO1A,-0.188392052461754,-1.75751125530819,0.999966905446727
HALLMARK_MTORC1_SIGNALING,-1.50409701616815,0.0091761247726247,ENSG00000102144,PGK1,-0.0594375589303884,-1.73864029807836,0.999966905446727
HALLMARK_MTORC1_SIGNALING,-1.50409701616815,0.0091761247726247,ENSG00000132383,RPA1,-0.0809560939570162,-1.73343956416673,0.999966905446727
HALLMARK_MTORC1_SIGNALING,-1.50409701616815,0.0091761247726247,ENSG00000180817,PPA1,-0.0659335633427007,-1.68841270762072,0.999966905446727
HALLMARK_MTORC1_SIGNALING,-1.50409701616815,0.0091761247726247,ENSG00000087586,AURKA,-0.0755502900934699,-1.63471391553992,0.999966905446727
HALLMARK_MTORC1_SIGNALING,-1.50409701616815,0.0091761247726247,ENSG00000134109,EDEM1,-0.0998973277820725,-1.62146517556484,0.999966905446727
HALLMARK_MTORC1_SIGNALING,-1.50409701616815,0.0091761247726247,ENSG00000173221,GLRX,-0.222231095536317,-1.57241012649412,0.999966905446727
HALLMARK_MTORC1_SIGNALING,-1.50409701616815,0.0091761247726247,ENSG00000111669,TPI1,-0.0543577584152666,-1.52932730254174,0.999966905446727
HALLMARK_MTORC1_SIGNALING,-1.50409701616815,0.0091761247726247,ENSG00000128228,SDF2L1,-0.106342244072105,-1.50504319228664,0.999966905446727
HALLMARK_MTORC1_SIGNALING,-1.50409701616815,0.0091761247726247,ENSG00000102393,GLA,-0.0868239161215882,-1.49271632531638,0.999966905446727
HALLMARK_MTORC1_SIGNALING,-1.50409701616815,0.0091761247726247,ENSG00000166598,HSP90B1,-0.0415698469552111,-1.48356419757669,0.999966905446727
HALLMARK_MTORC1_SIGNALING,-1.50409701616815,0.0091761247726247,ENSG00000159167,STC1,-0.123623334853373,-1.35913148591798,0.999966905446727
HALLMARK_MTORC1_SIGNALING,-1.50409701616815,0.0091761247726247,ENSG00000138069,RAB1A,-0.0612645921637935,-1.31876493700264,0.999966905446727
HALLMARK_MTORC1_SIGNALING,-1.50409701616815,0.0091761247726247,ENSG00000146733,PSPH,-0.129197688036025,-1.31770095301037,0.999966905446727
HALLMARK_MTORC1_SIGNALING,-1.50409701616815,0.0091761247726247,ENSG00000149809,TM7SF2,-0.148742079329978,-1.31666832490405,0.999966905446727
HALLMARK_MTORC1_SIGNALING,-1.50409701616815,0.0091761247726247,ENSG00000125977,EIF2S2,-0.0485796162227573,-1.30327571409683,0.999966905446727
HALLMARK_MTORC1_SIGNALING,-1.50409701616815,0.0091761247726247,ENSG00000072042,RDH11,-0.0661907282954867,-1.26073873293196,0.999966905446727
HALLMARK_MTORC1_SIGNALING,-1.50409701616815,0.0091761247726247,ENSG00000165704,HPRT1,-0.0786519009929591,-1.23499681622011,0.999966905446727
HALLMARK_MTORC1_SIGNALING,-1.50409701616815,0.0091761247726247,ENSG00000115233,PSMD14,-0.0517975329891086,-1.15057956893632,0.999966905446727
HALLMARK_MTORC1_SIGNALING,-1.50409701616815,0.0091761247726247,ENSG00000196262,PPIA,-0.034551913072898,-1.10665021371282,0.999966905446727
HALLMARK_MTORC1_SIGNALING,-1.50409701616815,0.0091761247726247,ENSG00000143622,RIT1,-0.0875961698471242,-1.04802629488076,0.999966905446727
HALLMARK_MTORC1_SIGNALING,-1.50409701616815,0.0091761247726247,ENSG00000179218,CALR,-0.0359986786147015,-1.04794292888867,0.999966905446727
HALLMARK_MTORC1_SIGNALING,-1.50409701616815,0.0091761247726247,ENSG00000115902,SLC1A4,-0.0985700268142668,-1.03404599974058,0.999966905446727
HALLMARK_MTORC1_SIGNALING,-1.50409701616815,0.0091761247726247,ENSG00000010278,CD9,-0.0526939603200146,-1.01452811745584,0.999966905446727
HALLMARK_MTORC1_SIGNALING,-1.50409701616815,0.0091761247726247,ENSG00000104687,GSR,-0.0412654182675136,-1.01263675932808,0.999966905446727
HALLMARK_MTORC1_SIGNALING,-1.50409701616815,0.0091761247726247,ENSG00000003056,M6PR,-0.0378210788178396,-0.961366117294814,0.999966905446727
HALLMARK_MTORC1_SIGNALING,-1.50409701616815,0.0091761247726247,ENSG00000173486,FKBP2,-0.0792054673667926,-0.928083652667517,0.999966905446727
HALLMARK_MTORC1_SIGNALING,-1.50409701616815,0.0091761247726247,ENSG00000116750,UCHL5,-0.0506505384263909,-0.910432601248306,0.999966905446727
HALLMARK_MTORC1_SIGNALING,-1.50409701616815,0.0091761247726247,ENSG00000138071,ACTR2,-0.0384327806196969,-0.903350306618389,0.999966905446727
HALLMARK_MTORC1_SIGNALING,-1.50409701616815,0.0091761247726247,ENSG00000114480,GBE1,-0.0907720350184985,-0.894311012947451,0.999966905446727
HALLMARK_MTORC1_SIGNALING,-1.50409701616815,0.0091761247726247,ENSG00000198431,TXNRD1,-0.0418363330864477,-0.887016229315684,0.999966905446727
HALLMARK_MTORC1_SIGNALING,-1.50409701616815,0.0091761247726247,ENSG00000197930,ERO1A,-0.0444310478789019,-0.868648239899481,0.999966905446727
HALLMARK_MTORC1_SIGNALING,-1.50409701616815,0.0091761247726247,ENSG00000070669,ASNS,-0.0897126171105536,-0.857274420402818,0.999966905446727
HALLMARK_MTORC1_SIGNALING,-1.50409701616815,0.0091761247726247,ENSG00000124802,EEF1E1,-0.0922465755667131,-0.855602515270069,0.999966905446727
HALLMARK_MTORC1_SIGNALING,-1.50409701616815,0.0091761247726247,ENSG00000115461,IGFBP5,-0.0838420876338381,-0.825388804002118,0.999966905446727
HALLMARK_MTORC1_SIGNALING,-1.50409701616815,0.0091761247726247,ENSG00000213190,MLLT11,-0.0921315175101514,-0.819509290469063,0.999966905446727
HALLMARK_MTORC1_SIGNALING,-1.50409701616815,0.0091761247726247,ENSG00000151012,SLC7A11,-0.0396107832030325,-0.793506752637052,0.999966905446727
HALLMARK_MTORC1_SIGNALING,-1.50409701616815,0.0091761247726247,ENSG00000103257,SLC7A5,-0.0223156681752534,-0.778863503725278,0.999966905446727
HALLMARK_MTORC1_SIGNALING,-1.50409701616815,0.0091761247726247,ENSG00000216490,IFI30,-0.0910003771800015,-0.774028067579737,0.999966905446727
HALLMARK_MTORC1_SIGNALING,-1.50409701616815,0.0091761247726247,ENSG00000160211,G6PD,-0.0320651865252994,-0.773956406354217,0.999966905446727
HALLMARK_MTORC1_SIGNALING,-1.50409701616815,0.0091761247726247,ENSG00000140105,WARS1,-0.0398923202225938,-0.739365490469822,0.999966905446727
HALLMARK_MTORC1_SIGNALING,-1.50409701616815,0.0091761247726247,ENSG00000176046,NUPR1,-0.365687248096073,-0.738272777413366,0.999966905446727
HALLMARK_MTORC1_SIGNALING,-1.50409701616815,0.0091761247726247,ENSG00000106244,PDAP1,-0.0380610491724105,-0.728625837846512,0.999966905446727
HALLMARK_MTORC1_SIGNALING,-1.50409701616815,0.0091761247726247,ENSG00000197170,PSMD12,-0.0335337763351527,-0.716173938277842,0.999966905446727
HALLMARK_COAGULATION,-1.6000070408462,0.016559554636648,ENSG00000105825,TFPI2,-0.116884351299453,-2.37294546112978,0.999966905446727
HALLMARK_COAGULATION,-1.6000070408462,0.016559554636648,ENSG00000137673,MMP7,-0.133024542992964,-2.36746606085772,0.999966905446727
HALLMARK_COAGULATION,-1.6000070408462,0.016559554636648,ENSG00000135046,ANXA1,-0.089406674830866,-2.3664802823644,0.999966905446727
HALLMARK_COAGULATION,-1.6000070408462,0.016559554636648,ENSG00000136943,CTSV,-0.159360064553699,-2.27328324490984,0.999966905446727
HALLMARK_COAGULATION,-1.6000070408462,0.016559554636648,ENSG00000256043,CTSO,-1.6498850406313,-2.2254498741571,0.999966905446727
HALLMARK_COAGULATION,-1.6000070408462,0.016559554636648,ENSG00000276023,DUSP14,-0.283057454876755,-1.70929203737627,0.999966905446727
HALLMARK_COAGULATION,-1.6000070408462,0.016559554636648,ENSG00000102265,TIMP1,-0.109636288299448,-1.70094616647985,0.999966905446727
HALLMARK_COAGULATION,-1.6000070408462,0.016559554636648,ENSG00000196611,MMP1,-0.201960429177342,-1.63809138240604,0.999966905446727
HALLMARK_COAGULATION,-1.6000070408462,0.016559554636648,ENSG00000162517,PEF1,-0.0901577777961842,-1.58532241570753,0.999966905446727
HALLMARK_COAGULATION,-1.6000070408462,0.016559554636648,ENSG00000197632,SERPINB2,-0.116775584607094,-1.49941138904137,0.999966905446727
HALLMARK_COAGULATION,-1.6000070408462,0.016559554636648,ENSG00000168615,ADAM9,-0.0561116449662281,-1.49336926516871,0.999966905446727
HALLMARK_COAGULATION,-1.6000070408462,0.016559554636648,ENSG00000103811,CTSH,-0.0637540573189299,-1.42773078337035,0.999966905446727
HALLMARK_COAGULATION,-1.6000070408462,0.016559554636648,ENSG00000099953,MMP11,-1.17745663376453,-1.4132811812837,0.999966905446727
HALLMARK_COAGULATION,-1.6000070408462,0.016559554636648,ENSG00000214274,ANG,-0.463108136475014,-1.35846487525759,0.999966905446727
HALLMARK_COAGULATION,-1.6000070408462,0.016559554636648,ENSG00000123384,LRP1,-0.180934312918916,-1.24289494824115,0.999966905446727
HALLMARK_COAGULATION,-1.6000070408462,0.016559554636648,ENSG00000184500,PROS1,-0.41009816893075,-1.18402341000851,0.999966905446727
HALLMARK_COAGULATION,-1.6000070408462,0.016559554636648,ENSG00000091513,TF,-0.317982601464443,-1.17827233338444,0.999966905446727
HALLMARK_COAGULATION,-1.6000070408462,0.016559554636648,ENSG00000157227,MMP14,-0.227515900629185,-1.10340960544293,0.999966905446727
HALLMARK_COAGULATION,-1.6000070408462,0.016559554636648,ENSG00000010278,CD9,-0.0526939603200146,-1.01452811745584,0.999966905446727
HALLMARK_COAGULATION,-1.6000070408462,0.016559554636648,ENSG00000139318,DUSP6,-0.0921847254364991,-0.989554089238231,0.999966905446727
HALLMARK_COAGULATION,-1.6000070408462,0.016559554636648,ENSG00000196188,CTSE,-0.0451778839488484,-0.964277694912258,0.999966905446727
HALLMARK_COAGULATION,-1.6000070408462,0.016559554636648,ENSG00000106366,SERPINE1,-0.36969578893931,-0.951567661414855,0.999966905446727
HALLMARK_COAGULATION,-1.6000070408462,0.016559554636648,ENSG00000140564,FURIN,-0.0550083695197656,-0.950933548856659,0.999966905446727
HALLMARK_XENOBIOTIC_METABOLISM,-1.49752441420612,0.016559554636648,ENSG00000139644,TMBIM6,-0.0638203547095537,-2.40749673521358,0.999966905446727
HALLMARK_XENOBIOTIC_METABOLISM,-1.49752441420612,0.016559554636648,ENSG00000175003,SLC22A1,-1.33704695624331,-2.34321334638973,0.999966905446727
HALLMARK_XENOBIOTIC_METABOLISM,-1.49752441420612,0.016559554636648,ENSG00000139112,GABARAPL1,-0.175637301108795,-1.99029038469023,0.999966905446727
HALLMARK_XENOBIOTIC_METABOLISM,-1.49752441420612,0.016559554636648,ENSG00000104823,ECH1,-0.0979907684546046,-1.8471157342939,0.999966905446727
HALLMARK_XENOBIOTIC_METABOLISM,-1.49752441420612,0.016559554636648,ENSG00000140968,IRF8,-0.598399564947985,-1.83952187185985,0.999966905446727
HALLMARK_XENOBIOTIC_METABOLISM,-1.49752441420612,0.016559554636648,ENSG00000055163,CYFIP2,-0.133238728239769,-1.80127722118953,0.999966905446727
HALLMARK_XENOBIOTIC_METABOLISM,-1.49752441420612,0.016559554636648,ENSG00000169738,DCXR,-0.132656269636632,-1.74414663543403,0.999966905446727
HALLMARK_XENOBIOTIC_METABOLISM,-1.49752441420612,0.016559554636648,ENSG00000197894,ADH5,-0.073559234401504,-1.62210681792932,0.999966905446727
HALLMARK_XENOBIOTIC_METABOLISM,-1.49752441420612,0.016559554636648,ENSG00000159131,GART,-0.119506255143061,-1.50986577660469,0.999966905446727
HALLMARK_XENOBIOTIC_METABOLISM,-1.49752441420612,0.016559554636648,ENSG00000114850,SSR3,-0.0583302089714904,-1.49670143017803,0.999966905446727
HALLMARK_XENOBIOTIC_METABOLISM,-1.49752441420612,0.016559554636648,ENSG00000100983,GSS,-0.0648516786571162,-1.42846061864732,0.999966905446727
HALLMARK_XENOBIOTIC_METABOLISM,-1.49752441420612,0.016559554636648,ENSG00000100612,DHRS7,-0.1132566615464,-1.42592980842716,0.999966905446727
HALLMARK_XENOBIOTIC_METABOLISM,-1.49752441420612,0.016559554636648,ENSG00000167642,SPINT2,-0.0553950790632157,-1.38182626730716,0.999966905446727
HALLMARK_XENOBIOTIC_METABOLISM,-1.49752441420612,0.016559554636648,ENSG00000158828,PINK1,-0.133944508834633,-1.37791099742641,0.999966905446727
HALLMARK_XENOBIOTIC_METABOLISM,-1.49752441420612,0.016559554636648,ENSG00000109814,UGDH,-0.0601688628073248,-1.32250053467069,0.999966905446727
HALLMARK_XENOBIOTIC_METABOLISM,-1.49752441420612,0.016559554636648,ENSG00000151632,AKR1C2,-0.0885740546377011,-1.31422464505365,0.999966905446727
HALLMARK_XENOBIOTIC_METABOLISM,-1.49752441420612,0.016559554636648,ENSG00000143727,ACP1,-0.0720130306386464,-1.30674121689333,0.999966905446727
HALLMARK_XENOBIOTIC_METABOLISM,-1.49752441420612,0.016559554636648,ENSG00000101444,AHCY,-0.0473598681838173,-1.2957462824611,0.999966905446727
HALLMARK_XENOBIOTIC_METABOLISM,-1.49752441420612,0.016559554636648,ENSG00000196139,AKR1C3,-0.0580784849059638,-1.23573544875834,0.999966905446727
HALLMARK_XENOBIOTIC_METABOLISM,-1.49752441420612,0.016559554636648,ENSG00000165704,HPRT1,-0.0786519009929591,-1.23499681622011,0.999966905446727
HALLMARK_XENOBIOTIC_METABOLISM,-1.49752441420612,0.016559554636648,ENSG00000099977,DDT,-0.0839403622586479,-1.21484994218768,0.999966905446727
HALLMARK_XENOBIOTIC_METABOLISM,-1.49752441420612,0.016559554636648,ENSG00000115738,ID2,-0.0870360001566484,-1.19019072537651,0.999966905446727
HALLMARK_XENOBIOTIC_METABOLISM,-1.49752441420612,0.016559554636648,ENSG00000184500,PROS1,-0.41009816893075,-1.18402341000851,0.999966905446727
HALLMARK_XENOBIOTIC_METABOLISM,-1.49752441420612,0.016559554636648,ENSG00000140465,CYP1A1,-0.113044959580314,-1.10704511079329,0.999966905446727
HALLMARK_XENOBIOTIC_METABOLISM,-1.49752441420612,0.016559554636648,ENSG00000133313,CNDP2,-0.0499249331156716,-1.04715303529079,0.999966905446727
HALLMARK_XENOBIOTIC_METABOLISM,-1.49752441420612,0.016559554636648,ENSG00000101856,PGRMC1,-0.0429681795784429,-1.04132231351657,0.999966905446727
HALLMARK_XENOBIOTIC_METABOLISM,-1.49752441420612,0.016559554636648,ENSG00000181019,NQO1,-0.0416388457144906,-1.01700177153124,0.999966905446727
HALLMARK_XENOBIOTIC_METABOLISM,-1.49752441420612,0.016559554636648,ENSG00000104687,GSR,-0.0412654182675136,-1.01263675932808,0.999966905446727
HALLMARK_XENOBIOTIC_METABOLISM,-1.49752441420612,0.016559554636648,ENSG00000165140,FBP1,-0.32947864827869,-1.00160882960761,0.999966905446727
HALLMARK_XENOBIOTIC_METABOLISM,-1.49752441420612,0.016559554636648,ENSG00000106366,SERPINE1,-0.36969578893931,-0.951567661414855,0.999966905446727
HALLMARK_XENOBIOTIC_METABOLISM,-1.49752441420612,0.016559554636648,ENSG00000090013,BLVRB,-0.0612255541201059,-0.930169520814114,0.999966905446727
HALLMARK_XENOBIOTIC_METABOLISM,-1.49752441420612,0.016559554636648,ENSG00000132437,DDC,-0.114038111159947,-0.929664133110481,0.999966905446727
HALLMARK_XENOBIOTIC_METABOLISM,-1.49752441420612,0.016559554636648,ENSG00000166347,CYB5A,-0.0597457753733866,-0.911061520138909,0.999966905446727
HALLMARK_XENOBIOTIC_METABOLISM,-1.49752441420612,0.016559554636648,ENSG00000157379,DHRS1,-0.134471793375225,-0.908861441472482,0.999966905446727
HALLMARK_XENOBIOTIC_METABOLISM,-1.49752441420612,0.016559554636648,ENSG00000205220,PSMB10,-0.0767258251835285,-0.893558123257136,0.999966905446727
HALLMARK_XENOBIOTIC_METABOLISM,-1.49752441420612,0.016559554636648,ENSG00000137561,TTPA,-0.323189387254641,-0.871899173727917,0.999966905446727
HALLMARK_XENOBIOTIC_METABOLISM,-1.49752441420612,0.016559554636648,ENSG00000115919,KYNU,-0.048317269548076,-0.866081018850641,0.999966905446727
HALLMARK_XENOBIOTIC_METABOLISM,-1.49752441420612,0.016559554636648,ENSG00000067182,TNFRSF1A,-0.0446256161333829,-0.83001157118275,0.999966905446727
HALLMARK_XENOBIOTIC_METABOLISM,-1.49752441420612,0.016559554636648,ENSG00000106565,TMEM176B,-0.43140503361278,-0.82119025590519,0.999966905446727
HALLMARK_XENOBIOTIC_METABOLISM,-1.49752441420612,0.016559554636648,ENSG00000134575,ACP2,-0.068944524931778,-0.819527734497895,0.999966905446727
HALLMARK_XENOBIOTIC_METABOLISM,-1.49752441420612,0.016559554636648,ENSG00000026103,FAS,-0.150711586932187,-0.788510969621496,0.999966905446727
HALLMARK_XENOBIOTIC_METABOLISM,-1.49752441420612,0.016559554636648,ENSG00000104267,CA2,-0.0849051204256218,-0.774257440115276,0.999966905446727
HALLMARK_XENOBIOTIC_METABOLISM,-1.49752441420612,0.016559554636648,ENSG00000077942,FBLN1,-0.0732247680578665,-0.755061465963058,0.999966905446727
HALLMARK_XENOBIOTIC_METABOLISM,-1.49752441420612,0.016559554636648,ENSG00000198682,PAPSS2,-0.123180098377413,-0.742145492478554,0.999966905446727
HALLMARK_XENOBIOTIC_METABOLISM,-1.49752441420612,0.016559554636648,ENSG00000183696,UPP1,-0.0513720721523241,-0.736933722673768,0.999966905446727
HALLMARK_XENOBIOTIC_METABOLISM,-1.49752441420612,0.016559554636648,ENSG00000196365,LONP1,-0.0354158367652314,-0.714715552833154,0.999966905446727
HALLMARK_XENOBIOTIC_METABOLISM,-1.49752441420612,0.016559554636648,ENSG00000141753,IGFBP4,-0.0466415463299272,-0.710047385474485,0.999966905446727
HALLMARK_XENOBIOTIC_METABOLISM,-1.49752441420612,0.016559554636648,ENSG00000150787,PTS,-0.073429238153203,-0.70262255582626,0.999966905446727
HALLMARK_XENOBIOTIC_METABOLISM,-1.49752441420612,0.016559554636648,ENSG00000023839,ABCC2,-0.163426574540824,-0.667506602880044,0.999966905446727
HALLMARK_XENOBIOTIC_METABOLISM,-1.49752441420612,0.016559554636648,ENSG00000137274,BPHL,-0.103472778944436,-0.660928802199233,0.999966905446727
HALLMARK_XENOBIOTIC_METABOLISM,-1.49752441420612,0.016559554636648,ENSG00000244005,NFS1,-0.04984963861654,-0.647226771065099,0.999966905446727
HALLMARK_XENOBIOTIC_METABOLISM,-1.49752441420612,0.016559554636648,ENSG00000005469,CROT,-0.0886510358122397,-0.64270570248881,0.999966905446727
HALLMARK_XENOBIOTIC_METABOLISM,-1.49752441420612,0.016559554636648,ENSG00000136448,NMT1,-0.0274134471252396,-0.64160972291644,0.999966905446727
HALLMARK_XENOBIOTIC_METABOLISM,-1.49752441420612,0.016559554636648,ENSG00000130203,APOE,-0.226158673873847,-0.636330043619787,0.999966905446727
HALLMARK_XENOBIOTIC_METABOLISM,-1.49752441420612,0.016559554636648,ENSG00000148834,GSTO1,-0.0412463943336648,-0.634400836368592,0.999966905446727
HALLMARK_XENOBIOTIC_METABOLISM,-1.49752441420612,0.016559554636648,ENSG00000173801,JUP,-0.0213337692948274,-0.629593667231339,0.999966905446727
HALLMARK_XENOBIOTIC_METABOLISM,-1.49752441420612,0.016559554636648,ENSG00000197019,SERTAD1,-0.059094220113501,-0.61924298058921,0.999966905446727
HALLMARK_XENOBIOTIC_METABOLISM,-1.49752441420612,0.016559554636648,ENSG00000130649,CYP2E1,-0.268942812949773,-0.616819716365473,0.999966905446727
HALLMARK_XENOBIOTIC_METABOLISM,-1.49752441420612,0.016559554636648,ENSG00000163686,ABHD6,-0.0910278073002207,-0.610648565641372,0.999966905446727
HALLMARK_XENOBIOTIC_METABOLISM,-1.49752441420612,0.016559554636648,ENSG00000111846,GCNT2,-0.0738869150639526,-0.5994627803206,0.999966905446727
HALLMARK_XENOBIOTIC_METABOLISM,-1.49752441420612,0.016559554636648,ENSG00000113905,HRG,-0.419772817557364,-0.591208276174125,0.999966905446727
HALLMARK_HEDGEHOG_SIGNALING,1.72656789411715,0.0224128390418981,ENSG00000140332,TLE3,0.241454743895148,3.27306047871141,0.282829446617109
HALLMARK_HEDGEHOG_SIGNALING,1.72656789411715,0.0224128390418981,ENSG00000185920,PTCH1,0.351371003805,2.04952697852751,0.999966905446727
HALLMARK_HEDGEHOG_SIGNALING,1.72656789411715,0.0224128390418981,ENSG00000198910,L1CAM,0.12633414733422,1.8592471712181,0.999966905446727
HALLMARK_HEDGEHOG_SIGNALING,1.72656789411715,0.0224128390418981,ENSG00000112715,VEGFA,0.0790311642462956,1.85524741897794,0.999966905446727
HALLMARK_HEDGEHOG_SIGNALING,1.72656789411715,0.0224128390418981,ENSG00000205336,ADGRG1,0.0920358013439794,1.83219239069393,0.999966905446727
HALLMARK_HEDGEHOG_SIGNALING,1.72656789411715,0.0224128390418981,ENSG00000135547,HEY2,0.800396238457734,1.53153852233019,0.999966905446727
HALLMARK_HEDGEHOG_SIGNALING,1.72656789411715,0.0224128390418981,ENSG00000087085,ACHE,0.793036108893431,1.24417851284175,0.999966905446727
HALLMARK_HEDGEHOG_SIGNALING,1.72656789411715,0.0224128390418981,ENSG00000176749,CDK5R1,0.173202772296608,1.09157958799655,0.999966905446727
HALLMARK_HEDGEHOG_SIGNALING,1.72656789411715,0.0224128390418981,ENSG00000171951,SCG2,0.749023791423187,1.04207240251111,0.999966905446727
HALLMARK_KRAS_SIGNALING_UP,-1.45235455437795,0.0224128390418981,ENSG00000118785,SPP1,-0.0905734642767586,-2.43304319300571,0.999966905446727
HALLMARK_KRAS_SIGNALING_UP,-1.45235455437795,0.0224128390418981,ENSG00000134531,EMP1,-0.117547861868279,-2.27669841790071,0.999966905446727
HALLMARK_KRAS_SIGNALING_UP,-1.45235455437795,0.0224128390418981,ENSG00000146674,IGFBP3,-0.0729756055818491,-1.95128182054001,0.999966905446727
HALLMARK_KRAS_SIGNALING_UP,-1.45235455437795,0.0224128390418981,ENSG00000166912,MTMR10,-0.384784877315809,-1.92412035804524,0.999966905446727
HALLMARK_KRAS_SIGNALING_UP,-1.45235455437795,0.0224128390418981,ENSG00000140968,IRF8,-0.598399564947985,-1.83952187185985,0.999966905446727
HALLMARK_KRAS_SIGNALING_UP,-1.45235455437795,0.0224128390418981,ENSG00000109511,ANXA10,-0.165485951120507,-1.69391111325063,0.999966905446727
HALLMARK_KRAS_SIGNALING_UP,-1.45235455437795,0.0224128390418981,ENSG00000099250,NRP1,-0.129404347256248,-1.59251386175227,0.999966905446727
HALLMARK_KRAS_SIGNALING_UP,-1.45235455437795,0.0224128390418981,ENSG00000173221,GLRX,-0.222231095536317,-1.57241012649412,0.999966905446727
HALLMARK_KRAS_SIGNALING_UP,-1.45235455437795,0.0224128390418981,ENSG00000003436,TFPI,-0.0976847868315504,-1.53408111126651,0.999966905446727
HALLMARK_KRAS_SIGNALING_UP,-1.45235455437795,0.0224128390418981,ENSG00000204264,PSMB8,-0.1409280317056,-1.51815837963516,0.999966905446727
HALLMARK_KRAS_SIGNALING_UP,-1.45235455437795,0.0224128390418981,ENSG00000101166,PRELID3B,-0.0616910220527367,-1.48414417134105,0.999966905446727
HALLMARK_KRAS_SIGNALING_UP,-1.45235455437795,0.0224128390418981,ENSG00000169905,TOR1AIP2,-0.086710822676511,-1.47016461271427,0.999966905446727
HALLMARK_KRAS_SIGNALING_UP,-1.45235455437795,0.0224128390418981,ENSG00000099953,MMP11,-1.17745663376453,-1.4132811812837,0.999966905446727
HALLMARK_KRAS_SIGNALING_UP,-1.45235455437795,0.0224128390418981,ENSG00000067208,EVI5,-0.136660998361063,-1.34633305447781,0.999966905446727
HALLMARK_KRAS_SIGNALING_UP,-1.45235455437795,0.0224128390418981,ENSG00000123689,G0S2,-0.308311011369889,-1.30633480485212,0.999966905446727
HALLMARK_KRAS_SIGNALING_UP,-1.45235455437795,0.0224128390418981,ENSG00000086730,LAT2,-0.696572836974423,-1.2778300718742,0.999966905446727
HALLMARK_KRAS_SIGNALING_UP,-1.45235455437795,0.0224128390418981,ENSG00000100558,PLEK2,-0.112225188860639,-1.26808530632034,0.999966905446727
HALLMARK_KRAS_SIGNALING_UP,-1.45235455437795,0.0224128390418981,ENSG00000179163,FUCA1,-0.119378093949737,-1.26312631490852,0.999966905446727
HALLMARK_KRAS_SIGNALING_UP,-1.45235455437795,0.0224128390418981,ENSG00000117472,TSPAN1,-0.118294369727805,-1.26242131121792,0.999966905446727
HALLMARK_KRAS_SIGNALING_UP,-1.45235455437795,0.0224128390418981,ENSG00000115738,ID2,-0.0870360001566484,-1.19019072537651,0.999966905446727
HALLMARK_KRAS_SIGNALING_UP,-1.45235455437795,0.0224128390418981,ENSG00000054282,SDCCAG8,-0.168067949233332,-1.15228343511291,0.999966905446727
HALLMARK_KRAS_SIGNALING_UP,-1.45235455437795,0.0224128390418981,ENSG00000174808,BTC,-0.160401794346053,-1.07064886598577,0.999966905446727
HALLMARK_KRAS_SIGNALING_UP,-1.45235455437795,0.0224128390418981,ENSG00000124107,SLPI,-0.109144212612943,-1.04583963966392,0.999966905446727
HALLMARK_KRAS_SIGNALING_UP,-1.45235455437795,0.0224128390418981,ENSG00000139318,DUSP6,-0.0921847254364991,-0.989554089238231,0.999966905446727
HALLMARK_KRAS_SIGNALING_UP,-1.45235455437795,0.0224128390418981,ENSG00000106537,TSPAN13,-0.0441422235800004,-0.960140009512073,0.999966905446727
HALLMARK_KRAS_SIGNALING_UP,-1.45235455437795,0.0224128390418981,ENSG00000197930,ERO1A,-0.0444310478789019,-0.868648239899481,0.999966905446727
HALLMARK_KRAS_SIGNALING_UP,-1.45235455437795,0.0224128390418981,ENSG00000152348,ATG10,-0.111985633719709,-0.861455873028993,0.999966905446727
HALLMARK_KRAS_SIGNALING_UP,-1.45235455437795,0.0224128390418981,ENSG00000122641,INHBA,-0.0633666319191448,-0.844640541773204,0.999966905446727
HALLMARK_KRAS_SIGNALING_UP,-1.45235455437795,0.0224128390418981,ENSG00000132639,SNAP25,-0.37217027279409,-0.839113569744656,0.999966905446727
HALLMARK_KRAS_SIGNALING_UP,-1.45235455437795,0.0224128390418981,ENSG00000151876,FBXO4,-0.182860568831742,-0.830802503958351,0.999966905446727
HALLMARK_KRAS_SIGNALING_UP,-1.45235455437795,0.0224128390418981,ENSG00000106565,TMEM176B,-0.43140503361278,-0.82119025590519,0.999966905446727
HALLMARK_KRAS_SIGNALING_UP,-1.45235455437795,0.0224128390418981,ENSG00000073756,PTGS2,-0.0796354990794714,-0.794215653234596,0.999966905446727
HALLMARK_KRAS_SIGNALING_UP,-1.45235455437795,0.0224128390418981,ENSG00000104267,CA2,-0.0849051204256218,-0.774257440115276,0.999966905446727
HALLMARK_KRAS_SIGNALING_UP,-1.45235455437795,0.0224128390418981,ENSG00000136235,GPNMB,-0.171749323252104,-0.755767419033484,0.999966905446727
HALLMARK_KRAS_SIGNALING_UP,-1.45235455437795,0.0224128390418981,ENSG00000107554,DNMBP,-0.0587165250678501,-0.712491165822152,0.999966905446727
HALLMARK_KRAS_SIGNALING_UP,-1.45235455437795,0.0224128390418981,ENSG00000102543,CDADC1,-0.142930994882247,-0.712402171525893,0.999966905446727
HALLMARK_KRAS_SIGNALING_UP,-1.45235455437795,0.0224128390418981,ENSG00000056558,TRAF1,-0.183438835709968,-0.708392725365977,0.999966905446727
HALLMARK_KRAS_SIGNALING_UP,-1.45235455437795,0.0224128390418981,ENSG00000184254,ALDH1A3,-0.0323094811676508,-0.701744831479951,0.999966905446727
HALLMARK_KRAS_SIGNALING_UP,-1.45235455437795,0.0224128390418981,ENSG00000173933,RBM4,-0.0311912708005649,-0.691214931616046,0.999966905446727
HALLMARK_KRAS_SIGNALING_UP,-1.45235455437795,0.0224128390418981,ENSG00000105221,AKT2,-0.0384537150262374,-0.691190832322248,0.999966905446727
HALLMARK_KRAS_SIGNALING_UP,-1.45235455437795,0.0224128390418981,ENSG00000172331,BPGM,-0.0690722869060998,-0.671652821305855,0.999966905446727
HALLMARK_KRAS_SIGNALING_UP,-1.45235455437795,0.0224128390418981,ENSG00000163131,CTSS,-0.0522063687917769,-0.670444153339039,0.999966905446727
HALLMARK_KRAS_SIGNALING_UP,-1.45235455437795,0.0224128390418981,ENSG00000005469,CROT,-0.0886510358122397,-0.64270570248881,0.999966905446727
HALLMARK_KRAS_SIGNALING_UP,-1.45235455437795,0.0224128390418981,ENSG00000173801,JUP,-0.0213337692948274,-0.629593667231339,0.999966905446727
HALLMARK_KRAS_SIGNALING_UP,-1.45235455437795,0.0224128390418981,ENSG00000020181,ADGRA2,-0.212846989951933,-0.624647610646733,0.999966905446727
HALLMARK_UNFOLDED_PROTEIN_RESPONSE,-1.44965062130166,0.0358479773225121,ENSG00000120742,SERP1,-0.10475582882081,-2.7452809662255,0.758333387324715
HALLMARK_UNFOLDED_PROTEIN_RESPONSE,-1.44965062130166,0.0358479773225121,ENSG00000172071,EIF2AK3,-0.213032797993299,-2.4442301972394,0.999966905446727
HALLMARK_UNFOLDED_PROTEIN_RESPONSE,-1.44965062130166,0.0358479773225121,ENSG00000129128,SPCS3,-0.144606960542622,-2.30802786287525,0.999966905446727
HALLMARK_UNFOLDED_PROTEIN_RESPONSE,-1.44965062130166,0.0358479773225121,ENSG00000105171,POP4,-0.185484683611702,-2.22101475989638,0.999966905446727
HALLMARK_UNFOLDED_PROTEIN_RESPONSE,-1.44965062130166,0.0358479773225121,ENSG00000134001,EIF2S1,-0.100553488629512,-1.99936391138297,0.999966905446727
HALLMARK_UNFOLDED_PROTEIN_RESPONSE,-1.44965062130166,0.0358479773225121,ENSG00000187840,EIF4EBP1,-0.0886210042902917,-1.83741667715522,0.999966905446727
HALLMARK_UNFOLDED_PROTEIN_RESPONSE,-1.44965062130166,0.0358479773225121,ENSG00000113300,CNOT6,-0.174538416057717,-1.83342157804803,0.999966905446727
HALLMARK_UNFOLDED_PROTEIN_RESPONSE,-1.44965062130166,0.0358479773225121,ENSG00000140612,SEC11A,-0.0752242792785804,-1.80218007660752,0.999966905446727
HALLMARK_UNFOLDED_PROTEIN_RESPONSE,-1.44965062130166,0.0358479773225121,ENSG00000173207,CKS1B,-0.0801473059744225,-1.75409912000511,0.999966905446727
HALLMARK_UNFOLDED_PROTEIN_RESPONSE,-1.44965062130166,0.0358479773225121,ENSG00000134109,EDEM1,-0.0998973277820725,-1.62146517556484,0.999966905446727
HALLMARK_UNFOLDED_PROTEIN_RESPONSE,-1.44965062130166,0.0358479773225121,ENSG00000166598,HSP90B1,-0.0415698469552111,-1.48356419757669,0.999966905446727
HALLMARK_UNFOLDED_PROTEIN_RESPONSE,-1.44965062130166,0.0358479773225121,ENSG00000151929,BAG3,-0.0776012178357803,-1.43387396978142,0.999966905446727
HALLMARK_UNFOLDED_PROTEIN_RESPONSE,-1.44965062130166,0.0358479773225121,ENSG00000143870,PDIA6,-0.0421125297336155,-1.42831807609771,0.999966905446727
HALLMARK_UNFOLDED_PROTEIN_RESPONSE,-1.44965062130166,0.0358479773225121,ENSG00000162772,ATF3,-0.204072570023207,-1.41198897044169,0.999966905446727
HALLMARK_UNFOLDED_PROTEIN_RESPONSE,-1.44965062130166,0.0358479773225121,ENSG00000120837,NFYB,-0.097538285592814,-1.39793516926649,0.999966905446727
HALLMARK_UNFOLDED_PROTEIN_RESPONSE,-1.44965062130166,0.0358479773225121,ENSG00000145912,NHP2,-0.0586869178476794,-1.30806923033519,0.999966905446727
HALLMARK_UNFOLDED_PROTEIN_RESPONSE,-1.44965062130166,0.0358479773225121,ENSG00000065485,PDIA5,-0.10533007695368,-1.18444427102555,0.999966905446727
HALLMARK_UNFOLDED_PROTEIN_RESPONSE,-1.44965062130166,0.0358479773225121,ENSG00000128590,DNAJB9,-0.193237357257559,-1.15998852923781,0.999966905446727
HALLMARK_UNFOLDED_PROTEIN_RESPONSE,-1.44965062130166,0.0358479773225121,ENSG00000113739,STC2,-0.0646524822361211,-1.1595025471138,0.999966905446727
HALLMARK_UNFOLDED_PROTEIN_RESPONSE,-1.44965062130166,0.0358479773225121,ENSG00000140694,PARN,-0.0782987308576568,-1.15667544074587,0.999966905446727
HALLMARK_UNFOLDED_PROTEIN_RESPONSE,-1.44965062130166,0.0358479773225121,ENSG00000173559,NABP1,-0.111447649293012,-1.05751662283525,0.999966905446727
HALLMARK_UNFOLDED_PROTEIN_RESPONSE,-1.44965062130166,0.0358479773225121,ENSG00000179218,CALR,-0.0359986786147015,-1.04794292888867,0.999966905446727
HALLMARK_UNFOLDED_PROTEIN_RESPONSE,-1.44965062130166,0.0358479773225121,ENSG00000115902,SLC1A4,-0.0985700268142668,-1.03404599974058,0.999966905446727
HALLMARK_UNFOLDED_PROTEIN_RESPONSE,-1.44965062130166,0.0358479773225121,ENSG00000138674,SEC31A,-0.0568438771422704,-0.969881776620873,0.999966905446727
HALLMARK_UNFOLDED_PROTEIN_RESPONSE,-1.44965062130166,0.0358479773225121,ENSG00000177971,IMP3,-0.0535438883586985,-0.947938650707924,0.999966905446727
HALLMARK_UNFOLDED_PROTEIN_RESPONSE,-1.44965062130166,0.0358479773225121,ENSG00000153879,CEBPG,-0.0554500264934713,-0.929583302213045,0.999966905446727
HALLMARK_UNFOLDED_PROTEIN_RESPONSE,-1.44965062130166,0.0358479773225121,ENSG00000197930,ERO1A,-0.0444310478789019,-0.868648239899481,0.999966905446727
HALLMARK_UNFOLDED_PROTEIN_RESPONSE,-1.44965062130166,0.0358479773225121,ENSG00000070669,ASNS,-0.0897126171105536,-0.857274420402818,0.999966905446727
HALLMARK_REACTIVE_OXYGEN_SPECIES_PATHWAY,-1.60372369888442,0.0401124176221762,ENSG00000136810,TXN,-0.083328189533878,-2.02842227356796,0.999966905446727
HALLMARK_REACTIVE_OXYGEN_SPECIES_PATHWAY,-1.60372369888442,0.0401124176221762,ENSG00000087086,FTL,-0.061383970886505,-2.0283709969932,0.999966905446727
HALLMARK_REACTIVE_OXYGEN_SPECIES_PATHWAY,-1.60372369888442,0.0401124176221762,ENSG00000117450,PRDX1,-0.0677479753512136,-1.93904481463573,0.999966905446727
HALLMARK_REACTIVE_OXYGEN_SPECIES_PATHWAY,-1.60372369888442,0.0401124176221762,ENSG00000173221,GLRX,-0.222231095536317,-1.57241012649412,0.999966905446727
HALLMARK_REACTIVE_OXYGEN_SPECIES_PATHWAY,-1.60372369888442,0.0401124176221762,ENSG00000134248,LAMTOR5,-0.12029402795482,-1.56433715708659,0.999966905446727
HALLMARK_REACTIVE_OXYGEN_SPECIES_PATHWAY,-1.60372369888442,0.0401124176221762,ENSG00000167815,PRDX2,-0.0779751733262629,-1.45971157043207,0.999966905446727
HALLMARK_REACTIVE_OXYGEN_SPECIES_PATHWAY,-1.60372369888442,0.0401124176221762,ENSG00000177556,ATOX1,-0.0772485594701452,-1.32226211395209,0.999966905446727
HALLMARK_REACTIVE_OXYGEN_SPECIES_PATHWAY,-1.60372369888442,0.0401124176221762,ENSG00000167468,GPX4,-0.0470647534054423,-1.07168557033599,0.999966905446727
HALLMARK_REACTIVE_OXYGEN_SPECIES_PATHWAY,-1.60372369888442,0.0401124176221762,ENSG00000123131,PRDX4,-0.0474790968433329,-1.06767810810254,0.999966905446727
HALLMARK_REACTIVE_OXYGEN_SPECIES_PATHWAY,-1.60372369888442,0.0401124176221762,ENSG00000181019,NQO1,-0.0416388457144906,-1.01700177153124,0.999966905446727
HALLMARK_REACTIVE_OXYGEN_SPECIES_PATHWAY,-1.60372369888442,0.0401124176221762,ENSG00000104687,GSR,-0.0412654182675136,-1.01263675932808,0.999966905446727
HALLMARK_REACTIVE_OXYGEN_SPECIES_PATHWAY,-1.60372369888442,0.0401124176221762,ENSG00000142168,SOD1,-0.0488573439716592,-0.961657092908035,0.999966905446727
HALLMARK_REACTIVE_OXYGEN_SPECIES_PATHWAY,-1.60372369888442,0.0401124176221762,ENSG00000131871,SELENOS,-0.0527498226859625,-0.921796713361646,0.999966905446727
HALLMARK_REACTIVE_OXYGEN_SPECIES_PATHWAY,-1.60372369888442,0.0401124176221762,ENSG00000198431,TXNRD1,-0.0418363330864477,-0.887016229315684,0.999966905446727
HALLMARK_REACTIVE_OXYGEN_SPECIES_PATHWAY,-1.60372369888442,0.0401124176221762,ENSG00000129355,CDKN2D,-0.129585005625093,-0.809429061170075,0.999966905446727
HALLMARK_REACTIVE_OXYGEN_SPECIES_PATHWAY,-1.60372369888442,0.0401124176221762,ENSG00000160211,G6PD,-0.0320651865252994,-0.773956406354217,0.999966905446727
HALLMARK_REACTIVE_OXYGEN_SPECIES_PATHWAY,-1.60372369888442,0.0401124176221762,ENSG00000158864,NDUFS2,-0.0373327869560085,-0.704873261910615,0.999966905446727
HALLMARK_REACTIVE_OXYGEN_SPECIES_PATHWAY,-1.60372369888442,0.0401124176221762,ENSG00000023909,GCLM,-0.0401072409485881,-0.676845853811157,0.999966905446727
HALLMARK_REACTIVE_OXYGEN_SPECIES_PATHWAY,-1.60372369888442,0.0401124176221762,ENSG00000119383,PTPA,-0.0333866670899976,-0.602028463791181,0.999966905446727
HALLMARK_REACTIVE_OXYGEN_SPECIES_PATHWAY,-1.60372369888442,0.0401124176221762,ENSG00000103415,HMOX2,-0.0312107332154592,-0.564722608343233,0.999966905446727
HALLMARK_REACTIVE_OXYGEN_SPECIES_PATHWAY,-1.60372369888442,0.0401124176221762,ENSG00000008394,MGST1,-0.0196870497761931,-0.544154752588951,0.999966905446727
HALLMARK_REACTIVE_OXYGEN_SPECIES_PATHWAY,-1.60372369888442,0.0401124176221762,ENSG00000172939,OXSR1,-0.0259933940951115,-0.517652185178449,0.999966905446727
HALLMARK_REACTIVE_OXYGEN_SPECIES_PATHWAY,-1.60372369888442,0.0401124176221762,ENSG00000107438,PDLIM1,-0.0432334386076957,-0.49040961037099,0.999966905446727
HALLMARK_UV_RESPONSE_DN,1.39935372667139,0.0401124176221762,ENSG00000198718,TOGARAM1,0.336076998619279,2.83386925654639,0.662452717823411
HALLMARK_UV_RESPONSE_DN,1.39935372667139,0.0401124176221762,ENSG00000171608,PIK3CD,0.581615291894977,2.67549092143565,0.807326517789262
HALLMARK_UV_RESPONSE_DN,1.39935372667139,0.0401124176221762,ENSG00000182979,MTA1,0.201075207203392,2.60156054808107,0.896355487344047
HALLMARK_UV_RESPONSE_DN,1.39935372667139,0.0401124176221762,ENSG00000124788,ATXN1,0.325815719237841,1.98754175073388,0.999966905446727
HALLMARK_UV_RESPONSE_DN,1.39935372667139,0.0401124176221762,ENSG00000047056,WDR37,0.190897763405825,1.75917035744699,0.999966905446727
HALLMARK_UV_RESPONSE_DN,1.39935372667139,0.0401124176221762,ENSG00000160293,VAV2,0.124566309155597,1.69502996159758,0.999966905446727
HALLMARK_UV_RESPONSE_DN,1.39935372667139,0.0401124176221762,ENSG00000117020,AKT3,0.162423851809091,1.64241763972065,0.999966905446727
HALLMARK_UV_RESPONSE_DN,1.39935372667139,0.0401124176221762,ENSG00000187210,GCNT1,0.37814914531084,1.63114533699384,0.999966905446727
HALLMARK_UV_RESPONSE_DN,1.39935372667139,0.0401124176221762,ENSG00000160145,KALRN,0.503668984135757,1.46344705411678,0.999966905446727
HALLMARK_UV_RESPONSE_DN,1.39935372667139,0.0401124176221762,ENSG00000164190,NIPBL,0.0863407316598975,1.44981471701143,0.999966905446727
HALLMARK_UV_RESPONSE_DN,1.39935372667139,0.0401124176221762,ENSG00000112941,TENT4A,0.0953436364189727,1.336873962918,0.999966905446727
HALLMARK_UV_RESPONSE_DN,1.39935372667139,0.0401124176221762,ENSG00000164252,AGGF1,0.0858470849055636,1.30718343538846,0.999966905446727
HALLMARK_UV_RESPONSE_DN,1.39935372667139,0.0401124176221762,ENSG00000135862,LAMC1,0.0549805734396271,1.29549913409442,0.999966905446727
HALLMARK_UV_RESPONSE_DN,1.39935372667139,0.0401124176221762,ENSG00000130164,LDLR,0.0721110161255413,1.27690435849491,0.999966905446727
HALLMARK_UV_RESPONSE_DN,1.39935372667139,0.0401124176221762,ENSG00000169715,MT1E,0.43625394308948,1.22391697497323,0.999966905446727
HALLMARK_UV_RESPONSE_DN,1.39935372667139,0.0401124176221762,ENSG00000171132,PRKCE,0.203220611289183,1.20122689931536,0.999966905446727
HALLMARK_UV_RESPONSE_DN,1.39935372667139,0.0401124176221762,ENSG00000058668,ATP2B4,0.222817331576657,1.16651420686356,0.999966905446727
HALLMARK_UV_RESPONSE_DN,1.39935372667139,0.0401124176221762,ENSG00000117525,F3,0.0479001735641192,1.15452665317257,0.999966905446727
HALLMARK_UV_RESPONSE_DN,1.39935372667139,0.0401124176221762,ENSG00000134107,BHLHE40,0.0736942764402353,1.11359207126565,0.999966905446727
HALLMARK_UV_RESPONSE_DN,1.39935372667139,0.0401124176221762,ENSG00000131018,SYNE1,0.107511380924782,1.09458330197407,0.999966905446727
HALLMARK_UV_RESPONSE_DN,1.39935372667139,0.0401124176221762,ENSG00000115641,FHL2,0.0753908953990063,1.06585964463374,0.999966905446727
HALLMARK_UV_RESPONSE_DN,1.39935372667139,0.0401124176221762,ENSG00000137764,MAP2K5,0.143947636131556,1.06166424545096,0.999966905446727
HALLMARK_UV_RESPONSE_DN,1.39935372667139,0.0401124176221762,ENSG00000186350,RXRA,0.0831378584905068,1.05860627045039,0.999966905446727
HALLMARK_UV_RESPONSE_DN,1.39935372667139,0.0401124176221762,ENSG00000049323,LTBP1,0.140699067059321,1.02801590888266,0.999966905446727
HALLMARK_UV_RESPONSE_DN,1.39935372667139,0.0401124176221762,ENSG00000107779,BMPR1A,0.0912222959890656,1.00783687637879,0.999966905446727
HALLMARK_UV_RESPONSE_DN,1.39935372667139,0.0401124176221762,ENSG00000147862,NFIB,0.0840146884636725,0.986360215371368,0.999966905446727
HALLMARK_UV_RESPONSE_DN,1.39935372667139,0.0401124176221762,ENSG00000111276,CDKN1B,0.0620320042041166,0.976483159661934,0.999966905446727
HALLMARK_UV_RESPONSE_DN,1.39935372667139,0.0401124176221762,ENSG00000141837,CACNA1A,0.31664860128643,0.953697658663866,0.999966905446727
HALLMARK_UV_RESPONSE_DN,1.39935372667139,0.0401124176221762,ENSG00000120129,DUSP1,0.103692592683705,0.920768656006381,0.999966905446727
HALLMARK_UV_RESPONSE_DN,1.39935372667139,0.0401124176221762,ENSG00000159216,RUNX1,0.0592677555234333,0.907696186677161,0.999966905446727
HALLMARK_UV_RESPONSE_DN,1.39935372667139,0.0401124176221762,ENSG00000163935,SFMBT1,0.0876302253556857,0.904442634679668,0.999966905446727
HALLMARK_UV_RESPONSE_DN,1.39935372667139,0.0401124176221762,ENSG00000131788,PIAS3,0.0674522104632014,0.842771585327597,0.999966905446727
HALLMARK_UV_RESPONSE_DN,1.39935372667139,0.0401124176221762,ENSG00000186480,INSIG1,0.0514340372270671,0.83562164452204,0.999966905446727
HALLMARK_UV_RESPONSE_DN,1.39935372667139,0.0401124176221762,ENSG00000142871,CCN1,0.0348622203246581,0.736295560850009,0.999966905446727
HALLMARK_UV_RESPONSE_DN,1.39935372667139,0.0401124176221762,ENSG00000140092,FBLN5,0.418244062659237,0.735672473784368,0.999966905446727
HALLMARK_UV_RESPONSE_DN,1.39935372667139,0.0401124176221762,ENSG00000101665,SMAD7,0.0726496185744743,0.725478053173132,0.999966905446727
HALLMARK_UV_RESPONSE_DN,1.39935372667139,0.0401124176221762,ENSG00000196876,SCN8A,0.229905765023937,0.716841904343516,0.999966905446727
HALLMARK_UV_RESPONSE_DN,1.39935372667139,0.0401124176221762,ENSG00000115963,RND3,0.0472732591048355,0.703271187619734,0.999966905446727
HALLMARK_UV_RESPONSE_DN,1.39935372667139,0.0401124176221762,ENSG00000174738,NR1D2,0.0668648265558617,0.690497447644023,0.999966905446727
HALLMARK_UV_RESPONSE_DN,1.39935372667139,0.0401124176221762,ENSG00000163513,TGFBR2,0.0318068511159668,0.683432459280318,0.999966905446727
HALLMARK_UV_RESPONSE_DN,1.39935372667139,0.0401124176221762,ENSG00000118482,PHF3,0.0397278734172725,0.68197168202261,0.999966905446727
