"gene_id","wald_statistic"
"ENSG00000288422",6.65519733276841
"ENSG00000276072",6.15516775494894
"ENSG00000241296",5.16182362676586
"ENSG00000105576",5.15978835355876
"ENSG00000226704",5.066176580827
"ENSG00000171680",4.87449798580003
"ENSG00000231116",4.67651728701784
"ENSG00000204444",4.46697120593802
"ENSG00000163660",4.35467060857995
"ENSG00000082805",4.20616561002228
"ENSG00000047578",4.19611293757957
"ENSG00000138834",4.19539222647009
"ENSG00000070061",4.12088535913428
"ENSG00000132382",4.01262625901619
"ENSG00000211459",3.94292354783519
"ENSG00000039068",3.92099189342727
"ENSG00000137337",3.90148378001627
"ENSG00000124181",3.84420991452633
"ENSG00000205726",3.83123601051474
"ENSG00000151006",3.81127804795812
"ENSG00000134058",3.68009304665093
"ENSG00000169031",3.6651139280534
"ENSG00000130699",3.65681165479463
"ENSG00000254413",3.64991377636248
"ENSG00000261796",3.64051922969259
"ENSG00000243716",3.61022729208286
"ENSG00000255082",3.59910242200919
"ENSG00000171940",3.57698977138286
"ENSG00000101181",3.56274304172483
"ENSG00000130695",3.5430422930689
"ENSG00000276068",3.53544152567486
"ENSG00000303205",3.53147448577592
"ENSG00000168137",3.51582046005352
"ENSG00000109920",3.50118803155942
"ENSG00000152223",3.45489281215678
"ENSG00000189367",3.42851697140499
"ENSG00000167395",3.40175309440612
"ENSG00000078018",3.38315703439695
"ENSG00000224501",3.37413733312795
"ENSG00000183454",3.37103321223691
"ENSG00000198837",3.37076470262693
"ENSG00000114857",3.35658651374339
"ENSG00000242125",3.34383976711567
"ENSG00000135127",3.30782916633583
"ENSG00000183597",3.2982902395846
"ENSG00000268350",3.28144833456379
"ENSG00000140332",3.27306047871141
"ENSG00000170581",3.25777186619454
"ENSG00000123104",3.25391413033165
"ENSG00000274305",3.22879729281746
"ENSG00000204359",3.21532551286179
"ENSG00000196150",3.17254945860382
"ENSG00000275748",3.16933136234707
"ENSG00000138442",3.14422516314549
"ENSG00000177084",3.13372751779567
"ENSG00000115355",3.13207194036032
"ENSG00000278259",3.0983346448219
"ENSG00000163449",3.09468913165087
"ENSG00000276910",3.073352731402
"ENSG00000228315",3.07316496101465
"ENSG00000100813",3.05762148445334
"ENSG00000047346",3.05205572751831
"ENSG00000204149",3.04992082176034
"ENSG00000171914",3.04944784119775
"ENSG00000197937",3.03542151267275
"ENSG00000143398",3.03037879969398
"ENSG00000167614",3.01766906790727
"ENSG00000138092",2.990479783932
"ENSG00000232040",2.98718184967452
"ENSG00000159842",2.98175592533622
"ENSG00000170734",2.97822924728101
"ENSG00000240230",2.94665927752606
"ENSG00000280993",2.93411958671981
"ENSG00000130827",2.92672422641153
"ENSG00000288683",2.92299765408785
"ENSG00000136935",2.89469834400208
"ENSG00000168159",2.86449097103156
"ENSG00000276833",2.85203126310699
"ENSG00000132274",2.85191135773514
"ENSG00000108799",2.84892633023049
"ENSG00000167107",2.84557830385561
"ENSG00000197536",2.83616440171014
"ENSG00000198718",2.83386925654639
"ENSG00000143379",2.8271192051429
"ENSG00000077044",2.81416674981455
"ENSG00000132361",2.8070591823517
"ENSG00000125347",2.78768011086325
"ENSG00000205133",2.77515385729528
"ENSG00000129657",2.77319642859492
"ENSG00000170448",2.76956853243673
"ENSG00000136152",2.75657545405819
"ENSG00000009830",2.75304724537814
"ENSG00000066248",2.73737311811265
"ENSG00000280145",2.73095891450601
"ENSG00000186019",2.72807567365808
"ENSG00000006282",2.72390299718213
"ENSG00000279352",2.72378922407438
"ENSG00000257103",2.72040790825662
"ENSG00000178662",2.70080125629933
"ENSG00000159239",2.69477062188854
"ENSG00000196155",2.69266848513021
"ENSG00000145388",2.69049380152225
"ENSG00000151687",2.68928947809587
"ENSG00000152527",2.68864498243429
"ENSG00000134539",2.67881745825227
"ENSG00000171608",2.67549092143565
"ENSG00000168468",2.66906964385684
"ENSG00000090857",2.65280840883954
"ENSG00000122257",2.65004831011811
"ENSG00000224542",2.64300564294967
"ENSG00000291151",2.622569925489
"ENSG00000157833",2.62256222102039
"ENSG00000150990",2.61405514074396
"ENSG00000267002",2.61245688111995
"ENSG00000116833",2.60374269968607
"ENSG00000182979",2.60156054808107
"ENSG00000274933",2.59418919060065
"ENSG00000244257",2.59242757427025
"ENSG00000189091",2.58035193482412
"ENSG00000235727",2.57331412527552
"ENSG00000163684",2.56621139670221
"ENSG00000143995",2.56345959285317
"ENSG00000244731",2.56278485724897
"ENSG00000198026",2.55665574949583
"ENSG00000117625",2.55654128780992
"ENSG00000103168",2.55458385050724
"ENSG00000187775",2.54918896288227
"ENSG00000272328",2.53530471274543
"ENSG00000166275",2.53186135821402
"ENSG00000282522",2.52414771477844
"ENSG00000166444",2.51654549326653
"ENSG00000246695",2.51256789775536
"ENSG00000215012",2.50271801725585
"ENSG00000138002",2.49972949357465
"ENSG00000114270",2.49684419563852
"ENSG00000176953",2.49393507328592
"ENSG00000008300",2.48448884261099
"ENSG00000282953",2.48260036660821
"ENSG00000160325",2.48209414204059
"ENSG00000117983",2.47915255325228
"ENSG00000008256",2.47788797197824
"ENSG00000296642",2.47066411597004
"ENSG00000294255",2.46719154468909
"ENSG00000170265",2.46259440861433
"ENSG00000183054",2.45862667647376
"ENSG00000197580",2.4334794977666
"ENSG00000276155",2.43319110555743
"ENSG00000181027",2.43102491599875
"ENSG00000075213",2.43044991394745
"ENSG00000293550",2.42464588088584
"ENSG00000075856",2.42399378080576
"ENSG00000132470",2.4194930785905
"ENSG00000141002",2.40470292545
"ENSG00000157045",2.39423911655303
"ENSG00000100376",2.39177508172338
"ENSG00000124177",2.38895619214856
"ENSG00000006025",2.38787426413357
"ENSG00000093144",2.38328565872327
"ENSG00000109445",2.37505475662186
"ENSG00000188004",2.37290232185611
"ENSG00000180712",2.37245728884272
"ENSG00000143248",2.36878987415534
"ENSG00000289027",2.36742051128372
"ENSG00000140521",2.36317479796659
"ENSG00000101544",2.36309780418732
"ENSG00000133065",2.3603163531677
"ENSG00000047849",2.36009263565947
"ENSG00000146067",2.35879593994414
"ENSG00000124571",2.35375841126135
"ENSG00000099991",2.3536106994886
"ENSG00000102858",2.35346774057054
"ENSG00000135596",2.35326019579603
"ENSG00000126215",2.35236901520713
"ENSG00000293372",2.35206390950775
"ENSG00000134152",2.3431468063859
"ENSG00000054118",2.34257092412672
"ENSG00000049769",2.34142853273637
"ENSG00000173757",2.33968611465598
"ENSG00000297093",2.33267387277218
"ENSG00000183426",2.32407299123629
"ENSG00000053254",2.32335838302421
"ENSG00000165323",2.32317265496225
"ENSG00000290385",2.32120474166795
"ENSG00000102554",2.31642301882463
"ENSG00000231881",2.31418856265558
"ENSG00000270882",2.31150670620482
"ENSG00000290585",2.30403699890204
"ENSG00000166507",2.30292064340881
"ENSG00000124193",2.30137276023368
"ENSG00000002016",2.29997328918438
"ENSG00000130779",2.29505349971935
"ENSG00000119772",2.29103867471413
"ENSG00000073910",2.28849882286985
"ENSG00000100557",2.2877894937426
"ENSG00000176783",2.28771876379383
"ENSG00000140682",2.28556276408504
"ENSG00000204256",2.28485041783902
"ENSG00000231999",2.28423554973396
"ENSG00000041982",2.28279097504201
"ENSG00000278174",2.27510809502735
"ENSG00000300487",2.27107341515838
"ENSG00000128607",2.26211973179716
"ENSG00000198089",2.26137421703083
"ENSG00000154781",2.26061289543994
"ENSG00000110274",2.255013975149
"ENSG00000180008",2.25145991279496
"ENSG00000032444",2.24947389514401
"ENSG00000170921",2.24918238200003
"ENSG00000172766",2.2479241916168
"ENSG00000163482",2.2418325574705
"ENSG00000260280",2.24130168476635
"ENSG00000152818",2.24125408995539
"ENSG00000230844",2.24003141366352
"ENSG00000176542",2.23441525278492
"ENSG00000128872",2.23249866212445
"ENSG00000130714",2.23228112088114
"ENSG00000122482",2.22635540676918
"ENSG00000167535",2.22601577626967
"ENSG00000274780",2.22464217673356
"ENSG00000033050",2.22405262503967
"ENSG00000168116",2.22394643911808
"ENSG00000126012",2.2183642435282
"ENSG00000290796",2.21690856795281
"ENSG00000308185",2.21645773611255
"ENSG00000277991",2.21040161029952
"ENSG00000306316",2.20591761182598
"ENSG00000142039",2.20510502370938
"ENSG00000008710",2.19962699919858
"ENSG00000141994",2.1980548032806
"ENSG00000274372",2.19793183899926
"ENSG00000152556",2.19675165294665
"ENSG00000064270",2.19633386156678
"ENSG00000029363",2.19577988062136
"ENSG00000101966",2.19420322062389
"ENSG00000167987",2.19232679540922
"ENSG00000302389",2.1909555311266
"ENSG00000250602",2.19020979330973
"ENSG00000185499",2.18763863414333
"ENSG00000136237",2.18731237138061
"ENSG00000164684",2.18373804785011
"ENSG00000076641",2.18103237498037
"ENSG00000133816",2.17903236430951
"ENSG00000179240",2.17624037962939
"ENSG00000102753",2.17349682643658
"ENSG00000163435",2.17293500338799
"ENSG00000104635",2.17102188428549
"ENSG00000117724",2.17068864724177
"ENSG00000188452",2.16939504108034
"ENSG00000263001",2.16935333886138
"ENSG00000100325",2.16611969098863
"ENSG00000104228",2.164917034742
"ENSG00000204463",2.16252301000705
"ENSG00000134815",2.16007595371921
"ENSG00000167608",2.15643839486859
"ENSG00000144504",2.15428380504208
"ENSG00000198911",2.15292599656595
"ENSG00000110497",2.15135287092581
"ENSG00000127054",2.14970031301257
"ENSG00000169375",2.14846708249427
"ENSG00000293586",2.14214899508542
"ENSG00000147459",2.14108739987013
"ENSG00000198753",2.14029135986667
"ENSG00000101104",2.14020587996889
"ENSG00000087502",2.13865421155642
"ENSG00000262580",2.13407684622409
"ENSG00000233232",2.13400173922875
"ENSG00000249042",2.13174493708572
"ENSG00000181555",2.13136267310374
"ENSG00000147162",2.12886292628718
"ENSG00000008838",2.12884321772737
"ENSG00000100344",2.12724710122504
"ENSG00000240694",2.12701273179621
"ENSG00000110090",2.1262800386745
"ENSG00000022556",2.12585452564882
"ENSG00000206573",2.12584037389639
"ENSG00000180304",2.12460696096224
"ENSG00000135372",2.12436983075021
"ENSG00000246145",2.12169610031215
"ENSG00000088836",2.11736942455482
"ENSG00000166546",2.1167431910457
"ENSG00000291975",2.11464523108337
"ENSG00000167110",2.10848245171458
"ENSG00000135686",2.1073052364579
"ENSG00000188157",2.10493766943735
"ENSG00000128159",2.10440287409218
"ENSG00000103356",2.0955065011508
"ENSG00000282725",2.09423032766822
"ENSG00000204560",2.09377558844216
"ENSG00000148843",2.09304301105203
"ENSG00000122642",2.09156783873456
"ENSG00000132604",2.0904469007591
"ENSG00000148343",2.09037109640418
"ENSG00000001631",2.08833591322864
"ENSG00000280682",2.08631632169289
"ENSG00000131067",2.08461482431526
"ENSG00000166845",2.08173042026747
"ENSG00000114098",2.08090193695167
"ENSG00000185246",2.08051825821229
"ENSG00000281763",2.08035900040697
"ENSG00000228727",2.07787124571128
"ENSG00000157353",2.07698264582334
"ENSG00000013441",2.07550749736591
"ENSG00000256223",2.07109395942173
"ENSG00000249388",2.06779732220636
"ENSG00000232616",2.06619621072279
"ENSG00000278087",2.06540645039416
"ENSG00000204839",2.06123512551456
"ENSG00000126243",2.06031711895346
"ENSG00000163785",2.06004902487891
"ENSG00000144426",2.05236884624124
"ENSG00000111641",2.05028795071188
"ENSG00000284946",2.04962486997014
"ENSG00000185920",2.04952697852751
"ENSG00000230724",2.04926564495365
"ENSG00000241956",2.04817495342814
"ENSG00000170881",2.04783369508952
"ENSG00000292233",2.04260343483415
"ENSG00000145819",2.03912843173901
"ENSG00000280143",2.03809024572141
"ENSG00000173898",2.03723411399102
"ENSG00000308358",2.03707134923003
"ENSG00000036549",2.03381866495731
"ENSG00000092969",2.03240830992176
"ENSG00000188493",2.03231375689612
"ENSG00000291027",2.03202088196515
"ENSG00000135604",2.02858781386916
"ENSG00000274675",2.02693396597654
"ENSG00000187555",2.02224899896857
"ENSG00000153707",2.01700322453851
"ENSG00000119139",2.01291854199232
"ENSG00000139174",2.01253020567412
"ENSG00000272808",2.01020174480446
"ENSG00000081189",2.0094811850156
"ENSG00000272455",2.00871350788285
"ENSG00000236649",2.00813313623185
"ENSG00000106608",2.00769442408913
"ENSG00000132793",2.00639794980745
"ENSG00000223695",2.00614992273343
"ENSG00000289109",2.00612320501722
"ENSG00000178209",2.00344217543374
"ENSG00000065882",2.00267698501603
"ENSG00000155974",2.00061072406849
"ENSG00000290951",2.00012148517021
"ENSG00000176092",1.99941661420772
"ENSG00000224861",1.99614374438864
"ENSG00000238198",1.99502989161413
"ENSG00000120784",1.9949463837419
"ENSG00000249592",1.99414731405179
"ENSG00000050426",1.98969409063377
"ENSG00000074855",1.98957921236336
"ENSG00000125740",1.98869624834836
"ENSG00000165684",1.98795455556918
"ENSG00000124788",1.98754175073388
"ENSG00000085982",1.98627973326963
"ENSG00000164953",1.98370955885048
"ENSG00000154864",1.98150769817251
"ENSG00000274891",1.97562168369771
"ENSG00000161010",1.9750408479166
"ENSG00000101019",1.97449680624288
"ENSG00000221978",1.97358259704446
"ENSG00000112182",1.97196512171525
"ENSG00000140479",1.97000160021647
"ENSG00000227195",1.96898365896659
"ENSG00000204231",1.96719715940866
"ENSG00000161996",1.96601059711513
"ENSG00000274944",1.96498841183318
"ENSG00000159314",1.96324142371435
"ENSG00000243056",1.96128229814051
"ENSG00000166908",1.96112497959262
"ENSG00000012822",1.96054764391836
"ENSG00000171988",1.95805746194139
"ENSG00000197948",1.95578870615751
"ENSG00000238289",1.95552989318476
"ENSG00000149016",1.95543269154957
"ENSG00000172432",1.95517318893125
"ENSG00000143093",1.95455259896623
"ENSG00000108773",1.95334670227901
"ENSG00000254681",1.95329581512435
"ENSG00000145723",1.9526048631607
"ENSG00000008086",1.95140980342678
"ENSG00000189337",1.95126308355091
"ENSG00000186566",1.95049347257989
"ENSG00000103365",1.95047120540327
"ENSG00000095261",1.94987946889223
"ENSG00000290555",1.94321793940263
"ENSG00000206376",1.94181468665085
"ENSG00000076351",1.94151299307749
"ENSG00000138381",1.94015251764672
"ENSG00000118898",1.93877154837373
"ENSG00000149823",1.93785500064355
"ENSG00000151474",1.93735659642799
"ENSG00000172869",1.93635992321163
"ENSG00000144681",1.93464512622372
"ENSG00000007202",1.93308018666723
"ENSG00000248714",1.93279213503365
"ENSG00000159307",1.93225274911891
"ENSG00000135540",1.93116830987876
"ENSG00000262454",1.92745797971379
"ENSG00000084774",1.92684119034846
"ENSG00000186523",1.92572765517572
"ENSG00000103249",1.92543471151129
"ENSG00000106714",1.92293736214914
"ENSG00000164211",1.92172206775541
"ENSG00000159433",1.92111908287254
"ENSG00000276935",1.92111339001535
"ENSG00000148384",1.91558939529589
"ENSG00000117394",1.9134590135233
"ENSG00000067715",1.91296186801829
"ENSG00000108352",1.91268984179869
"ENSG00000162929",1.91198680557011
"ENSG00000136381",1.91021579929859
"ENSG00000289405",1.90843585133535
"ENSG00000286523",1.90824289152339
"ENSG00000073670",1.90782162194472
"ENSG00000197566",1.90711841794644
"ENSG00000172893",1.90696140843645
"ENSG00000261326",1.90580182454384
"ENSG00000281283",1.90435266303886
"ENSG00000168411",1.90308139807586
"ENSG00000183747",1.90241920993277
"ENSG00000121988",1.89913453202691
"ENSG00000120738",1.89908833053342
"ENSG00000197119",1.89908692390306
"ENSG00000137332",1.89885836793314
"ENSG00000169710",1.89567637112044
"ENSG00000104133",1.8954285529587
"ENSG00000293311",1.89431975792262
"ENSG00000197261",1.89345283679269
"ENSG00000140474",1.89007682189297
"ENSG00000119922",1.88603631813842
"ENSG00000166233",1.88479716040848
"ENSG00000290970",1.88370479598907
"ENSG00000138411",1.88227245918003
"ENSG00000130749",1.88064381267201
"ENSG00000133812",1.87830007425636
"ENSG00000065413",1.8768881428025
"ENSG00000178188",1.87661579648537
"ENSG00000281398",1.87574124263409
"ENSG00000081665",1.87360016994601
"ENSG00000135108",1.87319593234894
"ENSG00000285967",1.87167715566522
"ENSG00000172661",1.87107003553655
"ENSG00000158545",1.86734520941435
"ENSG00000110171",1.8659996668532
"ENSG00000236445",1.86434904209179
"ENSG00000166575",1.86417485871876
"ENSG00000119699",1.85941644050077
"ENSG00000198910",1.8592471712181
"ENSG00000110060",1.85882269458953
"ENSG00000196187",1.85782516962045
"ENSG00000164078",1.85540416832974
"ENSG00000112715",1.85524741897794
"ENSG00000291210",1.85371546403353
"ENSG00000065029",1.85309738766071
"ENSG00000170271",1.85283331930906
"ENSG00000112319",1.8507698953242
"ENSG00000168502",1.84897193366662
"ENSG00000230366",1.84726946127837
"ENSG00000106123",1.84536111589592
"ENSG00000287200",1.84474677674911
"ENSG00000114554",1.84451617223889
"ENSG00000254806",1.84165739619707
"ENSG00000185842",1.83759666586186
"ENSG00000172878",1.83737348841792
"ENSG00000173588",1.83672060670082
"ENSG00000272752",1.83668782515171
"ENSG00000123243",1.83584691700797
"ENSG00000273213",1.83526687505748
"ENSG00000261067",1.83485954839117
"ENSG00000042445",1.8347829266815
"ENSG00000290394",1.83414823999097
"ENSG00000210082",1.8338775486924
"ENSG00000015133",1.83287840999051
"ENSG00000106077",1.83246694292657
"ENSG00000205336",1.83219239069393
"ENSG00000169718",1.82986064087675
"ENSG00000086712",1.82935128216501
"ENSG00000155066",1.82650425430241
"ENSG00000241132",1.82585811420571
"ENSG00000130023",1.82415553164022
"ENSG00000204227",1.82273995530483
"ENSG00000305960",1.82177238726718
"ENSG00000196872",1.82053443943415
"ENSG00000123095",1.81918374891451
"ENSG00000307013",1.81770755857619
"ENSG00000269404",1.81709916326647
"ENSG00000165795",1.81675301048184
"ENSG00000090615",1.81469533646376
"ENSG00000055147",1.81300820658757
"ENSG00000291083",1.8128983852249
"ENSG00000273513",1.81275900654346
"ENSG00000023041",1.81194834696889
"ENSG00000225697",1.8112361104166
"ENSG00000151090",1.80953197837496
"ENSG00000196275",1.80945549293728
"ENSG00000279442",1.80932877167465
"ENSG00000231389",1.80846623601317
"ENSG00000092929",1.80780972770001
"ENSG00000169246",1.80755440403913
"ENSG00000173531",1.80748311588798
"ENSG00000187164",1.80726296375286
"ENSG00000291088",1.80689880039705
"ENSG00000184381",1.80673025522794
"ENSG00000286928",1.80586839421904
"ENSG00000154889",1.80290748768748
"ENSG00000119729",1.80147307155917
"ENSG00000174943",1.79886608946568
"ENSG00000129351",1.79879984560365
"ENSG00000149503",1.79648601258764
"ENSG00000250608",1.79560874608183
"ENSG00000228784",1.79521551293726
"ENSG00000284196",1.79228693854709
"ENSG00000167280",1.79200093506856
"ENSG00000166979",1.79173845502746
"ENSG00000161048",1.79096821992591
"ENSG00000268750",1.79086981094759
"ENSG00000169733",1.7906630874369
"ENSG00000107104",1.78851975493356
"ENSG00000160216",1.78834830673188
"ENSG00000198064",1.78733950734152
"ENSG00000103126",1.78534321935027
"ENSG00000213963",1.78441527727519
"ENSG00000168066",1.78286880604999
"ENSG00000242588",1.78228122315713
"ENSG00000232956",1.78175301846816
"ENSG00000115275",1.78098306124048
"ENSG00000247363",1.77623222546849
"ENSG00000176928",1.77326546331668
"ENSG00000001084",1.77139045287202
"ENSG00000180370",1.76960532653946
"ENSG00000105357",1.76880182101257
"ENSG00000089057",1.76668536324991
"ENSG00000143624",1.76630180383542
"ENSG00000275740",1.76566797121467
"ENSG00000138061",1.76560121343177
"ENSG00000113161",1.76491171777274
"ENSG00000124422",1.7630237977241
"ENSG00000155438",1.76295617108941
"ENSG00000115368",1.76191957736178
"ENSG00000285219",1.76158779214525
"ENSG00000136169",1.7596102312776
"ENSG00000291081",1.75938724150248
"ENSG00000047056",1.75917035744699
"ENSG00000176915",1.75889473771154
"ENSG00000111271",1.75863663448246
"ENSG00000275917",1.75688317362095
"ENSG00000136205",1.75660234868155
"ENSG00000125741",1.75617318014203
"ENSG00000138449",1.75565122457832
"ENSG00000234719",1.75378073358898
"ENSG00000167971",1.75186668364732
"ENSG00000016391",1.75161730335017
"ENSG00000111364",1.75161607275091
"ENSG00000115183",1.74941194648813
"ENSG00000169062",1.74926339454332
"ENSG00000288348",1.74906062549818
"ENSG00000258458",1.74841585349603
"ENSG00000286001",1.74822623351423
"ENSG00000204923",1.74741935304167
"ENSG00000174915",1.74521641553914
"ENSG00000103335",1.74405525707484
"ENSG00000136813",1.74404769660509
"ENSG00000004399",1.74327366117559
"ENSG00000100578",1.74269773673735
"ENSG00000139624",1.74261329672824
"ENSG00000253438",1.74205393280531
"ENSG00000290993",1.74156038301478
"ENSG00000120093",1.74029387907167
"ENSG00000170260",1.73949428621881
"ENSG00000126822",1.73813182507564
"ENSG00000070610",1.73747853944269
"ENSG00000075826",1.73700043859814
"ENSG00000275708",1.7362397725592
"ENSG00000183723",1.73494013605546
"ENSG00000020577",1.73461864892614
"ENSG00000186866",1.7342047916517
"ENSG00000210127",1.73342076197403
"ENSG00000265313",1.73292594203369
"ENSG00000214050",1.73240185676415
"ENSG00000242512",1.73212502439706
"ENSG00000114770",1.73168679376597
"ENSG00000130052",1.7312266591905
"ENSG00000147257",1.72540392804464
"ENSG00000196693",1.72484912339554
"ENSG00000197024",1.72469542497123
"ENSG00000253305",1.72453564184474
"ENSG00000126391",1.72356562363994
"ENSG00000135298",1.72355103988876
"ENSG00000198373",1.72250372647563
"ENSG00000276850",1.72235363601407
"ENSG00000101076",1.72226793103607
"ENSG00000155329",1.72095868978172
"ENSG00000291035",1.71862177835323
"ENSG00000136383",1.71861369510241
"ENSG00000226257",1.71841597733501
"ENSG00000148606",1.71491608016604
"ENSG00000005844",1.71454016167118
"ENSG00000168488",1.71397389124279
"ENSG00000086589",1.7121480514221
"ENSG00000090565",1.71163034598923
"ENSG00000284820",1.7101374353433
"ENSG00000263072",1.70930422887619
"ENSG00000189229",1.7086559829714
"ENSG00000116497",1.70750435503919
"ENSG00000173542",1.70643596194767
"ENSG00000240053",1.7064087122425
"ENSG00000186260",1.70441437197579
"ENSG00000136699",1.70409594258918
"ENSG00000177842",1.70335294629931
"ENSG00000213463",1.70279703167322
"ENSG00000104833",1.70241475470696
"ENSG00000187742",1.70179340127074
"ENSG00000167880",1.70177129721181
"ENSG00000147996",1.7014329840103
"ENSG00000198862",1.70106073648386
"ENSG00000001617",1.69975755823084
"ENSG00000278742",1.69949081847392
"ENSG00000101346",1.69779244388442
"ENSG00000147082",1.69645986197874
"ENSG00000160293",1.69502996159758
"ENSG00000236088",1.69394332050667
"ENSG00000108443",1.69291218418414
"ENSG00000177683",1.69262743739785
"ENSG00000286118",1.69176948130268
"ENSG00000254531",1.69155612572925
"ENSG00000010322",1.68944709332583
"ENSG00000204569",1.68913598314823
"ENSG00000171759",1.68902905394935
"ENSG00000109046",1.68887857484432
"ENSG00000257527",1.68848253202236
"ENSG00000076685",1.6876816265626
"ENSG00000146112",1.68729172762753
"ENSG00000126759",1.68272352306524
"ENSG00000287885",1.68169593678944
"ENSG00000166025",1.68028428368199
"ENSG00000197176",1.67965772572774
"ENSG00000145782",1.67817728861809
"ENSG00000289018",1.6780197623737
"ENSG00000068971",1.67753268096587
"ENSG00000299595",1.6769778145433
"ENSG00000172840",1.67615897684722
"ENSG00000107951",1.67506227617176
"ENSG00000284691",1.67402098771781
"ENSG00000291124",1.67377498659188
"ENSG00000188766",1.67278474118233
"ENSG00000186687",1.67238523394555
"ENSG00000287110",1.67163933606597
"ENSG00000153767",1.67077255055593
"ENSG00000271425",1.67025653871506
"ENSG00000176681",1.67014035537624
"ENSG00000227420",1.66852733122794
"ENSG00000104728",1.66613113688702
"ENSG00000119397",1.665004547007
"ENSG00000172478",1.66468985085966
"ENSG00000196526",1.66417972608566
"ENSG00000078699",1.66338932935592
"ENSG00000157193",1.6632772731452
"ENSG00000117322",1.66278845156757
"ENSG00000274671",1.66201667508941
"ENSG00000309086",1.66140953426815
"ENSG00000262185",1.66077484829236
"ENSG00000035403",1.6600934232414
"ENSG00000214944",1.65976198590417
"ENSG00000175182",1.65781530798506
"ENSG00000080910",1.65743046158797
"ENSG00000179532",1.65742465467734
"ENSG00000099810",1.65648115047268
"ENSG00000160867",1.6556299523446
"ENSG00000085840",1.65488730199529
"ENSG00000137760",1.65452357517714
"ENSG00000218336",1.65386753956004
"ENSG00000111912",1.65305793066061
"ENSG00000115109",1.65233190503128
"ENSG00000276021",1.65211922152016
"ENSG00000106484",1.65173165226525
"ENSG00000291049",1.64885549920256
"ENSG00000265972",1.64642466238484
"ENSG00000135503",1.64569614619163
"ENSG00000196440",1.64558628601949
"ENSG00000239306",1.64393528602458
"ENSG00000291612",1.64385519847315
"ENSG00000291101",1.64310162162391
"ENSG00000117020",1.64241763972065
"ENSG00000291067",1.64230281289319
"ENSG00000275498",1.64205762315353
"ENSG00000105926",1.64163942963158
"ENSG00000125633",1.63988523841258
"ENSG00000158125",1.639854694331
"ENSG00000254162",1.63857659008932
"ENSG00000099814",1.6385601946389
"ENSG00000081177",1.63794305239568
"ENSG00000290827",1.6371721138245
"ENSG00000264058",1.63654622613343
"ENSG00000289701",1.63634166388961
"ENSG00000223525",1.63559240178694
"ENSG00000168675",1.63498016431074
"ENSG00000169220",1.63465547487684
"ENSG00000224910",1.63360886773008
"ENSG00000136807",1.63241340846946
"ENSG00000105722",1.63157376467683
"ENSG00000187210",1.63114533699384
"ENSG00000224470",1.62841983560065
"ENSG00000255652",1.62787368709289
"ENSG00000147419",1.62723523739048
"ENSG00000107537",1.62687349191772
"ENSG00000188959",1.62662615433857
"ENSG00000156253",1.62578039767021
"ENSG00000104835",1.62370476341045
"ENSG00000158163",1.62343320345363
"ENSG00000198535",1.62273605723068
"ENSG00000285302",1.6226632417528
"ENSG00000270344",1.6221546288513
"ENSG00000148297",1.62124322181337
"ENSG00000156170",1.62119775916531
"ENSG00000170632",1.62034107978614
"ENSG00000167524",1.6197068489143
"ENSG00000161202",1.61905579434502
"ENSG00000290146",1.61855065949913
"ENSG00000113119",1.61818792180031
"ENSG00000215790",1.61814006225195
"ENSG00000260873",1.61709212962588
"ENSG00000250575",1.6168964966141
"ENSG00000236149",1.61689257814722
"ENSG00000055483",1.61676998430174
"ENSG00000033030",1.61599779398554
"ENSG00000090889",1.61559297762131
"ENSG00000282947",1.6146924233465
"ENSG00000072133",1.61445142751553
"ENSG00000276776",1.61419086569671
"ENSG00000219626",1.61399245542
"ENSG00000172738",1.61338783677731
"ENSG00000244479",1.61266928072845
"ENSG00000147439",1.61259172879328
"ENSG00000073350",1.61207590015568
"ENSG00000010310",1.61082239385915
"ENSG00000121060",1.61049084681449
"ENSG00000137860",1.60972231944928
"ENSG00000239941",1.60948028618625
"ENSG00000142528",1.60788452833997
"ENSG00000278895",1.60743914576412
"ENSG00000146826",1.60663479820575
"ENSG00000113494",1.60648113316272
"ENSG00000100626",1.60557579401449
"ENSG00000162227",1.60369665068929
"ENSG00000157764",1.6036602928437
"ENSG00000162924",1.60069250256394
"ENSG00000231226",1.60000809323592
"ENSG00000176845",1.59677699447742
"ENSG00000184384",1.595332326544
"ENSG00000289177",1.59348212959829
"ENSG00000106034",1.59223157668153
"ENSG00000198178",1.59197209476982
"ENSG00000291010",1.59169967775649
"ENSG00000064313",1.5914320546531
"ENSG00000128191",1.58990331895821
"ENSG00000103021",1.58987952324935
"ENSG00000145198",1.58885930038601
"ENSG00000152219",1.58880392137235
"ENSG00000174652",1.58873359778866
"ENSG00000166148",1.58859162069525
"ENSG00000249815",1.58762701143949
"ENSG00000137845",1.58723388389802
"ENSG00000166532",1.58573831865194
"ENSG00000233384",1.58572912585746
"ENSG00000161328",1.58545846822267
"ENSG00000253251",1.58438801386002
"ENSG00000292308",1.58394781091086
"ENSG00000196678",1.58370483155875
"ENSG00000142798",1.58355515273867
"ENSG00000135917",1.58345393462497
"ENSG00000134291",1.58334613465831
"ENSG00000185513",1.58330391647657
"ENSG00000293306",1.58230518317176
"ENSG00000105738",1.58216811744722
"ENSG00000072422",1.58098295490181
"ENSG00000203896",1.58070798795251
"ENSG00000164045",1.58062673218306
"ENSG00000167377",1.58044604141224
"ENSG00000167232",1.57947972374107
"ENSG00000251322",1.57738897388563
"ENSG00000003756",1.57616995856728
"ENSG00000197020",1.57609976230819
"ENSG00000133026",1.57584352020577
"ENSG00000175984",1.57579743023736
"ENSG00000177030",1.57565424215694
"ENSG00000108784",1.57555548850552
"ENSG00000075292",1.57535622706075
"ENSG00000163596",1.57442365123132
"ENSG00000159267",1.57395415346454
"ENSG00000264964",1.57394136449906
"ENSG00000096996",1.57386849000454
"ENSG00000011114",1.5731916321235
"ENSG00000132849",1.57311017628791
"ENSG00000171219",1.57291181531562
"ENSG00000137411",1.57141190941156
"ENSG00000110400",1.57131496028057
"ENSG00000171163",1.56932448729402
"ENSG00000117009",1.56800412588755
"ENSG00000237441",1.56773277896674
"ENSG00000243156",1.56724195412082
"ENSG00000100226",1.566905770428
"ENSG00000289053",1.56653106805172
"ENSG00000160972",1.56583598356531
"ENSG00000128973",1.56563186898421
"ENSG00000185189",1.56521947385155
"ENSG00000197121",1.56483029931179
"ENSG00000269482",1.56403414559407
"ENSG00000196345",1.56353010274812
"ENSG00000177932",1.56351255039798
"ENSG00000229847",1.56347888602043
"ENSG00000106009",1.56311315864067
"ENSG00000176597",1.56305470123593
"ENSG00000113615",1.56295492140419
"ENSG00000205560",1.56273920346726
"ENSG00000154928",1.56219804777058
"ENSG00000157510",1.56206776573281
"ENSG00000162458",1.5613123136133
"ENSG00000180104",1.55968410529887
"ENSG00000138050",1.55895581586134
"ENSG00000137040",1.5572793281998
"ENSG00000137815",1.55607195841943
"ENSG00000254027",1.55530673631887
"ENSG00000178573",1.55487937061392
"ENSG00000132846",1.5542616996665
"ENSG00000120800",1.55372473205445
"ENSG00000093183",1.55364503890135
"ENSG00000226200",1.55276169652699
"ENSG00000138468",1.55202701591375
"ENSG00000106804",1.55195572568412
"ENSG00000143507",1.55125823718391
"ENSG00000105397",1.55102970876115
"ENSG00000035928",1.55087953209033
"ENSG00000040275",1.55080370973312
"ENSG00000204304",1.55008679938817
"ENSG00000203668",1.54983881101226
"ENSG00000226711",1.54872541415029
"ENSG00000274741",1.54745065677215
"ENSG00000146409",1.54738973375477
"ENSG00000175931",1.5471313035476
"ENSG00000254266",1.54655760266174
"ENSG00000128708",1.54646876996631
"ENSG00000290928",1.54625417921467
"ENSG00000310376",1.54616416627427
"ENSG00000272333",1.5448301250753
"ENSG00000197122",1.54379614662907
"ENSG00000203635",1.54270016741642
"ENSG00000135913",1.54224283395062
"ENSG00000132010",1.53983934932141
"ENSG00000155858",1.53867893150539
"ENSG00000183826",1.53864262155596
"ENSG00000153317",1.5384669687542
"ENSG00000127483",1.53784483897694
"ENSG00000164626",1.53758996878322
"ENSG00000290823",1.5370400573289
"ENSG00000214367",1.53645423426732
"ENSG00000088247",1.53608307475482
"ENSG00000027869",1.5358350115074
"ENSG00000140400",1.53527825440764
"ENSG00000225032",1.5352082493228
"ENSG00000234704",1.53431404141115
"ENSG00000274611",1.53404587579585
"ENSG00000121281",1.53296382744434
"ENSG00000008130",1.53290477243009
"ENSG00000174373",1.53270987844011
"ENSG00000172243",1.53222762257583
"ENSG00000286805",1.53173083920996
"ENSG00000135547",1.53153852233019
"ENSG00000224897",1.53132347526532
"ENSG00000126561",1.52973803712985
"ENSG00000123066",1.5294939779851
"ENSG00000275066",1.52927026220796
"ENSG00000276358",1.52856501819241
"ENSG00000250021",1.52798638343368
"ENSG00000167670",1.52798440646928
"ENSG00000272501",1.52711353116587
"ENSG00000309174",1.52653218575497
"ENSG00000124608",1.52649974094503
"ENSG00000188315",1.52568714623952
"ENSG00000189164",1.52537687105774
"ENSG00000234753",1.52426464447014
"ENSG00000309309",1.5239847065315
"ENSG00000172716",1.52392568442816
"ENSG00000172146",1.52273127035692
"ENSG00000185442",1.52241613309867
"ENSG00000163013",1.5221402087055
"ENSG00000113916",1.52187892872564
"ENSG00000112655",1.52186324828487
"ENSG00000160712",1.52081368531576
"ENSG00000101191",1.52077715100971
"ENSG00000105227",1.51969819128356
"ENSG00000234350",1.51797626682533
"ENSG00000175595",1.5173324198141
"ENSG00000242781",1.5169168932431
"ENSG00000308743",1.5166197299503
"ENSG00000147133",1.51646258841301
"ENSG00000224984",1.51564090378463
"ENSG00000114923",1.51510941827157
"ENSG00000100393",1.51433325623462
"ENSG00000261052",1.51420712299007
"ENSG00000144554",1.51398539472395
"ENSG00000071626",1.51369092037582
"ENSG00000289480",1.51327366564623
"ENSG00000290862",1.51166976155455
"ENSG00000250802",1.51119542077762
"ENSG00000278920",1.51086634144808
"ENSG00000273780",1.510808677946
"ENSG00000172932",1.51073477272583
"ENSG00000172046",1.51011893771072
"ENSG00000303853",1.50702927168524
"ENSG00000229496",1.50649226881527
"ENSG00000296329",1.50602785117083
"ENSG00000289832",1.50548341369341
"ENSG00000161204",1.5054708976717
"ENSG00000112902",1.5033953679277
"ENSG00000100281",1.50328844355847
"ENSG00000228392",1.50246212018221
"ENSG00000165688",1.50240375344079
"ENSG00000043355",1.50172257581239
"ENSG00000135605",1.50160276149427
"ENSG00000104611",1.501597007013
"ENSG00000281344",1.50098743198106
"ENSG00000290830",1.50082309997611
"ENSG00000102786",1.50055042100035
"ENSG00000104756",1.50007025848836
"ENSG00000273507",1.49974832280713
"ENSG00000173575",1.49914877475186
"ENSG00000166432",1.49872488903989
"ENSG00000078814",1.4983255278516
"ENSG00000197415",1.49779263108843
"ENSG00000235655",1.4976342769328
"ENSG00000117479",1.49717513542861
"ENSG00000293106",1.49692396855407
"ENSG00000146555",1.49679948308303
"ENSG00000196642",1.49676485872687
"ENSG00000226696",1.49600682103738
"ENSG00000187987",1.49486637246729
"ENSG00000273259",1.4943705795478
"ENSG00000275949",1.49378166157163
"ENSG00000162105",1.49338828888987
"ENSG00000164576",1.49326187079626
"ENSG00000151065",1.49319853136792
"ENSG00000143127",1.49317094218389
"ENSG00000183486",1.49252504650841
"ENSG00000136158",1.49127119316108
"ENSG00000226051",1.49104848447997
"ENSG00000115568",1.48963702708505
"ENSG00000120725",1.48963296500091
"ENSG00000105647",1.48767121067631
"ENSG00000151276",1.48757222527169
"ENSG00000166167",1.48744754114836
"ENSG00000290386",1.48649621555149
"ENSG00000150907",1.4857624270516
"ENSG00000196323",1.48466627122479
"ENSG00000014919",1.48465272742345
"ENSG00000102098",1.48408632603711
"ENSG00000260007",1.48400009798622
"ENSG00000309183",1.48242532226695
"ENSG00000149930",1.48208094077766
"ENSG00000272772",1.48155017490229
"ENSG00000286923",1.48115098450627
"ENSG00000263290",1.4811461811326
"ENSG00000196700",1.4804661787499
"ENSG00000168209",1.48016067079475
"ENSG00000167522",1.47990310659262
"ENSG00000089094",1.47986139595313
"ENSG00000183475",1.47950950277862
"ENSG00000304197",1.47886557116794
"ENSG00000179409",1.47859266802385
"ENSG00000289074",1.47686410958196
"ENSG00000214826",1.47669821653085
"ENSG00000178950",1.4760057562327
"ENSG00000196227",1.47574648579075
"ENSG00000160688",1.47553995575578
"ENSG00000260604",1.47498133424504
"ENSG00000290871",1.47487544772501
"ENSG00000272617",1.47453656246409
"ENSG00000103264",1.47450892319683
"ENSG00000166743",1.47271425641757
"ENSG00000157653",1.47112877412868
"ENSG00000119723",1.4709968543105
"ENSG00000162302",1.47095626350002
"ENSG00000101004",1.47054028967483
"ENSG00000005100",1.47001270669485
"ENSG00000168434",1.46917850656285
"ENSG00000261150",1.46888675033716
"ENSG00000173705",1.46881426725472
"ENSG00000160796",1.46787199889448
"ENSG00000174010",1.46730250643227
"ENSG00000167548",1.46518724677435
"ENSG00000132773",1.464486029107
"ENSG00000205922",1.46437545287014
"ENSG00000275619",1.46418809627064
"ENSG00000267493",1.46409062470522
"ENSG00000277363",1.46402845265507
"ENSG00000266918",1.46401086287781
"ENSG00000160145",1.46344705411678
"ENSG00000276194",1.46329509433535
"ENSG00000071189",1.46297834860921
"ENSG00000290937",1.46284207857157
"ENSG00000054690",1.4627022306962
"ENSG00000272702",1.46259401944722
"ENSG00000152749",1.4616383361991
"ENSG00000287726",1.46001373719783
"ENSG00000104369",1.45996278128518
"ENSG00000104691",1.45957936082079
"ENSG00000133704",1.45809652723085
"ENSG00000070269",1.4571204108969
"ENSG00000224903",1.4570013532759
"ENSG00000172216",1.45577936987929
"ENSG00000167202",1.4556243579128
"ENSG00000093217",1.45543001032019
"ENSG00000187492",1.45506606636001
"ENSG00000286587",1.45490136168664
"ENSG00000197959",1.45445735448806
"ENSG00000171150",1.45341768400039
"ENSG00000215182",1.45324294988671
"ENSG00000006634",1.45322978457381
"ENSG00000149782",1.45287736314397
"ENSG00000272410",1.4526830509891
"ENSG00000124882",1.45225265362004
"ENSG00000226419",1.45189911434629
"ENSG00000290921",1.45139946567918
"ENSG00000232300",1.45134337388015
"ENSG00000169247",1.45109771094348
"ENSG00000143079",1.449845315945
"ENSG00000164190",1.44981471701143
"ENSG00000287091",1.44945357720781
"ENSG00000292226",1.44853077631422
"ENSG00000142207",1.44695189081473
"ENSG00000182957",1.44682778703721
"ENSG00000069493",1.44528076221359
"ENSG00000196584",1.44480343636446
"ENSG00000105486",1.44438976278675
"ENSG00000176058",1.44414758583564
"ENSG00000139880",1.4439809370949
"ENSG00000183856",1.4438662801155
"ENSG00000225806",1.4433448312325
"ENSG00000230423",1.44321712576025
"ENSG00000100906",1.44238736943441
"ENSG00000132207",1.44182866655452
"ENSG00000230551",1.44144702651895
"ENSG00000114120",1.44082167569189
"ENSG00000033327",1.44029356822473
"ENSG00000182327",1.44018775919606
"ENSG00000144134",1.44000189846011
"ENSG00000077157",1.43976250926964
"ENSG00000108021",1.43944497259155
"ENSG00000134986",1.43883101856459
"ENSG00000129315",1.43845503740519
"ENSG00000129003",1.43635142169858
"ENSG00000013810",1.43617553324388
"ENSG00000139641",1.43572784159461
"ENSG00000253953",1.43568354669932
"ENSG00000186111",1.43429262629405
"ENSG00000086200",1.4338534753033
"ENSG00000197136",1.43379561109484
"ENSG00000108559",1.4335763732177
"ENSG00000119938",1.4335067903896
"ENSG00000227885",1.43267767616866
"ENSG00000104866",1.43264311081753
"ENSG00000124374",1.43208422343125
"ENSG00000136866",1.43130466037056
"ENSG00000182095",1.43118202009204
"ENSG00000285238",1.4310337906726
"ENSG00000231789",1.4302444766614
"ENSG00000270049",1.42982146497849
"ENSG00000173991",1.42956429418674
"ENSG00000146828",1.4288526698787
"ENSG00000146247",1.42865606746775
"ENSG00000183808",1.42864740595517
"ENSG00000104081",1.42825316536954
"ENSG00000188921",1.42763302419781
"ENSG00000291069",1.42730079473492
"ENSG00000182484",1.42687593631525
"ENSG00000166225",1.42679562554949
"ENSG00000163629",1.42668277524357
"ENSG00000280138",1.42607166896742
"ENSG00000141738",1.42575099403831
"ENSG00000204519",1.42571207554132
"ENSG00000131051",1.42556138797487
"ENSG00000113361",1.42541457878813
"ENSG00000117480",1.42438897480734
"ENSG00000179094",1.42422809359637
"ENSG00000140543",1.42408401056761
"ENSG00000232907",1.42378193240053
"ENSG00000281392",1.42367317925158
"ENSG00000232434",1.42346075866765
"ENSG00000212719",1.42340922253438
"ENSG00000129292",1.42325101029142
"ENSG00000231607",1.4231162526056
"ENSG00000291208",1.42295920178617
"ENSG00000241684",1.4219961449638
"ENSG00000100207",1.42077243411324
"ENSG00000224358",1.42016351767272
"ENSG00000107164",1.41977281685893
"ENSG00000290897",1.41930579401429
"ENSG00000130340",1.41885007953455
"ENSG00000156030",1.41881064737313
"ENSG00000130304",1.41807321643933
"ENSG00000305731",1.41772298915555
"ENSG00000183317",1.41769238922259
"ENSG00000247498",1.41767961259106
"ENSG00000119408",1.41712834469554
"ENSG00000226471",1.41697002544937
"ENSG00000146463",1.41694105840651
"ENSG00000120616",1.41673343245266
"ENSG00000080854",1.41604573234539
"ENSG00000228049",1.41583133735531
"ENSG00000141279",1.4155636850046
"ENSG00000274810",1.41496806559406
"ENSG00000132323",1.41419704105462
"ENSG00000181135",1.41385671500522
"ENSG00000188735",1.41287906185187
"ENSG00000068305",1.41189716841396
"ENSG00000204435",1.41182304913898
"ENSG00000251537",1.41165622547331
"ENSG00000230490",1.41158992655761
"ENSG00000146373",1.41117341853791
"ENSG00000274925",1.41106487910511
"ENSG00000058600",1.41076092269299
"ENSG00000276701",1.41075305306387
"ENSG00000136044",1.41036337885972
"ENSG00000244462",1.409496162701
"ENSG00000185033",1.40908997290869
"ENSG00000074054",1.40770734081503
"ENSG00000170266",1.40750849540223
"ENSG00000198839",1.40696020526747
"ENSG00000139263",1.40671661248041
"ENSG00000240497",1.40612952687901
"ENSG00000198221",1.40559941163266
"ENSG00000114626",1.40433506205037
"ENSG00000307699",1.40359366690389
"ENSG00000140451",1.4033535366691
"ENSG00000134909",1.40306115055182
"ENSG00000077264",1.40265559320096
"ENSG00000124839",1.40120364427621
"ENSG00000107890",1.40022166123472
"ENSG00000168010",1.39954230806602
"ENSG00000082213",1.3985660238049
"ENSG00000183337",1.3985174631008
"ENSG00000140577",1.39846970975032
"ENSG00000283018",1.3984083571072
"ENSG00000137076",1.39834606918727
"ENSG00000103502",1.3979807311899
"ENSG00000274281",1.39723612533899
"ENSG00000185664",1.39721198472818
"ENSG00000283503",1.39712033744822
"ENSG00000105287",1.39705817039567
"ENSG00000260072",1.39662957403151
"ENSG00000198105",1.39567410711238
"ENSG00000108861",1.39493100690498
"ENSG00000237596",1.39479306442445
"ENSG00000171517",1.39387681310444
"ENSG00000131558",1.39357426464756
"ENSG00000204852",1.39347093569035
"ENSG00000091651",1.39325177404423
"ENSG00000231274",1.39307899512716
"ENSG00000180263",1.39273844741211
"ENSG00000293143",1.39273767986723
"ENSG00000291056",1.39176096595659
"ENSG00000250497",1.39165462395783
"ENSG00000236671",1.39045304917117
"ENSG00000189410",1.38967682096549
"ENSG00000234160",1.38946742730327
"ENSG00000165023",1.38937936760503
"ENSG00000145495",1.38922740734292
"ENSG00000075234",1.38902871958635
"ENSG00000251138",1.3873306329284
"ENSG00000198162",1.38732759010569
"ENSG00000287516",1.38662033367872
"ENSG00000267467",1.38640170373201
"ENSG00000008311",1.38589509016694
"ENSG00000071243",1.38558756195272
"ENSG00000137462",1.38535079838831
"ENSG00000173706",1.38530527385082
"ENSG00000115687",1.38505952365143
"ENSG00000175455",1.38391487974843
"ENSG00000197168",1.38372145365275
"ENSG00000172943",1.38369580553558
"ENSG00000235269",1.38362014671443
"ENSG00000071967",1.38233412733873
"ENSG00000143971",1.38216624136709
"ENSG00000228084",1.38171868233552
"ENSG00000270977",1.38115571301906
"ENSG00000276234",1.38098725717667
"ENSG00000286010",1.38069389209094
"ENSG00000170074",1.38060171813367
"ENSG00000149485",1.38005127322375
"ENSG00000272758",1.3791568527677
"ENSG00000174442",1.37843043419662
"ENSG00000159214",1.37826639692325
"ENSG00000158473",1.37820632075531
"ENSG00000006530",1.37777198288776
"ENSG00000183718",1.37757537882511
"ENSG00000196074",1.37733370668093
"ENSG00000135966",1.37726921152509
"ENSG00000139714",1.37643853138867
"ENSG00000178150",1.3751179924269
"ENSG00000279742",1.37432607142189
"ENSG00000204197",1.37392636230007
"ENSG00000135365",1.37392148003779
"ENSG00000146757",1.37357774224722
"ENSG00000114019",1.3728799293253
"ENSG00000138375",1.37238363672037
"ENSG00000172262",1.37164088034168
"ENSG00000164465",1.37059547684989
"ENSG00000116213",1.36981355816194
"ENSG00000118507",1.36974392983987
"ENSG00000084734",1.36904132978442
"ENSG00000185164",1.36887795299228
"ENSG00000182902",1.36882567538024
"ENSG00000285668",1.36846226430473
"ENSG00000124201",1.36813551700296
"ENSG00000107372",1.36797735995159
"ENSG00000132300",1.36764961287238
"ENSG00000164053",1.36751805355256
"ENSG00000281484",1.36732039385813
"ENSG00000186166",1.36681223906105
"ENSG00000105137",1.36649755218618
"ENSG00000111602",1.36634787877393
"ENSG00000184731",1.365224331437
"ENSG00000167799",1.36489354849145
"ENSG00000129038",1.36444160151707
"ENSG00000117616",1.36381270736885
"ENSG00000163625",1.36378777506617
"ENSG00000248643",1.36376390670426
"ENSG00000213047",1.36244779125631
"ENSG00000178567",1.36234162702122
"ENSG00000176422",1.36179081396056
"ENSG00000161956",1.36055978291064
"ENSG00000177106",1.35978354982271
"ENSG00000168314",1.35953970995958
"ENSG00000149743",1.35947594581393
"ENSG00000291079",1.35913956650159
"ENSG00000145214",1.35841901601342
"ENSG00000107816",1.35698247872192
"ENSG00000144659",1.35590542967931
"ENSG00000100379",1.35554975571179
"ENSG00000158106",1.35496577663362
"ENSG00000276482",1.3548042356623
"ENSG00000294107",1.35425143889562
"ENSG00000105426",1.35320500237397
"ENSG00000198932",1.35219787872908
"ENSG00000132912",1.35185560869578
"ENSG00000177192",1.35101981224366
"ENSG00000178425",1.35046688608333
"ENSG00000214022",1.34938553633554
"ENSG00000107882",1.34920720962809
"ENSG00000100934",1.3487789723764
"ENSG00000102699",1.3482899232999
"ENSG00000197774",1.34823172994098
"ENSG00000121680",1.34792732823393
"ENSG00000038210",1.34792513993846
"ENSG00000066135",1.34786140828832
"ENSG00000100234",1.34785655127701
"ENSG00000291119",1.34732962048395
"ENSG00000290927",1.34713666266403
"ENSG00000291181",1.34529056400332
"ENSG00000259994",1.34362739271801
"ENSG00000187954",1.34355620248296
"ENSG00000151287",1.34290828768854
"ENSG00000120049",1.34215908276361
"ENSG00000271344",1.34196448900418
"ENSG00000114302",1.34005302814376
"ENSG00000290082",1.33938959472543
"ENSG00000204116",1.3391623816903
"ENSG00000130997",1.33911717710066
"ENSG00000137497",1.33908978929796
"ENSG00000291145",1.33904568456635
"ENSG00000286673",1.3389187614279
"ENSG00000125148",1.33863101669552
"ENSG00000259070",1.33863014951512
"ENSG00000197217",1.33781878776135
"ENSG00000120341",1.33776182488115
"ENSG00000196363",1.33738655852906
"ENSG00000279481",1.33715027668476
"ENSG00000072786",1.33700611051823
"ENSG00000112941",1.336873962918
"ENSG00000165028",1.33671985104161
"ENSG00000099910",1.33646852408881
"ENSG00000234912",1.33589072116111
"ENSG00000116830",1.33515494421336
"ENSG00000068796",1.33515098565257
"ENSG00000112159",1.33339680982981
"ENSG00000164241",1.33338239930527
"ENSG00000162775",1.333011902615
"ENSG00000125144",1.33259907453255
"ENSG00000173480",1.33244283869225
"ENSG00000267096",1.33243925828835
"ENSG00000205930",1.32958276200084
"ENSG00000118579",1.32924087227283
"ENSG00000182795",1.3292125643384
"ENSG00000270605",1.32878854441432
"ENSG00000146909",1.32866912032047
"ENSG00000205358",1.32832525202476
"ENSG00000197070",1.32786380883612
"ENSG00000287750",1.32762161655376
"ENSG00000117262",1.32561506670975
"ENSG00000289901",1.32505782299236
"ENSG00000254635",1.32439748203362
"ENSG00000151572",1.32422500978782
"ENSG00000111490",1.32403849358546
"ENSG00000092036",1.32386326112529
"ENSG00000131471",1.32316392163561
"ENSG00000182901",1.32299089980278
"ENSG00000135702",1.32297024824849
"ENSG00000049656",1.32290284449948
"ENSG00000136877",1.32219195178299
"ENSG00000287190",1.32197045828976
"ENSG00000151388",1.32191375849888
"ENSG00000118596",1.32152338195424
"ENSG00000167333",1.32110283759931
"ENSG00000299329",1.32101084652169
"ENSG00000122484",1.32099421584356
"ENSG00000197044",1.32074441743767
"ENSG00000198712",1.31973740960815
"ENSG00000132801",1.31954461881859
"ENSG00000258667",1.31870457586909
"ENSG00000163735",1.31748161562234
"ENSG00000274750",1.31734380722979
"ENSG00000159256",1.31721598409042
"ENSG00000144749",1.31717262884105
"ENSG00000184661",1.31556443663763
"ENSG00000293313",1.31541700421904
"ENSG00000310527",1.31518168818402
"ENSG00000265574",1.31503411583016
"ENSG00000258210",1.31400593414377
"ENSG00000301067",1.31363171608589
"ENSG00000112877",1.31321250144832
"ENSG00000204673",1.31305310307207
"ENSG00000179922",1.3123124157528
"ENSG00000198700",1.31140128083305
"ENSG00000138768",1.31109834736332
"ENSG00000164877",1.31076514876573
"ENSG00000188897",1.31056654254976
"ENSG00000291263",1.31036526080375
"ENSG00000146830",1.3102626024545
"ENSG00000255517",1.31015092827985
"ENSG00000052749",1.30999858437723
"ENSG00000116741",1.30846512321313
"ENSG00000198408",1.30801450071057
"ENSG00000164252",1.30718343538846
"ENSG00000138614",1.30670244296851
"ENSG00000136026",1.30647307430952
"ENSG00000011132",1.30643611804466
"ENSG00000154127",1.30632772294908
"ENSG00000143437",1.30609766830177
"ENSG00000044459",1.30598190051771
"ENSG00000136854",1.30587259287367
"ENSG00000126461",1.30549607799904
"ENSG00000137496",1.30527217892062
"ENSG00000172830",1.30523693364702
"ENSG00000143537",1.30521591289268
"ENSG00000136492",1.30413958951651
"ENSG00000167123",1.30368371224734
"ENSG00000110697",1.3034588237593
"ENSG00000213983",1.30315260537101
"ENSG00000203697",1.30308705426653
"ENSG00000163817",1.30234492833443
"ENSG00000137801",1.30173974323953
"ENSG00000175414",1.30154383437606
"ENSG00000141295",1.30104003248299
"ENSG00000185201",1.30049222165956
"ENSG00000267322",1.3001716060358
"ENSG00000128881",1.30012531037098
"ENSG00000112972",1.29979580588235
"ENSG00000088854",1.29975552894615
"ENSG00000286072",1.29851462854439
"ENSG00000272688",1.29809760287449
"ENSG00000130675",1.29807709233202
"ENSG00000272916",1.2972747067906
"ENSG00000140691",1.29716009640044
"ENSG00000066739",1.29668588522692
"ENSG00000278192",1.29665507185153
"ENSG00000174004",1.29625264879889
"ENSG00000141644",1.29616254849308
"ENSG00000276536",1.29615683886413
"ENSG00000116668",1.29599049111646
"ENSG00000119661",1.29579683876468
"ENSG00000135862",1.29549913409442
"ENSG00000058453",1.29523202352225
"ENSG00000204536",1.29497981767839
"ENSG00000185015",1.2930806862709
"ENSG00000181031",1.2929196015731
"ENSG00000081041",1.29262835091859
"ENSG00000133302",1.29251876063892
"ENSG00000233967",1.29251666715058
"ENSG00000169989",1.29246418343383
"ENSG00000206053",1.29232617137527
"ENSG00000152104",1.29215338195556
"ENSG00000170873",1.29184528077812
"ENSG00000196235",1.2913568445627
"ENSG00000164300",1.29083643868222
"ENSG00000164828",1.29083068417077
"ENSG00000288792",1.29065738565836
"ENSG00000119630",1.28955852479754
"ENSG00000227500",1.28941649771711
"ENSG00000135164",1.28896449947533
"ENSG00000197409",1.28893553271675
"ENSG00000089234",1.28804279996299
"ENSG00000196208",1.28797671963641
"ENSG00000187994",1.28680064315622
"ENSG00000141664",1.28627511779471
"ENSG00000289254",1.2858159406891
"ENSG00000167658",1.28486046349025
"ENSG00000099904",1.28470893454429
"ENSG00000142544",1.28428763398361
"ENSG00000293476",1.2838261387417
"ENSG00000114738",1.28347874441405
"ENSG00000248605",1.282983564006
"ENSG00000089154",1.2823621512347
"ENSG00000197976",1.28229287824678
"ENSG00000221955",1.2822506035707
"ENSG00000285901",1.28174596164215
"ENSG00000138735",1.28038571178466
"ENSG00000161999",1.28028557040993
"ENSG00000179981",1.28013112035952
"ENSG00000171931",1.28007294850552
"ENSG00000101224",1.2799614562273
"ENSG00000176533",1.27994648514469
"ENSG00000049089",1.2796582578671
"ENSG00000106799",1.2794749456328
"ENSG00000256663",1.27943353935958
"ENSG00000288935",1.27901453799946
"ENSG00000274950",1.27861488100147
"ENSG00000129347",1.27837062420281
"ENSG00000099889",1.27807551044157
"ENSG00000079313",1.27804553022028
"ENSG00000234494",1.27791200843961
"ENSG00000111801",1.27781132776675
"ENSG00000107404",1.2773320463731
"ENSG00000162616",1.27725824047244
"ENSG00000130164",1.27690435849491
"ENSG00000277033",1.27601522360715
"ENSG00000023330",1.27587153476206
"ENSG00000225737",1.27570284039468
"ENSG00000102189",1.27563272404595
"ENSG00000068724",1.27522638695516
"ENSG00000294129",1.27324416576214
"ENSG00000173327",1.27317326353454
"ENSG00000151718",1.27232732372793
"ENSG00000169435",1.27149204244592
"ENSG00000054267",1.27128029417736
"ENSG00000090376",1.27125490667974
"ENSG00000127364",1.27094254917838
"ENSG00000124782",1.27053989824564
"ENSG00000225335",1.27053113067555
"ENSG00000214432",1.27048829502642
"ENSG00000139645",1.27032768818891
"ENSG00000204624",1.2699724455745
"ENSG00000279821",1.26978037905628
"ENSG00000121417",1.26965382061918
"ENSG00000223813",1.26951063769136
"ENSG00000060069",1.26928273710726
"ENSG00000131473",1.26918472433582
"ENSG00000139832",1.2680809000278
"ENSG00000160200",1.26743382616483
"ENSG00000176595",1.267065374708
"ENSG00000136848",1.26650200654752
"ENSG00000154122",1.2664158171413
"ENSG00000162066",1.26640112840894
"ENSG00000126773",1.26602703891236
"ENSG00000281641",1.26517223301247
"ENSG00000154832",1.26513636421293
"ENSG00000165312",1.26482624063952
"ENSG00000110844",1.2646668504334
"ENSG00000260778",1.26366576147072
"ENSG00000137941",1.26333373550792
"ENSG00000169925",1.26325302016909
"ENSG00000090339",1.26323443049495
"ENSG00000215244",1.26281413566847
"ENSG00000131187",1.26268195758242
"ENSG00000234616",1.26205411168444
"ENSG00000185163",1.2606459309457
"ENSG00000167470",1.2606190202415
"ENSG00000235098",1.25998582873359
"ENSG00000168575",1.25998453510282
"ENSG00000156463",1.25979740973784
"ENSG00000072518",1.25960824419517
"ENSG00000174579",1.25954390258768
"ENSG00000163659",1.25927068241961
"ENSG00000171631",1.25894213247117
"ENSG00000228564",1.25844650682096
"ENSG00000260167",1.25820189948652
"ENSG00000167302",1.25805706950098
"ENSG00000269929",1.25803408358579
"ENSG00000155363",1.25782823418268
"ENSG00000287001",1.2578254146765
"ENSG00000293042",1.25780454354683
"ENSG00000227627",1.25726371778188
"ENSG00000186567",1.25702954226802
"ENSG00000277437",1.25663965233279
"ENSG00000230726",1.25612507907135
"ENSG00000138778",1.2559116751042
"ENSG00000294998",1.25537389368841
"ENSG00000164402",1.25526449639872
"ENSG00000159079",1.25468040781101
"ENSG00000180921",1.2542901449295
"ENSG00000143878",1.25413116446267
"ENSG00000138081",1.25264673179553
"ENSG00000115318",1.25262731207539
"ENSG00000134323",1.25211893215419
"ENSG00000065243",1.25139290469434
"ENSG00000147174",1.25078711298665
"ENSG00000214176",1.2507131723468
"ENSG00000101695",1.25071186240031
"ENSG00000140632",1.25041042868133
"ENSG00000290711",1.25039626219364
"ENSG00000142583",1.25034581648927
"ENSG00000206458",1.24894472929927
"ENSG00000181315",1.24859004318871
"ENSG00000116016",1.24833380212073
"ENSG00000171469",1.24831811695261
"ENSG00000304625",1.24821157933003
"ENSG00000009413",1.24762716617913
"ENSG00000097046",1.24754734090025
"ENSG00000091127",1.24638926901959
"ENSG00000290092",1.24611572709761
"ENSG00000235530",1.24610882163447
"ENSG00000165434",1.24510287883985
"ENSG00000087085",1.24417851284175
"ENSG00000180773",1.24414386681422
"ENSG00000198793",1.24391230243291
"ENSG00000110583",1.24363320998234
"ENSG00000044090",1.24337254445621
"ENSG00000198218",1.24327006670769
"ENSG00000149182",1.24317998970266
"ENSG00000257743",1.24258937422342
"ENSG00000290453",1.24209920104627
"ENSG00000150627",1.24196078317296
"ENSG00000160471",1.24115740641553
"ENSG00000104331",1.24112376842419
"ENSG00000291054",1.24089999278175
"ENSG00000286619",1.24077189884336
"ENSG00000077514",1.24057536856182
"ENSG00000132199",1.24055990705311
"ENSG00000105270",1.2403502456874
"ENSG00000240038",1.24004230946812
"ENSG00000290860",1.23994016299979
"ENSG00000136895",1.23984713055329
"ENSG00000117523",1.23953477250081
"ENSG00000273611",1.23917900929964
"ENSG00000129465",1.23858155997892
"ENSG00000183309",1.23846536292502
"ENSG00000100580",1.23843909933816
"ENSG00000290842",1.23800422559178
"ENSG00000275746",1.2378298402938
"ENSG00000238196",1.23523643442626
"ENSG00000162402",1.23494856731234
"ENSG00000280214",1.23486742613632
"ENSG00000067177",1.23425264733998
"ENSG00000132405",1.23400214503159
"ENSG00000149262",1.23361630210174
"ENSG00000237491",1.2330090335106
"ENSG00000125912",1.23278089313118
"ENSG00000198732",1.23234707008411
"ENSG00000163125",1.23179884093191
"ENSG00000120334",1.23092506389145
"ENSG00000272800",1.23059703834903
"ENSG00000196652",1.23054085212762
"ENSG00000308228",1.23053022185708
"ENSG00000250041",1.23033425010176
"ENSG00000114933",1.23029271779042
"ENSG00000110841",1.23029067064232
"ENSG00000118246",1.23021986221187
"ENSG00000158023",1.22990164846818
"ENSG00000129680",1.2288422682915
"ENSG00000261526",1.22863399160317
"ENSG00000151304",1.22810848941026
"ENSG00000204745",1.22597232213523
"ENSG00000170160",1.22556480286029
"ENSG00000141580",1.22523440215155
"ENSG00000286456",1.22497292491259
"ENSG00000225206",1.22488156914584
"ENSG00000102010",1.22473542689063
"ENSG00000131378",1.22410044638805
"ENSG00000225164",1.22397773161607
"ENSG00000251661",1.22394491609704
"ENSG00000169715",1.22391697497323
"ENSG00000130382",1.22375788997425
"ENSG00000130294",1.22272465115093
"ENSG00000166526",1.22209953436807
"ENSG00000129566",1.22167276599252
"ENSG00000100722",1.22160618438488
"ENSG00000143845",1.22150813830016
"ENSG00000291110",1.22125954180134
"ENSG00000102780",1.22116631567724
"ENSG00000176658",1.22097197548374
"ENSG00000288702",1.22091370559255
"ENSG00000286207",1.22085034983571
"ENSG00000152076",1.22083195411447
"ENSG00000196792",1.22046810016328
"ENSG00000088280",1.22044541707556
"ENSG00000135775",1.22040049217062
"ENSG00000167257",1.22038820674253
"ENSG00000259380",1.21998751562519
"ENSG00000132819",1.21954483109496
"ENSG00000112658",1.21847872898671
"ENSG00000106665",1.21831706838836
"ENSG00000228750",1.21829218817498
"ENSG00000146426",1.21829152113312
"ENSG00000080345",1.21751138526732
"ENSG00000072657",1.21746868902728
"ENSG00000244265",1.21720041976408
"ENSG00000062822",1.21612863588566
"ENSG00000127995",1.21608874754741
"ENSG00000228541",1.21607537848399
"ENSG00000185722",1.21606220349684
"ENSG00000290425",1.21565012977494
"ENSG00000197372",1.21538299796719
"ENSG00000117360",1.21533042744848
"ENSG00000286990",1.21513424375781
"ENSG00000259921",1.2146574679687
"ENSG00000005187",1.21394884038419
"ENSG00000289985",1.21310368699544
"ENSG00000287778",1.21287794391772
"ENSG00000115325",1.21219452012214
"ENSG00000282800",1.21198773566794
"ENSG00000262732",1.21160614620715
"ENSG00000070159",1.21149483527643
"ENSG00000144597",1.21028764941972
"ENSG00000241288",1.20891012457834
"ENSG00000185551",1.20847834904361
"ENSG00000143382",1.20783884396201
"ENSG00000254349",1.20671612465454
"ENSG00000095564",1.20642585279963
"ENSG00000142627",1.20482945346888
"ENSG00000181222",1.20475857540837
"ENSG00000144560",1.20469567445561
"ENSG00000196696",1.20455959023629
"ENSG00000287998",1.20436615259977
"ENSG00000050820",1.20404041726378
"ENSG00000135968",1.20374227243511
"ENSG00000163389",1.20267920507853
"ENSG00000081320",1.20215073902945
"ENSG00000171132",1.20122689931536
"ENSG00000122965",1.20119719285517
"ENSG00000251136",1.20079283276695
"ENSG00000247092",1.20032070188
"ENSG00000275832",1.19960648759412
"ENSG00000164406",1.19920499470177
"ENSG00000197056",1.198510199138
"ENSG00000303938",1.19842631123537
"ENSG00000139620",1.19789604193583
"ENSG00000247400",1.1978123358183
"ENSG00000134897",1.19755071613515
"ENSG00000235307",1.19627958724204
"ENSG00000221890",1.19539541810687
"ENSG00000122299",1.19490817446288
"ENSG00000293724",1.19483678778655
"ENSG00000141959",1.19394150998785
"ENSG00000158528",1.19233141054068
"ENSG00000091831",1.19223756215555
"ENSG00000049167",1.19204041443447
"ENSG00000159792",1.19011685716276
"ENSG00000105726",1.19001564465366
"ENSG00000163251",1.18940614313267
"ENSG00000185272",1.18849936420996
"ENSG00000066279",1.18802104652264
"ENSG00000107815",1.18739349656062
"ENSG00000157106",1.18692497465743
"ENSG00000177943",1.18681198484204
"ENSG00000141293",1.18650514799033
"ENSG00000175198",1.18645022334945
"ENSG00000182890",1.18626549971674
"ENSG00000181577",1.18605959018796
"ENSG00000282130",1.18574894498105
"ENSG00000299827",1.18561119249167
"ENSG00000288156",1.18506531885424
"ENSG00000013573",1.18506035622389
"ENSG00000118515",1.18469944660372
"ENSG00000286905",1.1836963223376
"ENSG00000026751",1.18286490666713
"ENSG00000185745",1.18263956908812
"ENSG00000178585",1.18180135264498
"ENSG00000266903",1.1817434941997
"ENSG00000188599",1.18163481102662
"ENSG00000145029",1.18149624712082
"ENSG00000196418",1.18129982750718
"ENSG00000129534",1.18121639402732
"ENSG00000157350",1.18104802322611
"ENSG00000148655",1.18074816774216
"ENSG00000165115",1.18072512489678
"ENSG00000290418",1.18016325930311
"ENSG00000143373",1.17979906122402
"ENSG00000049759",1.1796223426487
"ENSG00000141568",1.17896034273803
"ENSG00000144810",1.17849673733683
"ENSG00000198774",1.17848998625941
"ENSG00000053770",1.17847772064601
"ENSG00000284431",1.17765851599833
"ENSG00000114812",1.17753804000603
"ENSG00000213918",1.17744946409327
"ENSG00000174799",1.17715949630658
"ENSG00000188185",1.17679009542443
"ENSG00000258168",1.17583204949857
"ENSG00000138161",1.17582345473718
"ENSG00000254614",1.17533933506336
"ENSG00000227016",1.17459630951485
"ENSG00000278613",1.17380743162257
"ENSG00000109689",1.17339671968547
"ENSG00000261346",1.1733638888162
"ENSG00000297670",1.17325072822993
"ENSG00000304654",1.17290992150565
"ENSG00000241544",1.17242578990945
"ENSG00000127129",1.17227846952817
"ENSG00000071539",1.17113225232853
"ENSG00000146197",1.17008928148107
"ENSG00000065361",1.17000448658861
"ENSG00000072501",1.16971101526003
"ENSG00000230317",1.1695777532854
"ENSG00000105698",1.16935137052331
"ENSG00000154767",1.1684021434288
"ENSG00000238123",1.16839482838003
"ENSG00000182308",1.16837745373527
"ENSG00000124574",1.16776330765193
"ENSG00000197361",1.16753030945144
"ENSG00000237877",1.16714565248851
"ENSG00000165322",1.16676444750909
"ENSG00000114745",1.16659304799034
"ENSG00000058668",1.16651420686356
"ENSG00000146205",1.16589981300049
"ENSG00000183091",1.16549024018484
"ENSG00000163710",1.16479761362974
"ENSG00000288623",1.16425765712427
"ENSG00000290318",1.16380959345702
"ENSG00000293278",1.1632960239787
"ENSG00000082516",1.16309025553614
"ENSG00000215114",1.16304454411141
"ENSG00000076248",1.16303099420311
"ENSG00000167515",1.16252795422727
"ENSG00000204815",1.1625265684543
"ENSG00000146904",1.16173541862835
"ENSG00000101577",1.16162761543293
"ENSG00000117758",1.16153523238867
"ENSG00000231170",1.16086053220024
"ENSG00000188283",1.16053078215318
"ENSG00000276170",1.16049043483546
"ENSG00000197837",1.16043790748793
"ENSG00000138835",1.16031733492911
"ENSG00000115760",1.15890876071485
"ENSG00000070814",1.15856962772231
"ENSG00000197562",1.15784711509633
"ENSG00000101199",1.1578129724752
"ENSG00000237125",1.15752695256385
"ENSG00000118420",1.1573087060105
"ENSG00000115750",1.15668997030154
"ENSG00000082482",1.15607888875255
"ENSG00000132635",1.15565608365972
"ENSG00000011304",1.15543833972133
"ENSG00000065802",1.15536072726612
"ENSG00000117525",1.15452665317257
"ENSG00000183340",1.15416274446228
"ENSG00000157212",1.15403072033834
"ENSG00000226121",1.15354924395493
"ENSG00000233101",1.15351109790319
"ENSG00000173166",1.15335699927771
"ENSG00000288684",1.15305595900878
"ENSG00000105750",1.15231035372301
"ENSG00000163393",1.15215779193738
"ENSG00000230487",1.15193850174952
"ENSG00000227398",1.15141748762936
"ENSG00000088035",1.15063824246248
"ENSG00000205765",1.15063814972791
"ENSG00000135899",1.14975335045819
"ENSG00000146670",1.14750090127084
"ENSG00000196337",1.14719359876732
"ENSG00000120685",1.14625812139242
"ENSG00000198722",1.14563005102192
"ENSG00000290737",1.14544036431685
"ENSG00000206530",1.14537968078992
"ENSG00000227322",1.14478784803145
"ENSG00000243701",1.14466075079352
"ENSG00000009765",1.14444797933139
"ENSG00000203761",1.14442431616525
"ENSG00000183741",1.14440611456593
"ENSG00000135945",1.14411664194933
"ENSG00000261177",1.14402127654652
"ENSG00000165338",1.14396906941307
"ENSG00000105708",1.14343773830514
"ENSG00000178038",1.14326382989622
"ENSG00000267065",1.14276944670574
"ENSG00000171522",1.14259693379911
"ENSG00000198286",1.1418874751419
"ENSG00000212694",1.14165860319412
"ENSG00000006194",1.14118075549929
"ENSG00000197008",1.14114931856537
"ENSG00000155592",1.14097571660015
"ENSG00000240583",1.14002065445759
"ENSG00000133401",1.13966239246406
"ENSG00000175536",1.13963366863649
"ENSG00000292231",1.13944685757312
"ENSG00000281500",1.13944620203527
"ENSG00000122778",1.13913722858801
"ENSG00000112511",1.13888151074272
"ENSG00000232326",1.13886382070466
"ENSG00000227908",1.13850314572382
"ENSG00000148154",1.13848501255692
"ENSG00000103855",1.13833517723048
"ENSG00000184702",1.13816265046948
"ENSG00000231889",1.13781510376619
"ENSG00000130962",1.13720910498322
"ENSG00000165152",1.1371624281646
"ENSG00000171817",1.13700155837971
"ENSG00000112739",1.13689394324417
"ENSG00000233560",1.13662287395489
"ENSG00000222881",1.13650626531354
"ENSG00000279865",1.13632262108358
"ENSG00000116679",1.13575422450865
"ENSG00000110104",1.13571064789286
"ENSG00000185591",1.1346964773549
"ENSG00000270069",1.13456116221934
"ENSG00000203706",1.13431782938948
"ENSG00000104853",1.13430140423462
"ENSG00000261654",1.13389275397934
"ENSG00000262223",1.13336784433311
"ENSG00000122966",1.13334719953743
"ENSG00000113758",1.13334180814589
"ENSG00000220201",1.13071124698879
"ENSG00000052344",1.13057687185902
"ENSG00000047457",1.13053727957761
"ENSG00000162783",1.1305161239174
"ENSG00000165494",1.13047799807297
"ENSG00000197935",1.1304762557732
"ENSG00000106948",1.13026833037679
"ENSG00000123983",1.12979119742152
"ENSG00000236790",1.12972890150679
"ENSG00000229152",1.12957004325558
"ENSG00000170412",1.12888183828068
"ENSG00000164880",1.12885870754152
"ENSG00000249700",1.12833435058382
"ENSG00000109063",1.12795782128673
"ENSG00000169635",1.12772686553284
"ENSG00000089775",1.12706264864635
"ENSG00000204611",1.12701450238071
"ENSG00000298035",1.12630398042513
"ENSG00000288917",1.12616092199186
"ENSG00000107854",1.12606676871679
"ENSG00000081760",1.12580393499911
"ENSG00000177990",1.12556413326066
"ENSG00000286535",1.12513418767942
"ENSG00000275397",1.12434762238988
"ENSG00000235823",1.12319766341373
"ENSG00000227617",1.12284145111016
"ENSG00000008441",1.12275482876893
"ENSG00000185988",1.12215266507103
"ENSG00000170949",1.12196776053003
"ENSG00000105875",1.12117220989756
"ENSG00000152582",1.12095007439754
"ENSG00000181544",1.12092514709566
"ENSG00000186185",1.12029375700484
"ENSG00000167968",1.11992303807916
"ENSG00000286223",1.11979672562477
"ENSG00000237298",1.11971542527433
"ENSG00000125733",1.11966684389487
"ENSG00000290376",1.11891899663414
"ENSG00000123106",1.11878715714869
"ENSG00000103061",1.11867555232762
"ENSG00000266473",1.11851970873628
"ENSG00000277564",1.11846928947225
"ENSG00000274105",1.11843991584856
"ENSG00000288569",1.11843279334906
"ENSG00000172000",1.11841146335947
"ENSG00000196547",1.11816726263648
"ENSG00000184277",1.11733956714901
"ENSG00000136811",1.11714985173227
"ENSG00000075223",1.116916118438
"ENSG00000173145",1.1163844070752
"ENSG00000163050",1.11624548319661
"ENSG00000298016",1.11620059315814
"ENSG00000303567",1.11619566087253
"ENSG00000136108",1.11611035764247
"ENSG00000310236",1.11607687587744
"ENSG00000255284",1.11561926558683
"ENSG00000168772",1.11529603230756
"ENSG00000131653",1.11518764212109
"ENSG00000287609",1.11499925896081
"ENSG00000251279",1.11482037092779
"ENSG00000123146",1.11457872948438
"ENSG00000183833",1.11437416077799
"ENSG00000134107",1.11359207126565
"ENSG00000232024",1.11345284490707
"ENSG00000138688",1.11324812868573
"ENSG00000224635",1.11317545771197
"ENSG00000104472",1.11221002819766
"ENSG00000139197",1.11089715659679
"ENSG00000119689",1.11067951256691
"ENSG00000277060",1.11016001942204
"ENSG00000130775",1.10972670627578
"ENSG00000267001",1.10945414124817
"ENSG00000234106",1.1094063655969
"ENSG00000181016",1.10905098196015
"ENSG00000250132",1.10901157756975
"ENSG00000175265",1.10863492777604
"ENSG00000134056",1.10827820024896
"ENSG00000142166",1.10822677535428
"ENSG00000185000",1.10821486831062
"ENSG00000233251",1.10790067982132
"ENSG00000181896",1.1077709509867
"ENSG00000205189",1.10757586995001
"ENSG00000198740",1.10711836442551
"ENSG00000154237",1.10693369424119
"ENSG00000226824",1.10675900917985
"ENSG00000150457",1.10668994813819
"ENSG00000197785",1.10618422559394
"ENSG00000150687",1.10599021165342
"ENSG00000205643",1.10585186993976
"ENSG00000277007",1.10573105778862
"ENSG00000106070",1.10564789400231
"ENSG00000159128",1.10562224796263
"ENSG00000289421",1.10553371053634
"ENSG00000110237",1.10518964441279
"ENSG00000186001",1.10441008998679
"ENSG00000137171",1.10423480268961
"ENSG00000197497",1.10389070653544
"ENSG00000149300",1.10387394846788
"ENSG00000177380",1.10384048703485
"ENSG00000132182",1.10364133594562
"ENSG00000132017",1.10347830351127
"ENSG00000205269",1.10321402151302
"ENSG00000139160",1.10311195754688
"ENSG00000175470",1.10245373129008
"ENSG00000234663",1.10216005088981
"ENSG00000117602",1.10192169426943
"ENSG00000289037",1.10188127638452
"ENSG00000080802",1.10172379507909
"ENSG00000154920",1.10098537064333
"ENSG00000250067",1.10074250432061
"ENSG00000149050",1.10066394528995
"ENSG00000044446",1.10027348861672
"ENSG00000258839",1.09994489782928
"ENSG00000099785",1.09992336112887
"ENSG00000131873",1.09919349150031
"ENSG00000173473",1.09877703986661
"ENSG00000101193",1.09862062468213
"ENSG00000301878",1.09840698248606
"ENSG00000163701",1.09816631784348
"ENSG00000293427",1.09780474968484
"ENSG00000136883",1.0970862670102
"ENSG00000228725",1.09696312953606
"ENSG00000290890",1.0967687095439
"ENSG00000111450",1.09606387382374
"ENSG00000273711",1.09596543154737
"ENSG00000124006",1.09586253001887
"ENSG00000175029",1.09468471969951
"ENSG00000131018",1.09458330197407
"ENSG00000267059",1.09422283644716
"ENSG00000183840",1.09411477655466
"ENSG00000130762",1.0938256886176
"ENSG00000108349",1.09348834276454
"ENSG00000189007",1.09345909353071
"ENSG00000084444",1.09339277402592
"ENSG00000112365",1.09297222991057
"ENSG00000107099",1.0927834654132
"ENSG00000144589",1.09259367861741
"ENSG00000115904",1.09240943520805
"ENSG00000285121",1.0918727564994
"ENSG00000176749",1.09157958799655
"ENSG00000108557",1.09151535342051
"ENSG00000264278",1.09128372129951
"ENSG00000149634",1.09093745285617
"ENSG00000090863",1.09090213346621
"ENSG00000005889",1.09085425970514
"ENSG00000228010",1.09026205808053
"ENSG00000170745",1.08963861242009
"ENSG00000115306",1.08956124504096
"ENSG00000137275",1.08951951865808
"ENSG00000120948",1.08950707878219
"ENSG00000205250",1.08937151240752
"ENSG00000290945",1.0891588844331
"ENSG00000113946",1.08890874868264
"ENSG00000101194",1.08885820904777
"ENSG00000170085",1.08878520141546
"ENSG00000289342",1.08841740922987
"ENSG00000212232",1.08817156715187
"ENSG00000173517",1.0880301728109
"ENSG00000310533",1.08779714373086
"ENSG00000198840",1.08738327543731
"ENSG00000035681",1.08699770238764
"ENSG00000141867",1.08690392356802
"ENSG00000281207",1.08685473462338
"ENSG00000185090",1.08626555880202
"ENSG00000164379",1.08583366390128
"ENSG00000289189",1.08515622138018
"ENSG00000103042",1.08492979130456
"ENSG00000285360",1.08415390889055
"ENSG00000166398",1.08404734160338
"ENSG00000164011",1.08403232110446
"ENSG00000089597",1.08389976986466
"ENSG00000286277",1.08329945464362
"ENSG00000235194",1.08329943729206
"ENSG00000227355",1.08319638607636
"ENSG00000196167",1.0829290970351
"ENSG00000121579",1.08290883751044
"ENSG00000167674",1.08281188287881
"ENSG00000188549",1.08261042093716
"ENSG00000214279",1.082544151175
"ENSG00000155090",1.08244264674326
"ENSG00000100614",1.08236935489521
"ENSG00000290574",1.08221807555347
"ENSG00000151445",1.08216667189154
"ENSG00000273306",1.08160235332214
"ENSG00000293473",1.08138967656482
"ENSG00000196296",1.0813155053537
"ENSG00000245532",1.08128963134686
"ENSG00000140948",1.08118889676382
"ENSG00000096696",1.08113361580827
"ENSG00000128059",1.08020286415253
"ENSG00000122477",1.08007078440491
"ENSG00000198521",1.07957342707333
"ENSG00000232347",1.0793579961058
"ENSG00000149257",1.07929675993066
"ENSG00000160191",1.07927530468345
"ENSG00000179862",1.0788601214999
"ENSG00000130402",1.07839333933289
"ENSG00000169683",1.0780102066804
"ENSG00000251615",1.07765419964553
"ENSG00000184786",1.07763173879977
"ENSG00000166278",1.07752952219472
"ENSG00000108179",1.07697763507336
"ENSG00000186020",1.0765916899554
"ENSG00000114648",1.07550149596806
"ENSG00000181826",1.07538563964115
"ENSG00000137843",1.07525574439317
"ENSG00000156304",1.07507130275029
"ENSG00000159082",1.07451504270636
"ENSG00000259891",1.07382067550879
"ENSG00000113649",1.0734498380291
"ENSG00000160221",1.0732969275151
"ENSG00000162734",1.07319010724769
"ENSG00000257800",1.07198784536245
"ENSG00000247317",1.07186713748099
"ENSG00000175556",1.07068687265643
"ENSG00000080845",1.07066998688039
"ENSG00000196510",1.07063940880185
"ENSG00000196505",1.07040918997624
"ENSG00000273784",1.07031122859331
"ENSG00000033178",1.07030179564867
"ENSG00000117151",1.07013175233471
"ENSG00000261765",1.06983782881115
"ENSG00000293497",1.06977198325546
"ENSG00000276879",1.06957931849077
"ENSG00000186222",1.06946784108682
"ENSG00000251131",1.06885795913874
"ENSG00000116544",1.06874536767856
"ENSG00000211448",1.0686307771872
"ENSG00000214960",1.06847223943581
"ENSG00000171045",1.0680380825605
"ENSG00000180626",1.06798926959229
"ENSG00000114062",1.06771078162839
"ENSG00000015520",1.06770830823402
"ENSG00000140743",1.06762869908653
"ENSG00000154370",1.06724729281553
"ENSG00000186638",1.0668988157577
"ENSG00000227388",1.06606385338512
"ENSG00000115641",1.06585964463374
"ENSG00000067191",1.06554348173988
"ENSG00000112234",1.06548276592201
"ENSG00000307060",1.06533743786252
"ENSG00000156042",1.06514748086402
"ENSG00000270170",1.06497170860287
"ENSG00000197603",1.06474297115624
"ENSG00000280239",1.06472134057091
"ENSG00000103160",1.06469281933716
"ENSG00000237462",1.06466257792824
"ENSG00000123552",1.06439428811985
"ENSG00000247315",1.06393179244044
"ENSG00000075426",1.06384602199322
"ENSG00000164073",1.06379234604775
"ENSG00000110514",1.06370000731034
"ENSG00000306832",1.06338188027781
"ENSG00000293382",1.06333281725831
"ENSG00000171262",1.06332934286086
"ENSG00000291072",1.06306016191451
"ENSG00000223784",1.06301919707476
"ENSG00000278390",1.06282853865041
"ENSG00000258818",1.06272270245549
"ENSG00000058673",1.06249567777432
"ENSG00000076321",1.06215421509494
"ENSG00000141968",1.06193815803077
"ENSG00000291201",1.06181623124169
"ENSG00000280587",1.06168862713001
"ENSG00000137764",1.06166424545096
"ENSG00000223653",1.06001068439531
"ENSG00000224281",1.05984768650605
"ENSG00000106245",1.05973574385908
"ENSG00000187193",1.05904649463227
"ENSG00000118260",1.05902179904735
"ENSG00000123836",1.05894275620401
"ENSG00000197471",1.05892237160083
"ENSG00000135245",1.05879090741519
"ENSG00000109084",1.05870949968409
"ENSG00000186350",1.05860627045039
"ENSG00000083799",1.05856407472887
"ENSG00000257507",1.05832689473341
"ENSG00000229739",1.05761504793496
"ENSG00000184083",1.05753787049765
"ENSG00000153291",1.05753097477691
"ENSG00000069869",1.05731134970231
"ENSG00000290955",1.05720913214203
"ENSG00000261140",1.05716433147582
"ENSG00000289234",1.05711325676152
"ENSG00000260352",1.05711056267571
"ENSG00000160223",1.05668247812103
"ENSG00000245552",1.05666940104249
"ENSG00000299466",1.05656575385419
"ENSG00000183258",1.05635585996261
"ENSG00000158092",1.05598947170385
"ENSG00000288370",1.05575592860377
"ENSG00000137486",1.05567721967614
"ENSG00000109472",1.0556047810175
"ENSG00000168386",1.05551072680435
"ENSG00000260781",1.05522130996986
"ENSG00000236924",1.05485845661475
"ENSG00000159200",1.05473782810917
"ENSG00000088305",1.05429636015702
"ENSG00000158806",1.05425652026533
"ENSG00000186532",1.05419904184824
"ENSG00000119636",1.05412560869149
"ENSG00000257046",1.05376768629516
"ENSG00000267632",1.05278943574834
"ENSG00000224093",1.05268239292409
"ENSG00000179406",1.0523314638727
"ENSG00000100201",1.05230803168245
"ENSG00000260196",1.05226329976035
"ENSG00000135205",1.05223207719235
"ENSG00000176695",1.05217130766119
"ENSG00000275202",1.05212976371046
"ENSG00000286616",1.05162608782582
"ENSG00000204843",1.05139761261393
"ENSG00000160226",1.0513010891504
"ENSG00000196981",1.05111026698794
"ENSG00000152804",1.05088321971371
"ENSG00000251192",1.0507091114265
"ENSG00000225484",1.05054800066982
"ENSG00000293240",1.05042838236979
"ENSG00000153443",1.04974964082215
"ENSG00000247728",1.04950177799438
"ENSG00000171467",1.0492820866153
"ENSG00000187531",1.04803357716104
"ENSG00000276115",1.04784846424757
"ENSG00000119242",1.04726612871574
"ENSG00000186603",1.04661327994121
"ENSG00000189362",1.04637851231929
"ENSG00000258890",1.04599262126374
"ENSG00000293141",1.04574528260804
"ENSG00000156052",1.04475650350226
"ENSG00000069399",1.0446034363001
"ENSG00000307714",1.04446382538029
"ENSG00000160703",1.04391957302253
"ENSG00000296726",1.04354121448063
"ENSG00000180776",1.04338246243823
"ENSG00000141655",1.04330601333373
"ENSG00000213588",1.04319627201368
"ENSG00000149428",1.0430410410283
"ENSG00000188981",1.04294227610185
"ENSG00000214021",1.04292753520074
"ENSG00000171951",1.04207240251111
"ENSG00000105298",1.04177149314572
"ENSG00000176142",1.04170253972751
"ENSG00000290957",1.04129219674882
"ENSG00000001561",1.04092437592395
"ENSG00000020129",1.04030619305582
"ENSG00000122741",1.03963260192737
"ENSG00000148187",1.03955936881869
"ENSG00000270820",1.03945295432112
"ENSG00000106100",1.03926244431905
"ENSG00000154114",1.03913990798487
"ENSG00000204084",1.03895562936305
"ENSG00000145779",1.03881589762626
"ENSG00000127084",1.03826640861003
"ENSG00000100150",1.03813735168029
"ENSG00000061918",1.03780032497826
"ENSG00000108852",1.03772065619917
"ENSG00000171109",1.03762726642097
"ENSG00000131584",1.03757945790476
"ENSG00000258429",1.03736578296328
"ENSG00000111530",1.03734344882833
"ENSG00000150893",1.03721291113683
"ENSG00000263126",1.03707614148369
"ENSG00000176102",1.0368755153445
"ENSG00000119285",1.03614646409563
"ENSG00000226087",1.03589711140419
"ENSG00000164080",1.0358090372466
"ENSG00000123358",1.03547715460192
"ENSG00000184056",1.03546379301313
"ENSG00000178226",1.03528343361473
"ENSG00000141027",1.03524387760956
"ENSG00000132024",1.03513874266398
"ENSG00000105771",1.03489434104515
"ENSG00000260742",1.0347306786957
"ENSG00000237335",1.03462743228522
"ENSG00000037042",1.03414390793921
"ENSG00000185915",1.03358027876388
"ENSG00000141456",1.03351973373068
"ENSG00000176390",1.03333171676876
"ENSG00000298875",1.03320834852151
"ENSG00000246889",1.03305983467185
"ENSG00000291147",1.03268923935178
"ENSG00000293669",1.03233434965427
"ENSG00000110975",1.03203698736979
"ENSG00000281385",1.03177713059855
"ENSG00000077713",1.03101225300478
"ENSG00000146476",1.0309605555592
"ENSG00000161618",1.03043198382913
"ENSG00000268870",1.03042468709554
"ENSG00000271848",1.03017834307025
"ENSG00000290901",1.03013642523466
"ENSG00000239569",1.02971021384411
"ENSG00000250474",1.02933194134902
"ENSG00000141428",1.02907363665894
"ENSG00000294036",1.02896158719994
"ENSG00000106511",1.02826480987373
"ENSG00000183762",1.02815299221257
"ENSG00000049323",1.02801590888266
"ENSG00000279278",1.02777026398933
"ENSG00000230606",1.02762591630681
"ENSG00000183336",1.0271054097457
"ENSG00000282226",1.02707159413965
"ENSG00000126603",1.02692784164068
"ENSG00000101190",1.02687792383082
"ENSG00000106078",1.02668490653466
"ENSG00000198824",1.02523470844834
"ENSG00000161692",1.02495037811786
"ENSG00000144567",1.02474587404121
"ENSG00000197694",1.02446376102148
"ENSG00000114503",1.02433895214763
"ENSG00000225321",1.02402869200775
"ENSG00000133131",1.02381625451051
"ENSG00000162639",1.0237042826619
"ENSG00000102878",1.02350425887294
"ENSG00000197362",1.0230263040163
"ENSG00000279417",1.02253969382809
"ENSG00000204217",1.02248896562111
"ENSG00000160588",1.02247986597718
"ENSG00000145016",1.02227494817155
"ENSG00000254634",1.02196967692901
"ENSG00000240137",1.02170569795382
"ENSG00000043143",1.02161150618282
"ENSG00000188582",1.0212072215313
"ENSG00000171867",1.021089858142
"ENSG00000163814",1.02078505882186
"ENSG00000298231",1.02031415070009
"ENSG00000179431",1.02025273188932
"ENSG00000110429",1.02015960058515
"ENSG00000111642",1.02000742270987
"ENSG00000115207",1.01970469698565
"ENSG00000279432",1.01969468016826
"ENSG00000188895",1.01957786630956
"ENSG00000117385",1.01951529464669
"ENSG00000124783",1.01901920172985
"ENSG00000137693",1.01863806339843
"ENSG00000225937",1.01843363424947
"ENSG00000165782",1.01832507958713
"ENSG00000253352",1.01820808933077
"ENSG00000223960",1.01807512933876
"ENSG00000179832",1.01804545884041
"ENSG00000196646",1.0178201291189
"ENSG00000109111",1.01719348577263
"ENSG00000254706",1.01662178375063
"ENSG00000163820",1.01606699038543
"ENSG00000083457",1.01566110915696
"ENSG00000100056",1.0155720175803
"ENSG00000141965",1.01535594071632
"ENSG00000301778",1.01525056213623
"ENSG00000143924",1.01499443736968
"ENSG00000104365",1.01466670288389
"ENSG00000110931",1.01461290150494
"ENSG00000256087",1.01459526234137
"ENSG00000170836",1.01452918133809
"ENSG00000288825",1.01424552239912
"ENSG00000080986",1.0141076596387
"ENSG00000196793",1.01362736901325
"ENSG00000003393",1.01356112502852
"ENSG00000179674",1.01339456178846
"ENSG00000287292",1.01316763620815
"ENSG00000198909",1.01284012971249
"ENSG00000104432",1.01255371835936
"ENSG00000234127",1.01208033312244
"ENSG00000160999",1.01206198318251
"ENSG00000040341",1.01193918875743
"ENSG00000189144",1.01164191913889
"ENSG00000108771",1.011554012216
"ENSG00000121073",1.01153847168447
"ENSG00000105939",1.01150614934283
"ENSG00000170500",1.01141329185835
"ENSG00000030066",1.01135566175555
"ENSG00000107036",1.01133739721295
"ENSG00000160007",1.01084169372753
"ENSG00000112294",1.01055448233034
"ENSG00000292982",1.01046812334015
"ENSG00000185880",1.01002273579008
"ENSG00000284967",1.00961149876761
"ENSG00000177479",1.00892946258251
"ENSG00000083520",1.00888614104277
"ENSG00000213859",1.00860390584642
"ENSG00000186187",1.00859056175129
"ENSG00000083307",1.0084375899986
"ENSG00000141198",1.0080515733768
"ENSG00000136636",1.00799770292273
"ENSG00000236039",1.00791848493535
"ENSG00000107779",1.00783687637879
"ENSG00000073536",1.00775409376879
"ENSG00000013392",1.00774065928915
"ENSG00000167615",1.0076224909726
"ENSG00000248810",1.00758703119984
"ENSG00000166311",1.00739314031603
"ENSG00000158246",1.00723339949562
"ENSG00000213722",1.0066885833423
"ENSG00000141449",1.00635027633225
"ENSG00000095637",1.00532526900407
"ENSG00000260528",1.00510665130296
"ENSG00000284052",1.00497495199043
"ENSG00000248489",1.00489677276838
"ENSG00000296816",1.00467938657058
"ENSG00000068912",1.00449351841297
"ENSG00000137880",1.00447729460738
"ENSG00000151458",1.00414904239272
"ENSG00000055070",1.00370830777355
"ENSG00000107819",1.0036284614025
"ENSG00000177406",1.00321045391807
"ENSG00000110047",1.00295754436972
"ENSG00000258731",1.00272451618783
"ENSG00000299322",1.00158252578496
"ENSG00000146192",1.00138557971249
"ENSG00000141556",1.0008672185088
"ENSG00000004660",1.00070325583231
"ENSG00000175048",1.00023913114213
"ENSG00000177119",1.00012515066598
"ENSG00000105223",0.999655007278244
"ENSG00000292230",0.999328889053178
"ENSG00000284933",0.99881094207555
"ENSG00000115282",0.998521267816401
"ENSG00000108582",0.997999180664012
"ENSG00000198468",0.997775885419599
"ENSG00000102901",0.997603610889768
"ENSG00000213024",0.997418332554245
"ENSG00000102743",0.99707803687986
"ENSG00000158805",0.996509738572912
"ENSG00000236809",0.996208179216192
"ENSG00000150477",0.995729176198671
"ENSG00000259877",0.99569730185936
"ENSG00000261889",0.995195010555875
"ENSG00000125686",0.995171239634085
"ENSG00000165282",0.995004453534321
"ENSG00000214595",0.994978686257981
"ENSG00000165526",0.994961525468016
"ENSG00000111358",0.994936873094216
"ENSG00000304458",0.994770454276235
"ENSG00000160949",0.994202847459886
"ENSG00000131966",0.993823541029763
"ENSG00000241973",0.993804878147514
"ENSG00000198417",0.993018165617832
"ENSG00000291133",0.992844323613038
"ENSG00000020633",0.992484664763148
"ENSG00000136826",0.991930943649048
"ENSG00000024048",0.990164042433262
"ENSG00000231185",0.989969601882367
"ENSG00000103197",0.989524773501772
"ENSG00000120526",0.989436070697705
"ENSG00000287223",0.988849499438202
"ENSG00000119771",0.988583469442849
"ENSG00000061987",0.987904624196299
"ENSG00000118900",0.987881270531031
"ENSG00000169951",0.987826036102105
"ENSG00000173535",0.987785666739806
"ENSG00000111696",0.987713445649407
"ENSG00000157399",0.987471795027394
"ENSG00000197563",0.987207182546642
"ENSG00000146834",0.987202757983734
"ENSG00000147862",0.986360215371368
"ENSG00000151623",0.986244926620566
"ENSG00000183765",0.985208303650918
"ENSG00000163734",0.985194993864566
"ENSG00000100532",0.984879749448897
"ENSG00000170088",0.983847713551138
"ENSG00000168916",0.983540510777122
"ENSG00000209082",0.983512809657499
"ENSG00000246465",0.982896746433931
"ENSG00000214967",0.982025222607494
"ENSG00000007968",0.981283079177354
"ENSG00000224699",0.981103829166807
"ENSG00000186889",0.981101667410807
"ENSG00000114166",0.980762653418527
"ENSG00000198959",0.980131862992131
"ENSG00000294304",0.97977748473968
"ENSG00000090530",0.979601080867523
"ENSG00000272145",0.979532273401682
"ENSG00000170468",0.979342022135981
"ENSG00000134313",0.979336463464381
"ENSG00000180769",0.978887946893766
"ENSG00000173821",0.978668557621177
"ENSG00000246339",0.978649863468814
"ENSG00000273549",0.97855801844689
"ENSG00000147679",0.978449364348119
"ENSG00000158286",0.978272516394001
"ENSG00000272476",0.977928093397997
"ENSG00000165219",0.977469804518971
"ENSG00000277161",0.977183237638607
"ENSG00000169583",0.977144114613359
"ENSG00000166169",0.977114078263762
"ENSG00000282830",0.97676901592615
"ENSG00000273265",0.976632118277332
"ENSG00000262160",0.976589108615381
"ENSG00000214776",0.976555878550104
"ENSG00000146872",0.97651804438499
"ENSG00000111276",0.976483159661934
"ENSG00000160218",0.976071924059555
"ENSG00000117000",0.976022113761034
"ENSG00000128284",0.97598978638399
"ENSG00000232104",0.975557016474672
"ENSG00000223573",0.975353258522184
"ENSG00000060709",0.974488311154364
"ENSG00000184709",0.974270876340519
"ENSG00000267199",0.974261728724067
"ENSG00000288939",0.973969373479192
"ENSG00000112379",0.973843713187742
"ENSG00000156931",0.973620342469166
"ENSG00000147509",0.973618835403969
"ENSG00000273541",0.973318792842732
"ENSG00000146223",0.973007358994548
"ENSG00000073605",0.972945277338136
"ENSG00000177853",0.972501006799026
"ENSG00000116212",0.972436486394668
"ENSG00000254254",0.972022521927951
"ENSG00000149927",0.971989713552333
"ENSG00000180011",0.971728977415232
"ENSG00000176593",0.971695018717131
"ENSG00000295937",0.971691232072889
"ENSG00000173137",0.971455824431259
"ENSG00000178075",0.971337509317357
"ENSG00000260306",0.971226403095887
"ENSG00000022976",0.971082312492179
"ENSG00000288766",0.970978814016371
"ENSG00000168890",0.970928976316612
"ENSG00000274512",0.970543400594798
"ENSG00000108061",0.970467811015034
"ENSG00000183281",0.97036191934057
"ENSG00000165125",0.970302800901863
"ENSG00000117643",0.970273723890544
"ENSG00000162571",0.97012946469787
"ENSG00000198804",0.970065653885894
"ENSG00000178252",0.970058675242417
"ENSG00000197016",0.970025330374168
"ENSG00000196756",0.970010799431546
"ENSG00000235443",0.969651472554885
"ENSG00000163545",0.96954283864751
"ENSG00000254024",0.969494299655422
"ENSG00000103429",0.969089793780094
"ENSG00000127507",0.969064833600024
"ENSG00000173120",0.969044590991418
"ENSG00000154174",0.968947073083427
"ENSG00000090905",0.968923621441861
"ENSG00000100478",0.968895117455194
"ENSG00000172650",0.968820007847965
"ENSG00000217648",0.968390970496522
"ENSG00000197226",0.968211400491999
"ENSG00000178971",0.968183503488704
"ENSG00000085563",0.968162807143309
"ENSG00000101752",0.967339575681903
"ENSG00000290923",0.96717851190703
"ENSG00000136068",0.967052830142033
"ENSG00000288880",0.967028659812272
"ENSG00000183421",0.966871181920674
"ENSG00000196371",0.966617428668257
"ENSG00000223547",0.965580474931246
"ENSG00000128016",0.964815452119224
"ENSG00000290976",0.964310103926292
"ENSG00000223493",0.964228203676368
"ENSG00000204685",0.964222999415497
"ENSG00000149657",0.963871378625476
"ENSG00000168769",0.963670482477679
"ENSG00000144445",0.963496036797365
"ENSG00000263513",0.962766195806974
"ENSG00000122877",0.962595603009118
"ENSG00000104951",0.962594942782733
"ENSG00000125731",0.962512447137513
"ENSG00000180357",0.962482963022913
"ENSG00000274796",0.962481508938995
"ENSG00000140153",0.96240983908141
"ENSG00000204172",0.962284615315166
"ENSG00000278233",0.962228645572572
"ENSG00000138764",0.962159648812605
"ENSG00000286147",0.961800652265144
"ENSG00000100023",0.961689843259468
"ENSG00000157426",0.961650210318762
"ENSG00000186642",0.961545223792273
"ENSG00000067369",0.961273235753413
"ENSG00000162769",0.961230266546165
"ENSG00000286586",0.96100547505181
"ENSG00000048392",0.960735333069324
"ENSG00000198496",0.960262107850472
"ENSG00000231370",0.960051955984803
"ENSG00000206567",0.960030113581221
"ENSG00000291080",0.95996521029675
"ENSG00000277773",0.959749983040907
"ENSG00000306848",0.959574733192566
"ENSG00000157637",0.959466950576439
"ENSG00000055917",0.959164159079782
"ENSG00000226791",0.958884802889982
"ENSG00000103494",0.958540592046399
"ENSG00000157800",0.958239704637773
"ENSG00000169242",0.958238792233021
"ENSG00000164331",0.957833741360554
"ENSG00000163064",0.957518861400443
"ENSG00000116793",0.957501496804919
"ENSG00000198315",0.956560630995756
"ENSG00000158793",0.956413826132835
"ENSG00000074755",0.95634373870774
"ENSG00000225528",0.956181591091131
"ENSG00000176834",0.956078327610576
"ENSG00000284419",0.955291460492987
"ENSG00000286507",0.955036267589523
"ENSG00000130881",0.95501583257029
"ENSG00000120451",0.954352565302562
"ENSG00000283000",0.954079629834167
"ENSG00000101343",0.95401753821561
"ENSG00000299597",0.95395556577208
"ENSG00000162231",0.953852387908112
"ENSG00000228824",0.953728215242472
"ENSG00000141837",0.953697658663866
"ENSG00000196670",0.953397575871616
"ENSG00000223666",0.952500100631499
"ENSG00000172602",0.951998826832957
"ENSG00000144535",0.951651466441566
"ENSG00000176920",0.951076957794961
"ENSG00000074276",0.95039925245468
"ENSG00000290920",0.950373328360596
"ENSG00000154678",0.950054200501187
"ENSG00000204394",0.949979772594007
"ENSG00000080819",0.949916954652251
"ENSG00000100034",0.949404919492726
"ENSG00000001630",0.949154903749958
"ENSG00000088386",0.948287696990972
"ENSG00000048342",0.948266818481593
"ENSG00000134222",0.948115151120054
"ENSG00000028310",0.948012411253992
"ENSG00000153130",0.947871475697776
"ENSG00000106780",0.9473275374662
"ENSG00000214106",0.946920589332312
"ENSG00000198743",0.946563666003129
"ENSG00000101574",0.946293927919831
"ENSG00000178201",0.946253034708421
"ENSG00000158615",0.946068725738603
"ENSG00000147421",0.945851692881024
"ENSG00000296802",0.945307750374307
"ENSG00000187720",0.945066336237993
"ENSG00000088930",0.944624588702612
"ENSG00000145390",0.944441685790071
"ENSG00000205754",0.944268619553366
"ENSG00000165841",0.943706738439803
"ENSG00000135316",0.943614904601397
"ENSG00000076662",0.943607778639628
"ENSG00000307825",0.943453676193976
"ENSG00000139266",0.943390049134981
"ENSG00000125798",0.943389522082968
"ENSG00000140534",0.9432171181025
"ENSG00000115137",0.943210103898441
"ENSG00000268798",0.942265598443766
"ENSG00000291221",0.942200985558913
"ENSG00000175782",0.941332646784495
"ENSG00000178338",0.941101203308349
"ENSG00000259895",0.940641826523399
"ENSG00000100209",0.940397611262561
"ENSG00000197530",0.940314972345115
"ENSG00000198625",0.940022771553833
"ENSG00000133116",0.939824966794062
"ENSG00000184178",0.939649205149448
"ENSG00000117691",0.939575076609961
"ENSG00000187607",0.939285816864426
"ENSG00000115421",0.939045695671143
"ENSG00000115694",0.938963260167423
"ENSG00000280759",0.938458037179897
"ENSG00000230091",0.938442921844055
"ENSG00000275111",0.938273726606708
"ENSG00000273018",0.937972359466815
"ENSG00000143157",0.937970859253801
"ENSG00000233175",0.937665123777108
"ENSG00000163737",0.937660059816574
"ENSG00000129422",0.937639946109232
"ENSG00000118804",0.937260686965887
"ENSG00000120833",0.937238491714895
"ENSG00000112210",0.937237182073032
"ENSG00000124789",0.936551233011026
"ENSG00000181458",0.93624269079455
"ENSG00000157985",0.936232350589474
"ENSG00000183763",0.935356984624842
"ENSG00000088808",0.935209545122819
"ENSG00000185479",0.934853597316851
"ENSG00000268996",0.934682466193057
"ENSG00000261404",0.933909358096635
"ENSG00000072310",0.933379963317334
"ENSG00000176387",0.933225961790136
"ENSG00000168906",0.932311824748007
"ENSG00000203727",0.932196141069775
"ENSG00000116641",0.932171182291113
"ENSG00000144233",0.931700217128496
"ENSG00000171475",0.93099954814124
"ENSG00000226688",0.930742133955445
"ENSG00000006042",0.930505694800962
"ENSG00000134871",0.929877099688249
"ENSG00000171984",0.929745581047109
"ENSG00000286214",0.929500449248097
"ENSG00000293444",0.929253979882474
"ENSG00000011021",0.92901059047639
"ENSG00000255508",0.92889839366322
"ENSG00000124104",0.928693990705874
"ENSG00000283228",0.928592319033276
"ENSG00000164099",0.928476357558623
"ENSG00000231135",0.928261072611184
"ENSG00000196814",0.928250565778414
"ENSG00000305318",0.928249998614255
"ENSG00000116903",0.928113040926037
"ENSG00000152413",0.928109622880972
"ENSG00000124831",0.928084623936925
"ENSG00000245025",0.92754572093002
"ENSG00000136856",0.927182002772157
"ENSG00000103067",0.927050965752846
"ENSG00000144357",0.926816392662821
"ENSG00000213901",0.926640829851288
"ENSG00000152620",0.926372114835208
"ENSG00000139351",0.926053900717315
"ENSG00000116885",0.925920317151682
"ENSG00000261211",0.925899567883779
"ENSG00000143494",0.925742820514364
"ENSG00000263002",0.924868829510165
"ENSG00000117528",0.924845490867879
"ENSG00000196313",0.924665698745665
"ENSG00000166529",0.92452804930763
"ENSG00000141854",0.924444599923573
"ENSG00000042062",0.924017121653348
"ENSG00000289295",0.923294399749294
"ENSG00000110876",0.923239327192201
"ENSG00000245614",0.922972602807717
"ENSG00000166436",0.922923520440734
"ENSG00000113263",0.922918895294847
"ENSG00000130522",0.922568659398243
"ENSG00000258754",0.922568371371494
"ENSG00000264047",0.922328709296979
"ENSG00000151532",0.922277271121802
"ENSG00000250982",0.921901120557563
"ENSG00000164778",0.921856321278745
"ENSG00000288549",0.921693361968643
"ENSG00000120129",0.920768656006381
"ENSG00000283737",0.920454294944641
"ENSG00000235535",0.920331959574995
"ENSG00000236144",0.920330777124749
"ENSG00000090975",0.920116118097456
"ENSG00000167967",0.920057643343314
"ENSG00000257267",0.919587142569139
"ENSG00000130038",0.918992727468606
"ENSG00000133027",0.91863082846481
"ENSG00000205002",0.918541985968587
"ENSG00000261236",0.918541012762177
"ENSG00000160746",0.918531262594724
"ENSG00000241935",0.918460142703668
"ENSG00000291212",0.918208826803366
"ENSG00000146574",0.918096414007976
"ENSG00000124942",0.917771742376622
"ENSG00000163528",0.9172907015778
"ENSG00000178685",0.916990992684402
"ENSG00000062038",0.916930458827623
"ENSG00000232708",0.916669770742105
"ENSG00000127603",0.916438967107925
"ENSG00000213057",0.915730991693894
"ENSG00000100413",0.915218663953104
"ENSG00000166704",0.915198318153812
"ENSG00000279653",0.915001230133346
"ENSG00000219481",0.914370693481253
"ENSG00000104375",0.91405857473996
"ENSG00000245156",0.913993041307696
"ENSG00000139687",0.913369772893957
"ENSG00000184792",0.913131332960935
"ENSG00000224886",0.912982310305627
"ENSG00000152779",0.9129581123431
"ENSG00000196368",0.912726361494294
"ENSG00000132932",0.912720947744096
"ENSG00000054967",0.91253212291907
"ENSG00000213347",0.912496304787364
"ENSG00000167619",0.912488841627664
"ENSG00000188732",0.912300291855558
"ENSG00000282788",0.912049437578514
"ENSG00000102081",0.911818024407328
"ENSG00000165474",0.911787182994499
"ENSG00000303010",0.911761747432364
"ENSG00000245729",0.911003043442448
"ENSG00000307961",0.910633639579245
"ENSG00000272720",0.910466841301373
"ENSG00000124507",0.91039735609632
"ENSG00000249993",0.909901757685025
"ENSG00000188690",0.909852336723953
"ENSG00000004766",0.909146588027001
"ENSG00000130305",0.908785019555172
"ENSG00000198546",0.908762563448251
"ENSG00000181619",0.908511665041336
"ENSG00000086015",0.907908088876861
"ENSG00000159216",0.907696186677161
"ENSG00000275183",0.907677457200739
"ENSG00000105928",0.90761518190453
"ENSG00000273619",0.907607312017834
"ENSG00000162994",0.907567652467826
"ENSG00000310537",0.907399506277827
"ENSG00000203280",0.907201804302741
"ENSG00000279289",0.906938713108312
"ENSG00000079337",0.906777474961834
"ENSG00000163755",0.906532030552069
"ENSG00000151117",0.906370671290819
"ENSG00000127980",0.906168476738749
"ENSG00000138074",0.906143138980477
"ENSG00000198794",0.905986269089796
"ENSG00000234380",0.905859998489693
"ENSG00000126602",0.90524825570212
"ENSG00000156374",0.904906523795065
"ENSG00000156502",0.904849905386934
"ENSG00000213949",0.904819814632748
"ENSG00000163935",0.904442634679668
"ENSG00000198556",0.904439147672128
"ENSG00000204397",0.904211103978549
"ENSG00000306915",0.904158627924569
"ENSG00000127554",0.904148350803272
"ENSG00000048544",0.903911025917848
"ENSG00000119231",0.903727212499645
"ENSG00000135077",0.903695886374437
"ENSG00000173039",0.903506400831031
"ENSG00000158158",0.903467934642455
"ENSG00000289872",0.903278746390295
"ENSG00000203722",0.903095047420093
"ENSG00000167981",0.903026938533975
"ENSG00000103174",0.90294643908975
"ENSG00000167258",0.902928850662503
"ENSG00000167637",0.902814240955547
"ENSG00000080603",0.902781377467159
"ENSG00000007392",0.902631964232773
"ENSG00000170049",0.902594188482532
"ENSG00000142156",0.902454940789303
"ENSG00000133884",0.902303759807745
"ENSG00000117318",0.901906385403414
"ENSG00000291211",0.901706757102677
"ENSG00000112592",0.901595356633834
"ENSG00000185800",0.901535191661231
"ENSG00000119638",0.90062941800911
"ENSG00000118197",0.9006173083427
"ENSG00000106789",0.900455824778735
"ENSG00000119471",0.900414839785134
"ENSG00000197149",0.900194535229709
"ENSG00000183864",0.900167568671605
"ENSG00000297346",0.900025653468536
"ENSG00000123737",0.899921615046853
"ENSG00000163762",0.899786433141327
"ENSG00000136478",0.899325169599796
"ENSG00000271614",0.899103684301319
"ENSG00000143994",0.898505023557603
"ENSG00000221829",0.898416356216787
"ENSG00000073464",0.89776482504386
"ENSG00000251307",0.897439094077031
"ENSG00000294020",0.89737147995162
"ENSG00000173530",0.897112529697251
"ENSG00000279738",0.896741376784273
"ENSG00000109436",0.896726461237569
"ENSG00000290567",0.896633760854417
"ENSG00000146109",0.896385461441782
"ENSG00000239213",0.896311994758252
"ENSG00000196118",0.896196788985846
"ENSG00000115840",0.896087339382641
"ENSG00000294501",0.895965717298786
"ENSG00000241764",0.895965658827602
"ENSG00000139218",0.895846542982121
"ENSG00000172954",0.895745231861346
"ENSG00000165476",0.895487051654921
"ENSG00000156469",0.895376503534311
"ENSG00000086848",0.895023358355059
"ENSG00000286536",0.894852454361278
"ENSG00000143384",0.894503855270228
"ENSG00000143786",0.894329922584866
"ENSG00000162869",0.89407002379128
"ENSG00000253552",0.893848506749168
"ENSG00000130701",0.893179896225604
"ENSG00000137574",0.892662017700207
"ENSG00000181038",0.89246330348136
"ENSG00000171161",0.892261277643217
"ENSG00000292244",0.892110039691483
"ENSG00000107669",0.891874624462634
"ENSG00000023318",0.891678525579769
"ENSG00000147874",0.891490184975501
"ENSG00000139239",0.891445790707998
"ENSG00000142408",0.891228586157565
"ENSG00000108654",0.891115744292356
"ENSG00000160323",0.890865459868224
"ENSG00000206535",0.89082798739812
"ENSG00000134602",0.890786028891412
"ENSG00000132535",0.890757886073798
"ENSG00000128604",0.8904450074937
"ENSG00000171714",0.89018892930228
"ENSG00000272602",0.890183749788801
"ENSG00000157617",0.889918431870077
"ENSG00000135407",0.889807453284843
"ENSG00000235009",0.889584330290842
"ENSG00000109670",0.889544205085938
"ENSG00000273002",0.889525900959506
"ENSG00000155252",0.888042779626272
"ENSG00000253238",0.88752635758753
"ENSG00000080546",0.887264195082647
"ENSG00000157168",0.886697775288595
"ENSG00000235706",0.886551778457757
"ENSG00000230987",0.886312786310491
"ENSG00000188522",0.886186951182781
"ENSG00000172458",0.886024176280277
"ENSG00000270574",0.885745727317826
"ENSG00000290199",0.88560964497989
"ENSG00000146963",0.885285606130965
"ENSG00000196562",0.88465033966344
"ENSG00000290763",0.88407752200167
"ENSG00000111199",0.884025061752205
"ENSG00000291097",0.883817084767008
"ENSG00000163808",0.883792095274361
"ENSG00000289523",0.883760251971341
"ENSG00000260927",0.883705586561233
"ENSG00000285043",0.883702659686641
"ENSG00000136425",0.882814730982214
"ENSG00000263823",0.882692024240891
"ENSG00000179361",0.882508707422975
"ENSG00000174233",0.882046782731716
"ENSG00000240592",0.88168377891017
"ENSG00000081019",0.88144827941213
"ENSG00000177675",0.881384860877241
"ENSG00000064547",0.881294259169475
"ENSG00000165238",0.881239310744977
"ENSG00000291271",0.881068679780399
"ENSG00000151364",0.880960758976935
"ENSG00000105339",0.880654440539395
"ENSG00000249167",0.880600155273188
"ENSG00000235501",0.879956773289911
"ENSG00000184677",0.879657777911284
"ENSG00000018699",0.879635956575844
"ENSG00000152464",0.879119448112184
"ENSG00000117148",0.878970192604626
"ENSG00000137343",0.878637315941048
"ENSG00000162520",0.878598593095329
"ENSG00000104497",0.87847486789625
"ENSG00000266820",0.878204489116785
"ENSG00000293503",0.877909451033546
"ENSG00000083535",0.877795607186741
"ENSG00000108828",0.876681593175477
"ENSG00000271533",0.876654898261432
"ENSG00000198223",0.876043990559606
"ENSG00000290875",0.875976052259665
"ENSG00000261884",0.875941307166522
"ENSG00000159871",0.875838693502802
"ENSG00000137055",0.875201114427901
"ENSG00000247934",0.875006755788071
"ENSG00000214455",0.874751419327865
"ENSG00000289155",0.874679020526509
"ENSG00000290775",0.874158589945293
"ENSG00000291051",0.874061521777521
"ENSG00000139133",0.873906879327414
"ENSG00000088543",0.873837900749751
"ENSG00000283696",0.873713017735914
"ENSG00000169891",0.873536950920699
"ENSG00000182405",0.87314391690807
"ENSG00000103199",0.872984950377142
"ENSG00000285589",0.8729741315435
"ENSG00000267288",0.872786911279279
"ENSG00000267940",0.872498382266256
"ENSG00000064989",0.872370621120697
"ENSG00000306312",0.872341468735813
"ENSG00000107282",0.872263721898842
"ENSG00000143033",0.872232893761239
"ENSG00000133858",0.872171436292225
"ENSG00000305205",0.871835065051488
"ENSG00000259088",0.8711144999936
"ENSG00000173465",0.87104362819486
"ENSG00000293293",0.870912984145373
"ENSG00000182687",0.870453910963225
"ENSG00000137812",0.870263040507922
"ENSG00000068654",0.870136203166551
"ENSG00000196998",0.870050835179417
"ENSG00000226091",0.869959346184335
"ENSG00000158290",0.869796117135497
"ENSG00000249996",0.869608412571841
"ENSG00000204315",0.869266510597467
"ENSG00000143772",0.869201945255925
"ENSG00000279583",0.86911788147843
"ENSG00000173451",0.868759207007679
"ENSG00000066926",0.868635721900146
"ENSG00000228274",0.868605630078927
"ENSG00000198198",0.868037610281566
"ENSG00000122203",0.86777178692402
"ENSG00000138347",0.867490890541756
"ENSG00000260630",0.866948040664349
"ENSG00000267939",0.866479026649437
"ENSG00000137185",0.866103650013571
"ENSG00000114125",0.865950525468651
"ENSG00000148935",0.865541898443427
"ENSG00000138138",0.8654808149619
"ENSG00000204580",0.865283767269066
"ENSG00000100796",0.865129998304222
"ENSG00000205364",0.865001073000454
"ENSG00000292278",0.864864875469411
"ENSG00000296109",0.864804438240053
"ENSG00000168061",0.864755639552126
"ENSG00000163347",0.864195579527972
"ENSG00000165732",0.864187486797815
"ENSG00000162601",0.863956847647125
"ENSG00000213513",0.86318967903833
"ENSG00000234949",0.863139456592999
"ENSG00000163703",0.862748402229926
"ENSG00000177096",0.862704070613209
"ENSG00000286086",0.862318330065602
"ENSG00000133226",0.862182206694127
"ENSG00000174989",0.862116579282797
"ENSG00000226067",0.862053514473136
"ENSG00000082898",0.861994540988349
"ENSG00000170631",0.860997276002076
"ENSG00000214063",0.860977880953841
"ENSG00000020256",0.860973048652042
"ENSG00000131148",0.86096050592888
"ENSG00000255966",0.860859465423833
"ENSG00000256771",0.860714819983802
"ENSG00000227888",0.860614408026584
"ENSG00000271851",0.860581140730397
"ENSG00000127526",0.860088712345546
"ENSG00000275004",0.859875683273635
"ENSG00000292986",0.85969452188323
"ENSG00000284292",0.85966495072899
"ENSG00000103313",0.859576526655271
"ENSG00000165861",0.85937710533958
"ENSG00000099849",0.85915394297912
"ENSG00000091409",0.859147243077605
"ENSG00000174099",0.858338365054817
"ENSG00000198888",0.857975945683053
"ENSG00000171320",0.857164466882865
"ENSG00000276089",0.857104782519886
"ENSG00000235336",0.856613112967999
"ENSG00000204152",0.856530598600628
"ENSG00000100938",0.8564581169165
"ENSG00000136444",0.856270515593862
"ENSG00000180096",0.856160842918043
"ENSG00000182325",0.856131626107752
"ENSG00000287277",0.855778671505706
"ENSG00000169446",0.855623676340012
"ENSG00000235863",0.855498428483114
"ENSG00000187535",0.855374214250395
"ENSG00000290554",0.85512793032204
"ENSG00000253958",0.854668169959849
"ENSG00000112893",0.854658530150417
"ENSG00000235437",0.854313694238205
"ENSG00000180758",0.854097166606076
"ENSG00000007944",0.853869786972853
"ENSG00000140320",0.85379993816832
"ENSG00000142856",0.85351915246457
"ENSG00000173614",0.853230524720145
"ENSG00000135905",0.852704426813005
"ENSG00000226950",0.852613936658202
"ENSG00000188786",0.852487781073293
"ENSG00000198934",0.852266431008479
"ENSG00000171444",0.851697432596759
"ENSG00000179941",0.851627924803404
"ENSG00000301851",0.851362451622689
"ENSG00000100503",0.851292572586835
"ENSG00000151413",0.851155857767882
"ENSG00000187650",0.850910714040721
"ENSG00000087495",0.850412937169208
"ENSG00000113658",0.850411411337156
"ENSG00000259024",0.850184258440089
"ENSG00000274849",0.850082314781024
"ENSG00000198933",0.850006950209712
"ENSG00000115756",0.849919148204437
"ENSG00000305303",0.849245011156347
"ENSG00000174130",0.849198368450704
"ENSG00000165525",0.849112313131886
"ENSG00000291132",0.848878052133435
"ENSG00000081014",0.848544486908303
"ENSG00000173218",0.848297888263517
"ENSG00000148158",0.848188284089922
"ENSG00000272514",0.848039720971938
"ENSG00000288721",0.847779231153624
"ENSG00000288640",0.8476504020865
"ENSG00000254996",0.847623275213805
"ENSG00000198301",0.847496318943089
"ENSG00000011243",0.84702646332758
"ENSG00000152137",0.846475156356622
"ENSG00000198754",0.846379842229153
"ENSG00000176208",0.846193161544461
"ENSG00000173281",0.846051518397914
"ENSG00000293475",0.845865601820083
"ENSG00000107938",0.84574295237063
"ENSG00000226789",0.845210299716601
"ENSG00000286389",0.845114240642394
"ENSG00000071894",0.844872543855381
"ENSG00000105997",0.844626620633384
"ENSG00000251034",0.844225254061893
"ENSG00000139083",0.84408289334571
"ENSG00000145041",0.843567723891736
"ENSG00000290439",0.843267038609712
"ENSG00000185453",0.843181379725061
"ENSG00000131791",0.843172961939869
"ENSG00000225439",0.843081209042544
"ENSG00000131788",0.842771585327597
"ENSG00000279407",0.842441636414667
"ENSG00000130684",0.841986554720248
"ENSG00000197989",0.841941651753089
"ENSG00000183155",0.841802183898082
"ENSG00000085999",0.841333223226162
"ENSG00000284703",0.841163185694402
"ENSG00000294658",0.841156604742708
"ENSG00000137075",0.840832766438622
"ENSG00000084652",0.840557116330286
"ENSG00000051009",0.84034621640552
"ENSG00000148341",0.840043298667044
"ENSG00000267041",0.8400228265334
"ENSG00000154359",0.839969929756574
"ENSG00000290613",0.839914910336398
"ENSG00000102904",0.839716071318444
"ENSG00000253944",0.839534725396436
"ENSG00000293514",0.83932263472498
"ENSG00000188641",0.839216796372962
"ENSG00000264112",0.838984139589713
"ENSG00000116198",0.838867716981149
"ENSG00000254258",0.83858923287098
"ENSG00000222047",0.83842894508245
"ENSG00000163864",0.838152351854538
"ENSG00000196182",0.838095582563599
"ENSG00000173852",0.838019802022198
"ENSG00000188827",0.838005807584582
"ENSG00000100167",0.837759708216731
"ENSG00000100968",0.837649419594278
"ENSG00000137440",0.837602319029659
"ENSG00000145348",0.837464685403853
"ENSG00000135537",0.83746023548567
"ENSG00000272626",0.836955079021154
"ENSG00000305087",0.836700459575916
"ENSG00000116704",0.836642875586305
"ENSG00000180228",0.836597603800314
"ENSG00000095015",0.836324069547577
"ENSG00000170606",0.835838006498425
"ENSG00000186480",0.83562164452204
"ENSG00000112367",0.835324759406955
"ENSG00000115827",0.835295867987714
"ENSG00000188368",0.835243232679741
"ENSG00000282508",0.835235562357782
"ENSG00000110436",0.835211455786102
"ENSG00000083814",0.835144519291841
"ENSG00000187098",0.83464328131611
"ENSG00000254854",0.834440676310405
"ENSG00000109501",0.834426521879371
"ENSG00000158850",0.833612955751354
"ENSG00000161914",0.83250969406468
"ENSG00000196712",0.83249371782202
"ENSG00000233393",0.832398859946038
"ENSG00000167131",0.832297254755173
"ENSG00000233641",0.832072583284867
"ENSG00000185686",0.831825216327067
"ENSG00000293501",0.831736002192907
"ENSG00000291365",0.83138616620222
"ENSG00000103852",0.831303163515152
"ENSG00000112874",0.831107855484742
"ENSG00000245534",0.831043830889476
"ENSG00000076770",0.830894227551683
"ENSG00000187372",0.830449794502285
"ENSG00000135049",0.830158510459526
"ENSG00000286873",0.830078479281904
"ENSG00000123612",0.829565897489641
"ENSG00000149100",0.829482439165452
"ENSG00000143179",0.828844233717341
"ENSG00000177732",0.828458479979197
"ENSG00000224893",0.828304251204054
"ENSG00000310523",0.828212369805265
"ENSG00000250742",0.8281856915263
"ENSG00000187231",0.827912165492346
"ENSG00000138696",0.827867822679816
"ENSG00000259375",0.827811397529589
"ENSG00000117407",0.827773162120387
"ENSG00000124074",0.827754327380872
"ENSG00000226332",0.827722305174141
"ENSG00000061936",0.827703411759923
"ENSG00000203402",0.827684052686719
"ENSG00000229132",0.827629562631443
"ENSG00000154721",0.827387589517686
"ENSG00000100060",0.827207812009413
"ENSG00000284523",0.82715572717038
"ENSG00000121716",0.827154027361474
"ENSG00000124171",0.826887712290191
"ENSG00000292279",0.826558555417835
"ENSG00000073417",0.826128935297332
"ENSG00000136717",0.825945106013818
"ENSG00000291099",0.825511041628033
"ENSG00000196233",0.825451260261209
"ENSG00000154059",0.825442722465761
"ENSG00000287707",0.825389607458969
"ENSG00000304056",0.825064700038662
"ENSG00000255529",0.824619854642586
"ENSG00000091844",0.824524723907309
"ENSG00000063046",0.824309216730353
"ENSG00000279041",0.824291204788137
"ENSG00000228109",0.823985052717158
"ENSG00000121931",0.823805528611613
"ENSG00000304949",0.823743928514321
"ENSG00000177150",0.823739064046326
"ENSG00000168427",0.823462110962991
"ENSG00000274538",0.823104720807016
"ENSG00000305770",0.822947266266615
"ENSG00000229642",0.822803362574399
"ENSG00000278768",0.822636808546872
"ENSG00000188985",0.821300114950091
"ENSG00000138018",0.821169362771054
"ENSG00000229028",0.82107002965961
"ENSG00000156265",0.820713182690618
"ENSG00000167604",0.82049557452747
"ENSG00000119686",0.820399640053927
"ENSG00000290999",0.820379489825289
"ENSG00000145734",0.820223041118239
"ENSG00000119681",0.819870212840163
"ENSG00000181982",0.819835610784662
"ENSG00000100083",0.819603733601301
"ENSG00000152229",0.819590059032785
"ENSG00000046651",0.819556717101484
"ENSG00000124479",0.819469414105105
"ENSG00000169087",0.819442744084179
"ENSG00000126583",0.819283230481799
"ENSG00000116786",0.818772566261509
"ENSG00000149548",0.818696114329262
"ENSG00000106609",0.818424245142056
"ENSG00000213516",0.818329575020326
"ENSG00000174606",0.818209884055229
"ENSG00000283380",0.817707598537396
"ENSG00000272853",0.817518243949825
"ENSG00000166997",0.817390159378194
"ENSG00000205060",0.816879108686906
"ENSG00000186666",0.816210751375151
"ENSG00000290898",0.816124438052131
"ENSG00000225813",0.815839855195011
"ENSG00000123130",0.815830220610306
"ENSG00000256628",0.815659861824148
"ENSG00000066629",0.815297325917297
"ENSG00000075151",0.814997662138
"ENSG00000169660",0.814543539780171
"ENSG00000105255",0.814358004114494
"ENSG00000253893",0.814301601446681
"ENSG00000185730",0.81403857597342
"ENSG00000166770",0.81367317434524
"ENSG00000221817",0.81358705318524
"ENSG00000267048",0.812994682450376
"ENSG00000230725",0.812637383841112
"ENSG00000159140",0.812545343989669
"ENSG00000119669",0.812255153877239
"ENSG00000288488",0.812238430842358
"ENSG00000234741",0.812205389194128
"ENSG00000023445",0.812012068615646
"ENSG00000161267",0.811944739594518
"ENSG00000157625",0.811740033284134
"ENSG00000156976",0.811666987228232
"ENSG00000188933",0.811572296912228
"ENSG00000265479",0.811497278787559
"ENSG00000116761",0.811321816100164
"ENSG00000286018",0.811314517181315
"ENSG00000155508",0.811182411776085
"ENSG00000048405",0.81095841716935
"ENSG00000274808",0.810560255245018
"ENSG00000170946",0.810314994796672
"ENSG00000249115",0.8102213573889
"ENSG00000152256",0.809781895542951
"ENSG00000135974",0.809692821425273
"ENSG00000289885",0.809089490397885
"ENSG00000111671",0.80889889886545
"ENSG00000232940",0.808883267974438
"ENSG00000109103",0.808868550637996
"ENSG00000306287",0.808710678061185
"ENSG00000272381",0.808667953147186
"ENSG00000114982",0.808594702164519
"ENSG00000260704",0.808354751267699
"ENSG00000008323",0.808341164127529
"ENSG00000276728",0.807854207718739
"ENSG00000165689",0.807835867266608
"ENSG00000181798",0.807690516960253
"ENSG00000096433",0.807628418490637
"ENSG00000065833",0.80749818869876
"ENSG00000128342",0.807412387258979
"ENSG00000162341",0.807225617875355
"ENSG00000108788",0.806999174163587
"ENSG00000115652",0.806561116593037
"ENSG00000169302",0.80632523448778
"ENSG00000309226",0.80623462584146
"ENSG00000219545",0.806175216372353
"ENSG00000256268",0.805798352493657
"ENSG00000117481",0.805729985846148
"ENSG00000235560",0.805607049319029
"ENSG00000228521",0.80485643903179
"ENSG00000112787",0.804692916233439
"ENSG00000136327",0.804624848711627
"ENSG00000198720",0.804497435738427
"ENSG00000149328",0.804298374419627
"ENSG00000205704",0.804075787765817
"ENSG00000233170",0.804061214615251
"ENSG00000104884",0.803598398483028
"ENSG00000197599",0.803140111343321
"ENSG00000167720",0.803058534006849
"ENSG00000163803",0.802756181839538
"ENSG00000166046",0.80233710605345
"ENSG00000116406",0.802031201663476
"ENSG00000291213",0.801950432583524
"ENSG00000204410",0.801271609981563
"ENSG00000082258",0.801201205122967
"ENSG00000175203",0.80110817723748
"ENSG00000272168",0.80098981410154
"ENSG00000197429",0.799978238729929
"ENSG00000131845",0.799798348420215
"ENSG00000174564",0.799536772483045
"ENSG00000090554",0.79925259341509
"ENSG00000185009",0.798642959558372
"ENSG00000165699",0.798342897965878
"ENSG00000197406",0.798236276879932
"ENSG00000177453",0.798090395502026
"ENSG00000226149",0.797891180554667
"ENSG00000175155",0.797873441535635
"ENSG00000183248",0.797812036732402
"ENSG00000168944",0.797800964513721
"ENSG00000170871",0.797791960763357
"ENSG00000154814",0.797667091823086
"ENSG00000213341",0.79766013475446
"ENSG00000066117",0.797325887975162
"ENSG00000108423",0.797180429252735
"ENSG00000229980",0.796989402879206
"ENSG00000273066",0.796711396354309
"ENSG00000289285",0.79664642613614
"ENSG00000169871",0.796202566049422
"ENSG00000143514",0.796140800705309
"ENSG00000039650",0.795785088498034
"ENSG00000104731",0.795707322306425
"ENSG00000166783",0.79537963226478
"ENSG00000042980",0.79536732092667
"ENSG00000227252",0.795005659784024
"ENSG00000158856",0.794933744676815
"ENSG00000099194",0.794925729117149
"ENSG00000185504",0.794646844781361
"ENSG00000212907",0.794626355868205
"ENSG00000057019",0.794605235848009
"ENSG00000110427",0.7944937259773
"ENSG00000143674",0.794481808544227
"ENSG00000230798",0.794427078774558
"ENSG00000310469",0.794315157517525
"ENSG00000114520",0.793634919109005
"ENSG00000223343",0.792557162687098
"ENSG00000102359",0.792441129843339
"ENSG00000197483",0.791827597484436
"ENSG00000198938",0.791665151405746
"ENSG00000112640",0.791569872513623
"ENSG00000185127",0.791526775909229
"ENSG00000188566",0.791525693340271
"ENSG00000079385",0.791394736639089
"ENSG00000155893",0.791163595046091
"ENSG00000159556",0.791038977220499
"ENSG00000140450",0.790866800819393
"ENSG00000293241",0.790778527583453
"ENSG00000227036",0.790748383989032
"ENSG00000198727",0.79055018473848
"ENSG00000197134",0.789990079067467
"ENSG00000006831",0.789680635358008
"ENSG00000065060",0.789679079204327
"ENSG00000280087",0.789615536048775
"ENSG00000268107",0.789413256140267
"ENSG00000116299",0.789330553116739
"ENSG00000151779",0.789048738014456
"ENSG00000229638",0.788925052638683
"ENSG00000261408",0.788868677217175
"ENSG00000287481",0.788860397760837
"ENSG00000135424",0.788810859627111
"ENSG00000277283",0.788803800644125
"ENSG00000197380",0.78825198314172
"ENSG00000235453",0.787960409473081
"ENSG00000230650",0.78791506085628
"ENSG00000141367",0.787798363503713
"ENSG00000278576",0.7877414138955
"ENSG00000164761",0.787724828354469
"ENSG00000159346",0.787573300873284
"ENSG00000115289",0.787139455763933
"ENSG00000100092",0.786954299190589
"ENSG00000275180",0.78670007855225
"ENSG00000087299",0.7866922897928
"ENSG00000302462",0.786612033162195
"ENSG00000106868",0.786124980754492
"ENSG00000105483",0.785990977227599
"ENSG00000176108",0.785677432187895
"ENSG00000148634",0.785495496836445
"ENSG00000290597",0.785310618730537
"ENSG00000100321",0.785296270529782
"ENSG00000141551",0.785148749067646
"ENSG00000151491",0.785079268336099
"ENSG00000129071",0.784996005863204
"ENSG00000244968",0.784953476749154
"ENSG00000163714",0.784806832392369
"ENSG00000139144",0.784738788700912
"ENSG00000066557",0.784672719386151
"ENSG00000167136",0.784629233849428
"ENSG00000225680",0.784498465307255
"ENSG00000150540",0.784262455981237
"ENSG00000261584",0.784198082861365
"ENSG00000080608",0.783874389325859
"ENSG00000005059",0.78349229354741
"ENSG00000287077",0.783427420548492
"ENSG00000188026",0.783342089153261
"ENSG00000135776",0.78311852040209
"ENSG00000167757",0.782930848224748
"ENSG00000243696",0.782847876235728
"ENSG00000140650",0.782774236786841
"ENSG00000128908",0.782766913436494
"ENSG00000173599",0.782747385664426
"ENSG00000070081",0.78272791713659
"ENSG00000228878",0.782703097934847
"ENSG00000024422",0.782496626375381
"ENSG00000111981",0.782411859748578
"ENSG00000187583",0.782372674807878
"ENSG00000154930",0.781993635859724
"ENSG00000164164",0.78198673066205
"ENSG00000095319",0.78195855607772
"ENSG00000270641",0.781827830760413
"ENSG00000131203",0.781554147833689
"ENSG00000116661",0.78154349110711
"ENSG00000136816",0.781499454673518
"ENSG00000138035",0.781350196076578
"ENSG00000205502",0.780807908251568
"ENSG00000288722",0.780751642401335
"ENSG00000153395",0.780612098556009
"ENSG00000197162",0.78056372557213
"ENSG00000141519",0.780537170000628
"ENSG00000135837",0.780405560837823
"ENSG00000177051",0.78034585781094
"ENSG00000277053",0.78025686367534
"ENSG00000134668",0.780213542090746
"ENSG00000173950",0.779752076368146
"ENSG00000281487",0.779561449035405
"ENSG00000100485",0.779447648002969
"ENSG00000135740",0.779056719576755
"ENSG00000277342",0.778817198826836
"ENSG00000148180",0.778759382422669
"ENSG00000141068",0.778708353085314
"ENSG00000267680",0.77851342447644
"ENSG00000269982",0.77816125969927
"ENSG00000230319",0.778133403888688
"ENSG00000164151",0.777622983343
"ENSG00000136861",0.777468364590848
"ENSG00000267496",0.776849321325761
"ENSG00000235831",0.776817097486442
"ENSG00000260233",0.776759451247387
"ENSG00000279217",0.776597443965115
"ENSG00000289154",0.776090368768531
"ENSG00000187778",0.775800655875611
"ENSG00000186871",0.774935048513977
"ENSG00000272604",0.774882457199002
"ENSG00000268947",0.774673409256588
"ENSG00000157881",0.774363069841816
"ENSG00000085872",0.773712698438706
"ENSG00000144820",0.773660619116549
"ENSG00000111727",0.773409350638669
"ENSG00000168096",0.77317681860127
"ENSG00000166200",0.772937412809564
"ENSG00000174243",0.772934643318761
"ENSG00000147400",0.772930283641445
"ENSG00000167914",0.772920776173948
"ENSG00000135241",0.772852309988334
"ENSG00000170899",0.772685693872516
"ENSG00000081026",0.772549123398516
"ENSG00000267530",0.772480379724627
"ENSG00000144021",0.772480092109064
"ENSG00000148225",0.772341007755435
"ENSG00000180336",0.772304311263845
"ENSG00000222011",0.772241720946569
"ENSG00000144227",0.77179843013863
"ENSG00000104549",0.771634656726272
"ENSG00000099284",0.771591260281057
"ENSG00000154608",0.771583210060586
"ENSG00000228336",0.77139358168491
"ENSG00000099260",0.771312606215551
"ENSG00000240891",0.771264553184816
"ENSG00000012660",0.77121729492889
"ENSG00000165813",0.770895390235045
"ENSG00000161533",0.770739922911819
"ENSG00000177707",0.770505178343618
"ENSG00000140262",0.770395568608564
"ENSG00000272141",0.770372250586803
"ENSG00000079691",0.770345897536034
"ENSG00000166816",0.770267418487934
"ENSG00000152056",0.770198367330245
"ENSG00000099998",0.769789086946071
"ENSG00000186448",0.769675523289526
"ENSG00000100890",0.769569911423478
"ENSG00000289291",0.769325257770174
"ENSG00000111684",0.769230264101976
"ENSG00000144824",0.769228247749549
"ENSG00000145391",0.769129406823434
"ENSG00000287576",0.768418057563594
"ENSG00000168993",0.767817651573249
"ENSG00000163166",0.767415948608562
"ENSG00000127564",0.767283641026518
"ENSG00000106771",0.767088667874306
"ENSG00000197332",0.767066180453795
"ENSG00000229127",0.766528489527042
"ENSG00000255002",0.766494799046731
"ENSG00000011275",0.766455884173448
"ENSG00000215347",0.766453829390412
"ENSG00000004975",0.766442321189052
"ENSG00000010030",0.766210309303944
"ENSG00000116106",0.766155237050158
"ENSG00000131061",0.766014422909846
"ENSG00000158006",0.765989483000851
"ENSG00000164024",0.765804684105287
"ENSG00000289978",0.765610131262257
"ENSG00000138758",0.765544865892534
"ENSG00000290933",0.765159036006532
"ENSG00000166762",0.764751379852602
"ENSG00000185418",0.763980920782296
"ENSG00000063601",0.763356990497567
"ENSG00000112031",0.763338900594163
"ENSG00000130119",0.763303522050269
"ENSG00000151502",0.763256116023977
"ENSG00000145354",0.763006447875961
"ENSG00000187068",0.762945656330576
"ENSG00000099834",0.762831203227833
"ENSG00000271046",0.762649667025042
"ENSG00000136485",0.762390501898729
"ENSG00000142694",0.762329722113045
"ENSG00000100650",0.76226306608856
"ENSG00000273172",0.762185473220478
"ENSG00000233656",0.762108530898995
"ENSG00000110042",0.762093035310284
"ENSG00000166170",0.762046913413732
"ENSG00000257135",0.761830763639046
"ENSG00000108797",0.761823013239713
"ENSG00000138771",0.761622825320757
"ENSG00000204520",0.761614287541253
"ENSG00000291046",0.76152441915518
"ENSG00000259363",0.761445613609516
"ENSG00000070540",0.761149645886838
"ENSG00000297885",0.760869993655717
"ENSG00000198821",0.76086246630809
"ENSG00000271855",0.760860170553767
"ENSG00000183960",0.760843346963792
"ENSG00000219665",0.760717957312581
"ENSG00000120068",0.760701533993294
"ENSG00000291075",0.760662712877343
"ENSG00000052126",0.760227384856724
"ENSG00000071054",0.760226423319721
"ENSG00000176170",0.76013765952146
"ENSG00000114316",0.75983489068344
"ENSG00000277182",0.759781851513806
"ENSG00000187268",0.75926368775984
"ENSG00000215241",0.759224431540721
"ENSG00000214249",0.758409718498838
"ENSG00000173214",0.758399876513225
"ENSG00000241878",0.758060800538709
"ENSG00000116580",0.757993954791351
"ENSG00000198231",0.757992160046687
"ENSG00000199352",0.757987635309414
"ENSG00000080298",0.757954272403903
"ENSG00000115548",0.757352638481338
"ENSG00000108465",0.757185289912306
"ENSG00000006712",0.757075219458877
"ENSG00000132478",0.757012778777419
"ENSG00000306635",0.756714117248119
"ENSG00000196739",0.756457336513598
"ENSG00000101871",0.756045804568028
"ENSG00000140044",0.755741522095062
"ENSG00000272994",0.755474458057333
"ENSG00000205307",0.755398738654908
"ENSG00000198663",0.754778249233516
"ENSG00000114541",0.754627623133299
"ENSG00000078177",0.754526847628317
"ENSG00000119685",0.754394515440462
"ENSG00000011566",0.754116583004196
"ENSG00000077063",0.75410667730221
"ENSG00000125872",0.754078754110307
"ENSG00000298025",0.753955465636976
"ENSG00000274803",0.753945551601323
"ENSG00000115295",0.753930068596877
"ENSG00000165185",0.753721998985239
"ENSG00000228033",0.753623522057556
"ENSG00000234129",0.753615529394356
"ENSG00000175115",0.753523002316493
"ENSG00000160439",0.753481101881338
"ENSG00000107338",0.753415945083443
"ENSG00000236529",0.753256995247996
"ENSG00000279879",0.753135455816859
"ENSG00000127720",0.753130986530267
"ENSG00000009307",0.752978511646222
"ENSG00000278741",0.752908029778594
"ENSG00000185518",0.752800407883833
"ENSG00000147905",0.752648485360798
"ENSG00000077458",0.752152790318747
"ENSG00000143355",0.75214542689719
"ENSG00000135052",0.752020560593853
"ENSG00000271538",0.751946073076448
"ENSG00000171368",0.75192644700881
"ENSG00000119599",0.751695291142747
"ENSG00000234545",0.751674076521
"ENSG00000095794",0.751467071000917
"ENSG00000174371",0.750990766341451
"ENSG00000148356",0.750963195997967
"ENSG00000260874",0.750771933099159
"ENSG00000128641",0.750712278142986
"ENSG00000306378",0.750681641089492
"ENSG00000271943",0.75063246089924
"ENSG00000260792",0.750280428263835
"ENSG00000109184",0.750048043234575
"ENSG00000156500",0.749955538582592
"ENSG00000137094",0.74973703526533
"ENSG00000197712",0.749602022553384
"ENSG00000289576",0.749588363576076
"ENSG00000288559",0.749463186260582
"ENSG00000087263",0.749237826312037
"ENSG00000138606",0.749163426955063
"ENSG00000196267",0.749049635143231
"ENSG00000108039",0.749003509622511
"ENSG00000261270",0.748806454348313
"ENSG00000204642",0.748585420888268
"ENSG00000198440",0.748544900888908
"ENSG00000241570",0.74843353392742
"ENSG00000284906",0.748213067265414
"ENSG00000251580",0.747906692003822
"ENSG00000175283",0.747843171883677
"ENSG00000006607",0.747785203314859
"ENSG00000183287",0.747601108327443
"ENSG00000134262",0.74759221099787
"ENSG00000186704",0.747274473156353
"ENSG00000274853",0.747131746178233
"ENSG00000174669",0.746839650422087
"ENSG00000105063",0.746535664275628
"ENSG00000006715",0.746504763648205
"ENSG00000214263",0.746119432329361
"ENSG00000235621",0.746102473126269
"ENSG00000224769",0.745994092435148
"ENSG00000234771",0.7457883196749
"ENSG00000287232",0.745717995796493
"ENSG00000090686",0.745411332592119
"ENSG00000290800",0.745018915858701
"ENSG00000170099",0.744997071953451
"ENSG00000152409",0.744937242412114
"ENSG00000146063",0.744885177591133
"ENSG00000100994",0.744069899014179
"ENSG00000221963",0.744006430067579
"ENSG00000111879",0.743986861605382
"ENSG00000163291",0.743926451916764
"ENSG00000290683",0.743598672796423
"ENSG00000165521",0.743429553269232
"ENSG00000173273",0.743282047067375
"ENSG00000141252",0.743265076484664
"ENSG00000277781",0.743199870145196
"ENSG00000204406",0.742876587842797
"ENSG00000144649",0.742769990610309
"ENSG00000156136",0.742709461301858
"ENSG00000280893",0.742665841550506
"ENSG00000132128",0.741965269676887
"ENSG00000253966",0.741745708404162
"ENSG00000171723",0.741714962516125
"ENSG00000117228",0.741573501170658
"ENSG00000108963",0.739681938858963
"ENSG00000225914",0.739590919304313
"ENSG00000148824",0.739439261536848
"ENSG00000167721",0.739305098952215
"ENSG00000179151",0.738954837019425
"ENSG00000177409",0.73892646696982
"ENSG00000125844",0.738654038146023
"ENSG00000147789",0.738522349233654
"ENSG00000146648",0.738513253026387
"ENSG00000115946",0.738288487598657
"ENSG00000169188",0.738080129818043
"ENSG00000196865",0.737771128898113
"ENSG00000131323",0.73756412891102
"ENSG00000126775",0.737516223002854
"ENSG00000162711",0.737467989542169
"ENSG00000271793",0.737314004118954
"ENSG00000270011",0.737309249584622
"ENSG00000165983",0.737280517013768
"ENSG00000267216",0.737271667872315
"ENSG00000101442",0.737153757171059
"ENSG00000284624",0.736931705631283
"ENSG00000180525",0.736710160225551
"ENSG00000149243",0.736524275108214
"ENSG00000198624",0.73637968820996
"ENSG00000142871",0.736295560850009
"ENSG00000112964",0.736267924072249
"ENSG00000198393",0.736163224919787
"ENSG00000137403",0.736052675909941
"ENSG00000243004",0.736040832462122
"ENSG00000231721",0.735809383886994
"ENSG00000140092",0.735672473784368
"ENSG00000290879",0.735660448804854
"ENSG00000152953",0.735525458783215
"ENSG00000121570",0.735521962834824
"ENSG00000188000",0.735440176519413
"ENSG00000237057",0.735374224678624
"ENSG00000002919",0.735206244610243
"ENSG00000286892",0.735182429037677
"ENSG00000103043",0.735160726710946
"ENSG00000130787",0.734752761397748
"ENSG00000156127",0.73471671112661
"ENSG00000196369",0.734617980282208
"ENSG00000160310",0.734540495253158
"ENSG00000271918",0.734416582047711
"ENSG00000310481",0.734363416135576
"ENSG00000122691",0.734146482045613
"ENSG00000178904",0.734115787602234
"ENSG00000099949",0.733834113872791
"ENSG00000155393",0.733704202152152
"ENSG00000182179",0.733476388544633
"ENSG00000130803",0.733314788113691
"ENSG00000159166",0.732896989497918
"ENSG00000087152",0.732656765244376
"ENSG00000298162",0.732651280579786
"ENSG00000185261",0.732323944466044
"ENSG00000174365",0.732140568207432
"ENSG00000129048",0.732004380894711
"ENSG00000150630",0.731777858941691
"ENSG00000205403",0.731695072524124
"ENSG00000103196",0.73153754592456
"ENSG00000114388",0.731168191555717
"ENSG00000198758",0.730785529143215
"ENSG00000231560",0.730783158529727
"ENSG00000274229",0.730689120768716
"ENSG00000088538",0.730677032784135
"ENSG00000168394",0.730627945907168
"ENSG00000196236",0.730477918406117
"ENSG00000083223",0.730310331168162
"ENSG00000168453",0.730145694667684
"ENSG00000039523",0.729944806522666
"ENSG00000158270",0.729752070469736
"ENSG00000167216",0.729526414845466
"ENSG00000181827",0.729508442933438
"ENSG00000147854",0.729505735358016
"ENSG00000173320",0.729427475788646
"ENSG00000180044",0.729383609451948
"ENSG00000174514",0.729037488231452
"ENSG00000221887",0.728951466725737
"ENSG00000084092",0.728738876528466
"ENSG00000163932",0.728584345153663
"ENSG00000148057",0.728498345952759
"ENSG00000204620",0.728368585610026
"ENSG00000196497",0.728341235727674
"ENSG00000135097",0.728200217894652
"ENSG00000106125",0.728071740183671
"ENSG00000143850",0.72804532790125
"ENSG00000144136",0.728028846915488
"ENSG00000305953",0.727982052674583
"ENSG00000139651",0.727977558759726
"ENSG00000188554",0.727736445052577
"ENSG00000213337",0.727396048734448
"ENSG00000159720",0.72722436905864
"ENSG00000133216",0.727099144184093
"ENSG00000115009",0.727056085190883
"ENSG00000099999",0.72658315797872
"ENSG00000137834",0.726508444493931
"ENSG00000255561",0.726484317278313
"ENSG00000303335",0.726190924229834
"ENSG00000120211",0.726151469913172
"ENSG00000287562",0.726126345468237
"ENSG00000309595",0.726068902289475
"ENSG00000060140",0.725932575612445
"ENSG00000275383",0.725872257672399
"ENSG00000183579",0.725857868334533
"ENSG00000137509",0.725751627587162
"ENSG00000101665",0.725478053173132
"ENSG00000297117",0.725070490260628
"ENSG00000198569",0.724973285463809
"ENSG00000196335",0.724588224891603
"ENSG00000188158",0.724346272676335
"ENSG00000243364",0.724165803845725
"ENSG00000206190",0.723713916253303
"ENSG00000145916",0.723644740542321
"ENSG00000157216",0.723472202094954
"ENSG00000152503",0.723320977817178
"ENSG00000014824",0.723311447655786
"ENSG00000006756",0.723192661685951
"ENSG00000137198",0.722894094376634
"ENSG00000198355",0.722741823048335
"ENSG00000181220",0.722724254901065
"ENSG00000279207",0.722683877657902
"ENSG00000260361",0.722656729837659
"ENSG00000047621",0.722226973089004
"ENSG00000117877",0.722224043389187
"ENSG00000237807",0.722194518058266
"ENSG00000231044",0.722189639565562
"ENSG00000173540",0.721970689452805
"ENSG00000137819",0.72194135692784
"ENSG00000215808",0.721929342382927
"ENSG00000095739",0.721770647460562
"ENSG00000268362",0.721638389364961
"ENSG00000273633",0.7215086213709
"ENSG00000161800",0.721395669847803
"ENSG00000188290",0.721290151933283
"ENSG00000299200",0.72121713127205
"ENSG00000289559",0.720967688331524
"ENSG00000120075",0.72078336908877
"ENSG00000213930",0.720743570529136
"ENSG00000205593",0.720558541955926
"ENSG00000251611",0.72042781022015
"ENSG00000271519",0.720284441867195
"ENSG00000162664",0.720066391669465
"ENSG00000104320",0.72004953144187
"ENSG00000261189",0.720029500473956
"ENSG00000293237",0.719370616214685
"ENSG00000187952",0.719257427777341
"ENSG00000183742",0.719048423973782
"ENSG00000139574",0.718968899702619
"ENSG00000283897",0.718491115295725
"ENSG00000182873",0.718481591739247
"ENSG00000187566",0.718229890200881
"ENSG00000180694",0.718110668922352
"ENSG00000153814",0.718068306827249
"ENSG00000140600",0.717095232074598
"ENSG00000196876",0.716841904343516
"ENSG00000247137",0.716492958953482
"ENSG00000125505",0.715940806927957
"ENSG00000159199",0.715871120659427
"ENSG00000177576",0.715805499904995
"ENSG00000123685",0.715595006346171
"ENSG00000116649",0.715090635734433
"ENSG00000137203",0.715020788841288
"ENSG00000130940",0.714910625720037
"ENSG00000114805",0.714851835975958
"ENSG00000167394",0.714794363593817
"ENSG00000170264",0.71473320258114
"ENSG00000282049",0.714524607842628
"ENSG00000105427",0.714230246528631
"ENSG00000104154",0.714175172935018
"ENSG00000144218",0.713686448893298
"ENSG00000259366",0.713602904089532
"ENSG00000271806",0.713391059792115
"ENSG00000184675",0.712935137844874
"ENSG00000047644",0.712835326757539
"ENSG00000284634",0.712797157261247
"ENSG00000079277",0.712612361911043
"ENSG00000290746",0.712278172736648
"ENSG00000183655",0.712262356018382
"ENSG00000197892",0.711822255916266
"ENSG00000102910",0.711687348643259
"ENSG00000171490",0.711492750649437
"ENSG00000294710",0.711140919007042
"ENSG00000131037",0.711032326476464
"ENSG00000213279",0.710909345850156
"ENSG00000170037",0.710339807954414
"ENSG00000171451",0.71032074668914
"ENSG00000066294",0.710269502735052
"ENSG00000300377",0.709973651012508
"ENSG00000137135",0.709926927405341
"ENSG00000204301",0.70934849208622
"ENSG00000099331",0.708975431731405
"ENSG00000247199",0.708824859644345
"ENSG00000119559",0.708604897807534
"ENSG00000169629",0.708426832425022
"ENSG00000103351",0.708005513569488
"ENSG00000168959",0.707981700661019
"ENSG00000160959",0.707763320417188
"ENSG00000160602",0.707738898282678
"ENSG00000117281",0.707575176200869
"ENSG00000264247",0.707449385322844
"ENSG00000162063",0.707168782357004
"ENSG00000263608",0.706979922761636
"ENSG00000169403",0.706875483479807
"ENSG00000197081",0.706706407643104
"ENSG00000184939",0.706298287780147
"ENSG00000275565",0.705855288811139
"ENSG00000176933",0.705846030087604
"ENSG00000158321",0.70583373672576
"ENSG00000012048",0.705775727277198
"ENSG00000205940",0.705703301475467
"ENSG00000112983",0.705582561890828
"ENSG00000160563",0.705296650242328
"ENSG00000154822",0.705245697287938
"ENSG00000308298",0.705130380716692
"ENSG00000284968",0.704852562903645
"ENSG00000290692",0.704384804016628
"ENSG00000290513",0.703895632560994
"ENSG00000185621",0.703530164732837
"ENSG00000287284",0.703382310676137
"ENSG00000296527",0.703365036352345
"ENSG00000115963",0.703271187619734
"ENSG00000015532",0.703255152104988
"ENSG00000153714",0.703237139531706
"ENSG00000140396",0.70295290339729
"ENSG00000254503",0.702763728877558
"ENSG00000156172",0.702110235315003
"ENSG00000166411",0.702069412227754
"ENSG00000135437",0.702049858710582
"ENSG00000181690",0.702049416523492
"ENSG00000250999",0.701688754063513
"ENSG00000123595",0.701402797708599
"ENSG00000141380",0.701307881797403
"ENSG00000304610",0.701139366343788
"ENSG00000169288",0.700922167688265
"ENSG00000172244",0.700751218845422
"ENSG00000137054",0.700711254929919
"ENSG00000236830",0.700551407157914
"ENSG00000290996",0.70045021829057
"ENSG00000233621",0.700207701937125
"ENSG00000143554",0.699976312971477
"ENSG00000183048",0.699887415727801
"ENSG00000161547",0.699619133604208
"ENSG00000124217",0.699510277724272
"ENSG00000087448",0.699391174822756
"ENSG00000290770",0.698717377013289
"ENSG00000184110",0.698429222607488
"ENSG00000066455",0.697665414948507
"ENSG00000290521",0.697652162857255
"ENSG00000166780",0.697350420429635
"ENSG00000259738",0.697340809355187
"ENSG00000153944",0.697069013909964
"ENSG00000260075",0.696834185881366
"ENSG00000234807",0.696785925115265
"ENSG00000160229",0.696698191328102
"ENSG00000149532",0.696380277401332
"ENSG00000275911",0.696164980709418
"ENSG00000128567",0.696109803140114
"ENSG00000289132",0.695890591452469
"ENSG00000103037",0.695658802701317
"ENSG00000234072",0.69555196051128
"ENSG00000144036",0.695437048253693
"ENSG00000134644",0.695433290792067
"ENSG00000288710",0.69531922469139
"ENSG00000288736",0.695211822926718
"ENSG00000173212",0.695065341986094
"ENSG00000269609",0.694900662803531
"ENSG00000295602",0.694735080477211
"ENSG00000272767",0.694707906885396
"ENSG00000178607",0.694686948843083
"ENSG00000175866",0.694646616357097
"ENSG00000223745",0.694402738422611
"ENSG00000188483",0.694349366182885
"ENSG00000021776",0.694341672829908
"ENSG00000251075",0.694071996187554
"ENSG00000304119",0.694009679894936
"ENSG00000101266",0.69395023448677
"ENSG00000011485",0.693531425035072
"ENSG00000147202",0.693329422226396
"ENSG00000162384",0.693122816622406
"ENSG00000104164",0.693051020147056
"ENSG00000087338",0.693031312971157
"ENSG00000290989",0.692977940011915
"ENSG00000282331",0.692619883417471
"ENSG00000167565",0.692517379598555
"ENSG00000305528",0.691770670773228
"ENSG00000104613",0.691700531856642
"ENSG00000137628",0.691569838685635
"ENSG00000182871",0.691271849518107
"ENSG00000270111",0.691060428287766
"ENSG00000174738",0.690497447644023
"ENSG00000142632",0.69033564896052
"ENSG00000126246",0.690239727111337
"ENSG00000196456",0.690009565496684
"ENSG00000152484",0.689964256284578
"ENSG00000147118",0.689915225567837
"ENSG00000174796",0.689880744227087
"ENSG00000289375",0.689809041689906
"ENSG00000232412",0.689807805406419
"ENSG00000152433",0.689752602130819
"ENSG00000253652",0.68968359607261
"ENSG00000198466",0.689342956008487
"ENSG00000204366",0.689182053597806
"ENSG00000261094",0.688809781807195
"ENSG00000118965",0.688745289923225
"ENSG00000245317",0.6884060951069
"ENSG00000279026",0.688354093313504
"ENSG00000259341",0.688294697121084
"ENSG00000298553",0.688176020591093
"ENSG00000280079",0.687863053369815
"ENSG00000173110",0.687812652906161
"ENSG00000155506",0.68759935840554
"ENSG00000168143",0.687452819687317
"ENSG00000198142",0.687428001169023
"ENSG00000102312",0.68731158256977
"ENSG00000233178",0.687186962960684
"ENSG00000263934",0.687109714591522
"ENSG00000153250",0.68698804147269
"ENSG00000074266",0.686913380414372
"ENSG00000007168",0.686841635406082
"ENSG00000169174",0.686823747112764
"ENSG00000179988",0.686795366754923
"ENSG00000177788",0.686759045833082
"ENSG00000111344",0.686640842953019
"ENSG00000262634",0.686623093017375
"ENSG00000293222",0.686207141082878
"ENSG00000141682",0.686033916477458
"ENSG00000143748",0.685466907737124
"ENSG00000064933",0.684760211008927
"ENSG00000289745",0.684702646791615
"ENSG00000247130",0.684623453070334
"ENSG00000130283",0.684523312715376
"ENSG00000172575",0.684469860655928
"ENSG00000255234",0.684201811910787
"ENSG00000237923",0.68414253148692
"ENSG00000274605",0.684074283580048
"ENSG00000176714",0.683668786429161
"ENSG00000116133",0.683433503288551
"ENSG00000163513",0.683432459280318
"ENSG00000175449",0.683348391069532
"ENSG00000131724",0.683283277051793
"ENSG00000113790",0.683241142876122
"ENSG00000178665",0.683210018132371
"ENSG00000277114",0.683168141290857
"ENSG00000277132",0.683015615614347
"ENSG00000102125",0.683012251066015
"ENSG00000293411",0.682802824061685
"ENSG00000262294",0.682666845710575
"ENSG00000290461",0.682615210033188
"ENSG00000132466",0.682567697078964
"ENSG00000290399",0.682480518356106
"ENSG00000167716",0.682147806711629
"ENSG00000184530",0.682070964333433
"ENSG00000118482",0.68197168202261
"ENSG00000171456",0.681554108563147
"ENSG00000204599",0.681528421048316
"ENSG00000232884",0.681393426889932
"ENSG00000226763",0.681318940604924
"ENSG00000075702",0.681235220014841
"ENSG00000230797",0.680995810201783
"ENSG00000146094",0.680968512002847
"ENSG00000268001",0.680863553403881
"ENSG00000288873",0.680769778239545
"ENSG00000100030",0.680596321274659
"ENSG00000244563",0.680550082197296
"ENSG00000306666",0.68054025985044
"ENSG00000095066",0.680170911204643
"ENSG00000138767",0.680011291499976
"ENSG00000304309",0.679937281922968
"ENSG00000187091",0.679716958896486
"ENSG00000229644",0.67958627582788
"ENSG00000173334",0.67954056966487
"ENSG00000292277",0.679137908932189
"ENSG00000103034",0.678989562943547
"ENSG00000165572",0.678467429507852
"ENSG00000164938",0.678457512608721
"ENSG00000213654",0.678446585015255
"ENSG00000250303",0.678237425254545
"ENSG00000258738",0.67823184690878
"ENSG00000125676",0.678039161319303
"ENSG00000105866",0.678018450137125
"ENSG00000149499",0.678006793809475
"ENSG00000130540",0.677951197965287
"ENSG00000267221",0.67785801827786
"ENSG00000276256",0.677792700032557
"ENSG00000114331",0.677455914376416
"ENSG00000288075",0.677321528137847
"ENSG00000082068",0.677226649161894
"ENSG00000233493",0.677213235684565
"ENSG00000184575",0.677187298282006
"ENSG00000163536",0.677082122206832
"ENSG00000134762",0.677052128474095
"ENSG00000138623",0.67701591605732
"ENSG00000243593",0.676857907943108
"ENSG00000172301",0.676615338734612
"ENSG00000159023",0.6765512947084
"ENSG00000254519",0.676483454753225
"ENSG00000119185",0.676471199692751
"ENSG00000119900",0.676356729103603
"ENSG00000170421",0.676197829874697
"ENSG00000069011",0.676177195651453
"ENSG00000111321",0.676129938539912
"ENSG00000070371",0.675737804465346
"ENSG00000213638",0.675136877378388
"ENSG00000131149",0.675090301899397
"ENSG00000298510",0.675075906860511
"ENSG00000091136",0.675051334320266
"ENSG00000225973",0.675011436085805
"ENSG00000184163",0.674840657079976
"ENSG00000158019",0.67450170292846
"ENSG00000144908",0.674471112751037
"ENSG00000184719",0.674455452341083
"ENSG00000263238",0.674438605670488
"ENSG00000148832",0.674425228345349
"ENSG00000231829",0.674083026080174
"ENSG00000288187",0.674037129930361
"ENSG00000235721",0.673714137986222
"ENSG00000134775",0.673631739589812
"ENSG00000120696",0.673611706329613
"ENSG00000166483",0.673609708431908
"ENSG00000135723",0.673420254555946
"ENSG00000286808",0.673413396156519
"ENSG00000223749",0.673295635680378
"ENSG00000060688",0.672893656514807
"ENSG00000226328",0.672861623772463
"ENSG00000144524",0.672729377388118
"ENSG00000250264",0.672681453780828
"ENSG00000163947",0.672443958450824
"ENSG00000067225",0.672363096954526
"ENSG00000069966",0.672027837693215
"ENSG00000254285",0.671998928293681
"ENSG00000130150",0.671936059642358
"ENSG00000117592",0.671623999888599
"ENSG00000166153",0.671514340159168
"ENSG00000175564",0.671235000387662
"ENSG00000133863",0.670894661567655
"ENSG00000101079",0.670528217776609
"ENSG00000164902",0.670475031995106
"ENSG00000048140",0.670218652256188
"ENSG00000162972",0.670165980418135
"ENSG00000143469",0.669674364760882
"ENSG00000100077",0.669307967460954
"ENSG00000279133",0.669276613092789
"ENSG00000251201",0.669016849374995
"ENSG00000131626",0.669003997489601
"ENSG00000255717",0.668996671557166
"ENSG00000178919",0.66899666876808
"ENSG00000230700",0.668721105164095
"ENSG00000085998",0.668487303787343
"ENSG00000111110",0.668237202538844
"ENSG00000235652",0.668085043634979
"ENSG00000284116",0.668066538903208
"ENSG00000262362",0.667961516377122
"ENSG00000228701",0.667644528070008
"ENSG00000249456",0.667617404300348
"ENSG00000164715",0.667354766986491
"ENSG00000080031",0.667232449663095
"ENSG00000216866",0.6671917732143
"ENSG00000031081",0.66685686409103
"ENSG00000273270",0.666793097761453
"ENSG00000257242",0.666705359438281
"ENSG00000137221",0.666682399214193
"ENSG00000288106",0.666501267810456
"ENSG00000140598",0.66587368740979
"ENSG00000093072",0.665816457561025
"ENSG00000144452",0.665774644321952
"ENSG00000123096",0.66565307060772
"ENSG00000235676",0.665556903306728
"ENSG00000001626",0.665530394897675
"ENSG00000198169",0.665513098130452
"ENSG00000100154",0.665313354065565
"ENSG00000090971",0.665303329557586
"ENSG00000164941",0.665137646807184
"ENSG00000159322",0.665112526649608
"ENSG00000251372",0.664620184024021
"ENSG00000133316",0.664580498612886
"ENSG00000241697",0.664532297217896
"ENSG00000153201",0.664084379422716
"ENSG00000236466",0.664078392106801
"ENSG00000152147",0.664044340126991
"ENSG00000129197",0.663862708797657
"ENSG00000196357",0.663844743128088
"ENSG00000213672",0.66372038936267
"ENSG00000233426",0.663622857546887
"ENSG00000289407",0.663593178523605
"ENSG00000262304",0.663386554632503
"ENSG00000221164",0.662952764076396
"ENSG00000136868",0.662935777098675
"ENSG00000213443",0.662819188288698
"ENSG00000224063",0.662261363756725
"ENSG00000227359",0.662233588272404
"ENSG00000184545",0.662201715102256
"ENSG00000153012",0.661569344579761
"ENSG00000140006",0.661497486465134
"ENSG00000263766",0.661184872424299
"ENSG00000285077",0.661080098762305
"ENSG00000068354",0.661058257941862
"ENSG00000132716",0.661044918461725
"ENSG00000158683",0.660712993166633
"ENSG00000273674",0.660693424254586
"ENSG00000278864",0.660570116318901
"ENSG00000125447",0.66056739772499
"ENSG00000296162",0.66041402383527
"ENSG00000288921",0.660312444144808
"ENSG00000174842",0.660226540277146
"ENSG00000188647",0.659905717425428
"ENSG00000137814",0.659843517354384
"ENSG00000146066",0.659786395665773
"ENSG00000250072",0.659725238009324
"ENSG00000290907",0.65954226073008
"ENSG00000167447",0.659515502755222
"ENSG00000170242",0.659020762837762
"ENSG00000168404",0.658811001495516
"ENSG00000154040",0.65880871740999
"ENSG00000205089",0.658621278429784
"ENSG00000019144",0.658455364714493
"ENSG00000147168",0.658439664009847
"ENSG00000150433",0.658151472917644
"ENSG00000295577",0.657729822170705
"ENSG00000164134",0.656787467760638
"ENSG00000259353",0.656738947206924
"ENSG00000188021",0.656187466641288
"ENSG00000167112",0.656178819569536
"ENSG00000188603",0.656018963030432
"ENSG00000305501",0.655997449422536
"ENSG00000132485",0.655776560756538
"ENSG00000165169",0.655700615357834
"ENSG00000197355",0.655657018400908
"ENSG00000260807",0.655636559119412
"ENSG00000114529",0.65554637488064
"ENSG00000109113",0.655405089831736
"ENSG00000204334",0.655397510669565
"ENSG00000175600",0.655315830255495
"ENSG00000188227",0.654916713657181
"ENSG00000162591",0.654889866453645
"ENSG00000196470",0.654514506273932
"ENSG00000256073",0.654269135772294
"ENSG00000170142",0.654259220149066
"ENSG00000120899",0.654194971864641
"ENSG00000186951",0.654172777115727
"ENSG00000251143",0.654125645884161
"ENSG00000163644",0.653905657552717
"ENSG00000056586",0.653862497971982
"ENSG00000125962",0.653811158486756
"ENSG00000161217",0.653723115841023
"ENSG00000100445",0.653586113164858
"ENSG00000291007",0.653579080514766
"ENSG00000100522",0.653558600071271
"ENSG00000235244",0.653350183370301
"ENSG00000278156",0.653261014209348
"ENSG00000142599",0.653136654953801
"ENSG00000133477",0.652906558152341
"ENSG00000169282",0.652462877604673
"ENSG00000164548",0.652383632198233
"ENSG00000165355",0.652330852925926
"ENSG00000170190",0.652050406936148
"ENSG00000106993",0.652023077266262
"ENSG00000135747",0.65185442740992
"ENSG00000114786",0.651446282392062
"ENSG00000141448",0.651152463150969
"ENSG00000163320",0.651055035984314
"ENSG00000259426",0.6509325993861
"ENSG00000289043",0.650894334632077
"ENSG00000223393",0.650879429049303
"ENSG00000102048",0.650809982827638
"ENSG00000143418",0.650512870289726
"ENSG00000040633",0.65049058190287
"ENSG00000189057",0.65037101984356
"ENSG00000070961",0.650125471151679
"ENSG00000198807",0.649901972687792
"ENSG00000287574",0.649808648636527
"ENSG00000272269",0.649659729532414
"ENSG00000120008",0.649431083950309
"ENSG00000275160",0.649071302816638
"ENSG00000223761",0.649046775704574
"ENSG00000241627",0.648818164233036
"ENSG00000291091",0.648773700297608
"ENSG00000007541",0.64858965350642
"ENSG00000255197",0.64839971099813
"ENSG00000271602",0.647667935005304
"ENSG00000173153",0.647650221275991
"ENSG00000140718",0.647006414470839
"ENSG00000226179",0.646813599633794
"ENSG00000118194",0.646259108542892
"ENSG00000172915",0.646209247962717
"ENSG00000224843",0.646075959930287
"ENSG00000138382",0.646037988287976
"ENSG00000123975",0.645795003522362
"ENSG00000168685",0.645758844490633
"ENSG00000295828",0.645709442586791
"ENSG00000275895",0.645510888481312
"ENSG00000178821",0.645427762717023
"ENSG00000266402",0.645385552456242
"ENSG00000233907",0.645154654587188
"ENSG00000150938",0.645125027972731
"ENSG00000275464",0.645070046685323
"ENSG00000279069",0.645009786428456
"ENSG00000112394",0.644972533873631
"ENSG00000285282",0.644971267556411
"ENSG00000136193",0.644691925279959
"ENSG00000283635",0.644685261849712
"ENSG00000137522",0.64467862941768
"ENSG00000076928",0.644243896380782
"ENSG00000143294",0.643908562897384
"ENSG00000154162",0.643784681117222
"ENSG00000112599",0.643727056091376
"ENSG00000303859",0.643557347921757
"ENSG00000166881",0.64340634167824
"ENSG00000116809",0.643233342530662
"ENSG00000197417",0.642841040934147
"ENSG00000128626",0.6426742749117
"ENSG00000139517",0.642364571247592
"ENSG00000275993",0.642238070192363
"ENSG00000119929",0.642009468036466
"ENSG00000281849",0.641907402521585
"ENSG00000198952",0.641851675853657
"ENSG00000104142",0.641688561764103
"ENSG00000107625",0.641649741212919
"ENSG00000235381",0.64155272186759
"ENSG00000291005",0.64146490287985
"ENSG00000126858",0.641387830715167
"ENSG00000105289",0.641328755651242
"ENSG00000296430",0.641158888212132
"ENSG00000112164",0.6409374772335
"ENSG00000267228",0.640872994190528
"ENSG00000125454",0.640506537748382
"ENSG00000267519",0.640414941588858
"ENSG00000105732",0.640390859834349
"ENSG00000161813",0.640356051869616
"ENSG00000139990",0.640233424984822
"ENSG00000125249",0.639983296897817
"ENSG00000287249",0.639898442036486
"ENSG00000100726",0.639766715390732
"ENSG00000168970",0.639761134223627
"ENSG00000136159",0.639685210648699
"ENSG00000073008",0.639428724098092
"ENSG00000289357",0.639157521580566
"ENSG00000086544",0.638837211360144
"ENSG00000140297",0.63870407052508
"ENSG00000115808",0.638663703598481
"ENSG00000260257",0.638186447202124
"ENSG00000189298",0.638184438117877
"ENSG00000275443",0.638118838229097
"ENSG00000186280",0.638087298348466
"ENSG00000162194",0.638013727247054
"ENSG00000154217",0.63794609407676
"ENSG00000131242",0.637408080971256
"ENSG00000189419",0.637252302467987
"ENSG00000146707",0.637249477281264
"ENSG00000166349",0.637168061831846
"ENSG00000241135",0.637014136103406
"ENSG00000175602",0.636916914632523
"ENSG00000145216",0.636737530692444
"ENSG00000102595",0.636698020361317
"ENSG00000272462",0.636444561547587
"ENSG00000291152",0.636440047059674
"ENSG00000065618",0.636278439997085
"ENSG00000179241",0.636114673208549
"ENSG00000165006",0.636008790678817
"ENSG00000124067",0.635993959851411
"ENSG00000204876",0.635921468402598
"ENSG00000116138",0.635864033955776
"ENSG00000176531",0.635570405768599
"ENSG00000184206",0.635530093484386
"ENSG00000169607",0.635326476586433
"ENSG00000303696",0.635254194830867
"ENSG00000203739",0.635200225593891
"ENSG00000111653",0.635053975721296
"ENSG00000126001",0.634959792653815
"ENSG00000122912",0.634850022137182
"ENSG00000196295",0.63478940824648
"ENSG00000182973",0.634741897092219
"ENSG00000256514",0.634618058602578
"ENSG00000234651",0.634440126433503
"ENSG00000281332",0.634341331521701
"ENSG00000240303",0.634338127185051
"ENSG00000251191",0.634272221966694
"ENSG00000143799",0.634215447151047
"ENSG00000153107",0.634141532090576
"ENSG00000164889",0.634083100938154
"ENSG00000277200",0.634072707264029
"ENSG00000290088",0.633783557252057
"ENSG00000272674",0.63375150477794
"ENSG00000275145",0.633404877778804
"ENSG00000125166",0.632898107531513
"ENSG00000299216",0.632825589722069
"ENSG00000205629",0.632756278264839
"ENSG00000289537",0.632721809665779
"ENSG00000228021",0.632702683520519
"ENSG00000151131",0.632604493125916
"ENSG00000299484",0.632334148569376
"ENSG00000138756",0.632332415717587
"ENSG00000293193",0.632328921393138
"ENSG00000213612",0.632038701655785
"ENSG00000166145",0.632019446813847
"ENSG00000231527",0.631948910996097
"ENSG00000100029",0.631873622183356
"ENSG00000210135",0.6318408384534
"ENSG00000122783",0.631751188451973
"ENSG00000137857",0.631673720969646
"ENSG00000114251",0.631466939510142
"ENSG00000218186",0.631441048119809
"ENSG00000100151",0.631345442456863
"ENSG00000168032",0.631342093695302
"ENSG00000110721",0.631337850974806
"ENSG00000277534",0.630965419139087
"ENSG00000154640",0.630628856986665
"ENSG00000126214",0.630584821826001
"ENSG00000130810",0.63025507109875
"ENSG00000301416",0.630006623423334
"ENSG00000196564",0.629976775720357
"ENSG00000136231",0.62974273991213
"ENSG00000183690",0.629626813322945
"ENSG00000188242",0.629614065455432
"ENSG00000262903",0.629606413248967
"ENSG00000071242",0.629593264385173
"ENSG00000130299",0.629563678820155
"ENSG00000084754",0.629481043173161
"ENSG00000215386",0.629441024878321
"ENSG00000171503",0.629426741253929
"ENSG00000053372",0.629384153848889
"ENSG00000277969",0.629283212457321
"ENSG00000291094",0.629072500438813
"ENSG00000261879",0.629060137844705
"ENSG00000275496",0.62902542471952
"ENSG00000102870",0.628899509185419
"ENSG00000290848",0.628744694515452
"ENSG00000105220",0.62869608811287
"ENSG00000186812",0.628683215567976
"ENSG00000172771",0.628648182182928
"ENSG00000011376",0.628534385721994
"ENSG00000128394",0.628032040388394
"ENSG00000136709",0.628018980819679
"ENSG00000139613",0.628016088999946
"ENSG00000275003",0.627993497475073
"ENSG00000115216",0.627364849515827
"ENSG00000177302",0.627198506651562
"ENSG00000149573",0.626974732666721
"ENSG00000294408",0.626560649038657
"ENSG00000179562",0.626485040025644
"ENSG00000284792",0.626386874256325
"ENSG00000163508",0.626060530313143
"ENSG00000005700",0.625968823723698
"ENSG00000179115",0.625957625728799
"ENSG00000246582",0.625783252244732
"ENSG00000025708",0.625752559977776
"ENSG00000214357",0.625482041940669
"ENSG00000266066",0.625320269569181
"ENSG00000270878",0.625252481750564
"ENSG00000186329",0.625215667626837
"ENSG00000127337",0.625065394962426
"ENSG00000277401",0.624916371596588
"ENSG00000111704",0.624914426543796
"ENSG00000155307",0.624907284494775
"ENSG00000279103",0.62482160280508
"ENSG00000295911",0.624734109565867
"ENSG00000231131",0.624667137383002
"ENSG00000049540",0.624607284148979
"ENSG00000173020",0.624520364195084
"ENSG00000184922",0.624322774394358
"ENSG00000119787",0.624160980745098
"ENSG00000240915",0.624153401865934
"ENSG00000133433",0.624125146808264
"ENSG00000294789",0.624071510750312
"ENSG00000147799",0.623986819678077
"ENSG00000305983",0.623836826027864
"ENSG00000124214",0.623682606175055
"ENSG00000176896",0.623608151396599
"ENSG00000108469",0.623470449865365
"ENSG00000270240",0.623217994608524
"ENSG00000108312",0.622803412447239
"ENSG00000154380",0.622758132148518
"ENSG00000235173",0.622383753282919
"ENSG00000245849",0.622254771564489
"ENSG00000238120",0.622177429554742
"ENSG00000308490",0.622073740054016
"ENSG00000165802",0.622045821944944
"ENSG00000171604",0.621684190823326
"ENSG00000228691",0.621661360114473
"ENSG00000283001",0.621645291955102
"ENSG00000228826",0.621402065546232
"ENSG00000285886",0.621213846595769
"ENSG00000171763",0.621039194116802
"ENSG00000119778",0.621016277162005
"ENSG00000133460",0.620868337331488
"ENSG00000289586",0.620821631907638
"ENSG00000104131",0.620812362008775
"ENSG00000196353",0.62078189401717
"ENSG00000241472",0.62077561788062
"ENSG00000085552",0.620764434345996
"ENSG00000165801",0.620674724346503
"ENSG00000291117",0.620614020799166
"ENSG00000152377",0.620591733397336
"ENSG00000101255",0.620304848351931
"ENSG00000198643",0.620103008327738
"ENSG00000168758",0.619927310815666
"ENSG00000176472",0.619700968951599
"ENSG00000177469",0.619554535778302
"ENSG00000022567",0.619453389982521
"ENSG00000198563",0.61944135617884
"ENSG00000124659",0.619378499217796
"ENSG00000274580",0.61937035929244
"ENSG00000167985",0.61893499631774
"ENSG00000122971",0.618713780833001
"ENSG00000187097",0.618634217516507
"ENSG00000101126",0.6186322110235
"ENSG00000275272",0.618216117061708
"ENSG00000103723",0.618046464307691
"ENSG00000113328",0.61761122317775
"ENSG00000125898",0.617127018802584
"ENSG00000247853",0.617067056556831
"ENSG00000197063",0.617025103085986
"ENSG00000123178",0.617013158497749
"ENSG00000264464",0.616995265785007
"ENSG00000280117",0.616970932535165
"ENSG00000121741",0.616910740479204
"ENSG00000288478",0.616791608233321
"ENSG00000091592",0.616628199115868
"ENSG00000279794",0.616534976420059
"ENSG00000263874",0.616407646520762
"ENSG00000158987",0.616253096689038
"ENSG00000139636",0.616242502936774
"ENSG00000163840",0.615558604827708
"ENSG00000104885",0.615506992487037
"ENSG00000276681",0.615380102280006
"ENSG00000100311",0.615238011662659
"ENSG00000171798",0.615074939789665
"ENSG00000297268",0.615074501139063
"ENSG00000251364",0.614963728855316
"ENSG00000233834",0.614941814903135
"ENSG00000251493",0.614711456352995
"ENSG00000271122",0.614452515471313
"ENSG00000139044",0.614402587042757
"ENSG00000142751",0.614081106669004
"ENSG00000157703",0.614030318996312
"ENSG00000237638",0.613646229526529
"ENSG00000181744",0.613623893861286
"ENSG00000120705",0.613475738041221
"ENSG00000254726",0.613276970345636
"ENSG00000130175",0.613136030576771
"ENSG00000128655",0.613111321824216
"ENSG00000213030",0.613031302600519
"ENSG00000197062",0.612632640839301
"ENSG00000259956",0.612494868701523
"ENSG00000125651",0.612379140596824
"ENSG00000179403",0.612139208693929
"ENSG00000273058",0.61208825783609
"ENSG00000094631",0.611821754230025
"ENSG00000278053",0.611582433222869
"ENSG00000132603",0.611401923136455
"ENSG00000166173",0.611293611919486
"ENSG00000104953",0.611184318089078
"ENSG00000305656",0.61114326828736
"ENSG00000266010",0.610624780162598
"ENSG00000183955",0.610437636723629
"ENSG00000266208",0.61027436317569
"ENSG00000295208",0.609776513001318
"ENSG00000259500",0.609737385948047
"ENSG00000228509",0.609656694340005
"ENSG00000288291",0.609433792236599
"ENSG00000279495",0.609407903008731
"ENSG00000305513",0.609223350331625
"ENSG00000091622",0.609096395241183
"ENSG00000101216",0.609067727326413
"ENSG00000167986",0.608625092435236
"ENSG00000113657",0.608512817859213
"ENSG00000092847",0.60846126970985
"ENSG00000131979",0.608161032448866
"ENSG00000125319",0.607819551120631
"ENSG00000070214",0.607808782495293
"ENSG00000233684",0.60753316536779
"ENSG00000153832",0.607260608584778
"ENSG00000123545",0.607257549269649
"ENSG00000267506",0.60720758046185
"ENSG00000117335",0.607169336904672
"ENSG00000267265",0.607078928989564
"ENSG00000075413",0.60707725272894
"ENSG00000137414",0.607036745004844
"ENSG00000198865",0.60698101570127
"ENSG00000089486",0.606549118337469
"ENSG00000100591",0.606470741408399
"ENSG00000166503",0.606372529268533
"ENSG00000182022",0.606199659132654
"ENSG00000088053",0.60619349119933
"ENSG00000130734",0.606180351338289
"ENSG00000089820",0.606159885654206
"ENSG00000006704",0.606054697780998
"ENSG00000114354",0.605911428778689
"ENSG00000125657",0.605710998301598
"ENSG00000310496",0.605439973852992
"ENSG00000264522",0.605437348590821
"ENSG00000291228",0.605318014377297
"ENSG00000285018",0.605034555731378
"ENSG00000288516",0.604881897354866
"ENSG00000293546",0.604877900580812
"ENSG00000214407",0.604751366829959
"ENSG00000005075",0.60455494932525
"ENSG00000111647",0.60449966721137
"ENSG00000306177",0.604320457768052
"ENSG00000253293",0.604318986711331
"ENSG00000135148",0.603985573623075
"ENSG00000065970",0.603965781555346
"ENSG00000268744",0.6039617372985
"ENSG00000167130",0.603589152080356
"ENSG00000069482",0.603545893409174
"ENSG00000282700",0.603392193013177
"ENSG00000164066",0.603391251988437
"ENSG00000184224",0.603390173847225
"ENSG00000232530",0.603314114325484
"ENSG00000226239",0.603138784971957
"ENSG00000136141",0.603106365686803
"ENSG00000043514",0.603024560413212
"ENSG00000048052",0.60291240854202
"ENSG00000171617",0.602852991461993
"ENSG00000104290",0.602842340565777
"ENSG00000118655",0.602724650919365
"ENSG00000159403",0.602479809416486
"ENSG00000227354",0.602050107592406
"ENSG00000127252",0.602048406187108
"ENSG00000169136",0.601996436022689
"ENSG00000120662",0.601957940506658
"ENSG00000088448",0.601367147104018
"ENSG00000159713",0.601084216782988
"ENSG00000183605",0.600882816069061
"ENSG00000079999",0.600864044402196
"ENSG00000137936",0.600508235024414
"ENSG00000100504",0.600454243866909
"ENSG00000072110",0.600427775703763
"ENSG00000298413",0.60036920845631
"ENSG00000293495",0.600308625691877
"ENSG00000023171",0.600252779112411
"ENSG00000302585",0.600248236747988
"ENSG00000187801",0.600176639409611
"ENSG00000071205",0.600012674266888
"ENSG00000294798",0.59949079093054
"ENSG00000231312",0.599226534376926
"ENSG00000135976",0.599172829396634
"ENSG00000103326",0.598648089313892
"ENSG00000279759",0.598607742771679
"ENSG00000276308",0.598433164969035
"ENSG00000172273",0.598068700957723
"ENSG00000116863",0.598007384694934
"ENSG00000275198",0.598000779706078
"ENSG00000269514",0.597443976975081
"ENSG00000288475",0.597314721269147
"ENSG00000097007",0.597308428095851
"ENSG00000273284",0.597274099856541
"ENSG00000234155",0.597267084715381
"ENSG00000300114",0.59714469174854
"ENSG00000100124",0.597020438335099
"ENSG00000174501",0.596973546945777
"ENSG00000163558",0.596663923370709
"ENSG00000007376",0.596654519945314
"ENSG00000156802",0.596503535830308
"ENSG00000154957",0.596470122483366
"ENSG00000137841",0.596391435237286
"ENSG00000300360",0.595829918328667
"ENSG00000136059",0.595543647888686
"ENSG00000298709",0.595487662003712
"ENSG00000167785",0.595402791891438
"ENSG00000276045",0.595298502644853
"ENSG00000136802",0.59520951016188
"ENSG00000100403",0.595208839420124
"ENSG00000169248",0.594945933457631
"ENSG00000160285",0.594894077603183
"ENSG00000243649",0.594802001283633
"ENSG00000167702",0.594731389737655
"ENSG00000095787",0.5946653793718
"ENSG00000196659",0.594640432445977
"ENSG00000230185",0.594620697646209
"ENSG00000300424",0.594480089426908
"ENSG00000302302",0.593674283020362
"ENSG00000120709",0.593645879671958
"ENSG00000122779",0.59354718567258
"ENSG00000251152",0.593140394253513
"ENSG00000168781",0.593078101221471
"ENSG00000160233",0.593009109663967
"ENSG00000204237",0.59257362051833
"ENSG00000237004",0.592544116242791
"ENSG00000281091",0.592017011235433
"ENSG00000280195",0.59161488166288
"ENSG00000241945",0.591531827669166
"ENSG00000204490",0.5915077311344
"ENSG00000228395",0.591485102232277
"ENSG00000144909",0.591349361093461
"ENSG00000274460",0.591107329729707
"ENSG00000143867",0.59109553718232
"ENSG00000233559",0.590956516732923
"ENSG00000168795",0.590771918129846
"ENSG00000270362",0.590754941744838
"ENSG00000120254",0.590748457913712
"ENSG00000132394",0.590475166791628
"ENSG00000034152",0.590353420048635
"ENSG00000157593",0.590034550843875
"ENSG00000239713",0.589691434057754
"ENSG00000210140",0.589550009856313
"ENSG00000158717",0.589375939795094
"ENSG00000281404",0.589313966532724
"ENSG00000279520",0.589306174812077
"ENSG00000119917",0.589226794599098
"ENSG00000262145",0.588947204879328
"ENSG00000188060",0.588806191114019
"ENSG00000188986",0.588650620835422
"ENSG00000215041",0.58863098558022
"ENSG00000205138",0.588566901472135
"ENSG00000162604",0.588520132776226
"ENSG00000210100",0.588452639321504
"ENSG00000307669",0.588438558111463
"ENSG00000275616",0.588414301341202
"ENSG00000114670",0.588409182694575
"ENSG00000116754",0.588259628596216
"ENSG00000125735",0.588255740121455
"ENSG00000159399",0.588233661421353
"ENSG00000267405",0.588190125516676
"ENSG00000221916",0.588091138403982
"ENSG00000186193",0.588022621016632
"ENSG00000184845",0.587913833337229
"ENSG00000298291",0.587808431355835
"ENSG00000069702",0.58767229878432
"ENSG00000270696",0.587620251944575
"ENSG00000079134",0.587618118717498
"ENSG00000143416",0.587414069003514
"ENSG00000036257",0.587209289549575
"ENSG00000279608",0.587072407786624
"ENSG00000255960",0.587000552285961
"ENSG00000214827",0.586853185717909
"ENSG00000090674",0.586717362880296
"ENSG00000260899",0.586696272308105
"ENSG00000165409",0.586495885033667
"ENSG00000184205",0.586367328213918
"ENSG00000109265",0.586054577012982
"ENSG00000144369",0.586001367671481
"ENSG00000207751",0.585770982089753
"ENSG00000213085",0.585366258034761
"ENSG00000275758",0.585342142382463
"ENSG00000138780",0.585283525252573
"ENSG00000239830",0.585233040234432
"ENSG00000260302",0.585204494378612
"ENSG00000153147",0.585159502946105
"ENSG00000228221",0.585038173699921
"ENSG00000160050",0.585025395924039
"ENSG00000163608",0.584998568894552
"ENSG00000167114",0.58481105474964
"ENSG00000104907",0.584713272540318
"ENSG00000173064",0.58464852770632
"ENSG00000171824",0.584585848454522
"ENSG00000009954",0.584559294186275
"ENSG00000147475",0.584446360841142
"ENSG00000234869",0.584007231668734
"ENSG00000259768",0.583989575455581
"ENSG00000103423",0.583939425387064
"ENSG00000299339",0.583888969197736
"ENSG00000140983",0.583618697602044
"ENSG00000154914",0.583573228355437
"ENSG00000196655",0.583014131770717
"ENSG00000232098",0.583000638987914
"ENSG00000126216",0.582755054148527
"ENSG00000279035",0.582646106526548
"ENSG00000076067",0.582468113804621
"ENSG00000147912",0.581841227125911
"ENSG00000112297",0.581777869585896
"ENSG00000075240",0.581664164595329
"ENSG00000086300",0.581647281093234
"ENSG00000139675",0.581525300300785
"ENSG00000172725",0.5815041221527
"ENSG00000111700",0.581191005576095
"ENSG00000196704",0.581114344715765
"ENSG00000174437",0.581107343270016
"ENSG00000112852",0.580885128285602
"ENSG00000149596",0.580724972568335
"ENSG00000090316",0.58063702432389
"ENSG00000198689",0.580570247623046
"ENSG00000059588",0.580553652783257
"ENSG00000144199",0.580549094353576
"ENSG00000020922",0.580388105607125
"ENSG00000283852",0.580021698879768
"ENSG00000164520",0.579794683678751
"ENSG00000183044",0.579666087262313
"ENSG00000149557",0.579608062182997
"ENSG00000275023",0.579467083171233
"ENSG00000182612",0.579421431376284
"ENSG00000308747",0.579345711915451
"ENSG00000184619",0.578804483178556
"ENSG00000186710",0.578674695182238
"ENSG00000273156",0.578330379659838
"ENSG00000135315",0.578302843808876
"ENSG00000063244",0.578143107534887
"ENSG00000122882",0.578005390215763
"ENSG00000291139",0.577759200373718
"ENSG00000268416",0.577748010053704
"ENSG00000149474",0.577683094461406
"ENSG00000133193",0.577679980948916
"ENSG00000007545",0.577467424278754
"ENSG00000301565",0.577451012070141
"ENSG00000105854",0.577419846088533
"ENSG00000164236",0.577329499557711
"ENSG00000128564",0.57712136191664
"ENSG00000117906",0.576710956872406
"ENSG00000127561",0.576709238284855
"ENSG00000186231",0.57659464763628
"ENSG00000122068",0.576410011691317
"ENSG00000274220",0.576212929711612
"ENSG00000185565",0.576148517166687
"ENSG00000185634",0.57585500719187
"ENSG00000123200",0.575778691645588
"ENSG00000135457",0.575510995484305
"ENSG00000233209",0.575339424901374
"ENSG00000198633",0.575231457790077
"ENSG00000127527",0.575168627675892
"ENSG00000310415",0.575057970245674
"ENSG00000196116",0.574916381259682
"ENSG00000279861",0.574903954212541
"ENSG00000263432",0.574881117527337
"ENSG00000180979",0.574791638438746
"ENSG00000292264",0.574539117213776
"ENSG00000148444",0.574479866690289
"ENSG00000165671",0.574374046220041
"ENSG00000105085",0.574367770251896
"ENSG00000171953",0.574245366335898
"ENSG00000260774",0.574124768099718
"ENSG00000155465",0.57398332671492
"ENSG00000234690",0.57386194231263
"ENSG00000264910",0.573688567977295
"ENSG00000134245",0.57344869338215
"ENSG00000167964",0.573203669077172
"ENSG00000115507",0.573024469179155
"ENSG00000258498",0.572904704393203
"ENSG00000132746",0.572853363115397
"ENSG00000099821",0.572757569444054
"ENSG00000186376",0.57272451463299
"ENSG00000253250",0.572668652114225
"ENSG00000259706",0.572505369136656
"ENSG00000138604",0.572418230459096
"ENSG00000173638",0.571903153077851
"ENSG00000056277",0.571712921524026
"ENSG00000271605",0.571591320711647
"ENSG00000181090",0.571366429686963
"ENSG00000185338",0.570963520225865
"ENSG00000063978",0.570944803288732
"ENSG00000174483",0.57086195785475
"ENSG00000180425",0.57084232977846
"ENSG00000273311",0.570694691993381
"ENSG00000121671",0.570573132148851
"ENSG00000048707",0.570460594124773
"ENSG00000262349",0.570400549338057
"ENSG00000070495",0.570086445906444
"ENSG00000103932",0.570022572440554
"ENSG00000104327",0.56988952215127
"ENSG00000013563",0.569176668956398
"ENSG00000296681",0.569039093128317
"ENSG00000163788",0.56880421951972
"ENSG00000186205",0.568760417353827
"ENSG00000108509",0.568726606680487
"ENSG00000239605",0.568611208897408
"ENSG00000221990",0.568589302647913
"ENSG00000115648",0.568416016361713
"ENSG00000135069",0.56841146882309
"ENSG00000248664",0.56836646838732
"ENSG00000107581",0.56826789722878
"ENSG00000310534",0.568099892574838
"ENSG00000143409",0.567961997782638
"ENSG00000167393",0.567391274458249
"ENSG00000167578",0.567329956200932
"ENSG00000162814",0.56723967817856
"ENSG00000177606",0.567218694251445
"ENSG00000171298",0.567093599202465
"ENSG00000288658",0.567090192130978
"ENSG00000150455",0.56696969282037
"ENSG00000127124",0.566950684173077
"ENSG00000248508",0.566925897807844
"ENSG00000162522",0.56683788923322
"ENSG00000108395",0.566733240444787
"ENSG00000131165",0.56669378853504
"ENSG00000163507",0.5666144971628
"ENSG00000102900",0.566494586481778
"ENSG00000163682",0.566476467777855
"ENSG00000198945",0.566450321904915
"ENSG00000180035",0.56639253621104
"ENSG00000197442",0.566196769694492
"ENSG00000284254",0.566191804243578
"ENSG00000149564",0.565812722526894
"ENSG00000122140",0.565489213712367
"ENSG00000106635",0.565432208676084
"ENSG00000070476",0.565361631809625
"ENSG00000083290",0.565174306381289
"ENSG00000160305",0.565060588431395
"ENSG00000156675",0.564983748100668
"ENSG00000268573",0.564752733760292
"ENSG00000175787",0.564734851161244
"ENSG00000186212",0.564532884369481
"ENSG00000087074",0.564522106505966
"ENSG00000163624",0.564481380168366
"ENSG00000289292",0.564329650741736
"ENSG00000164961",0.564226816789979
"ENSG00000112855",0.564027226491294
"ENSG00000233928",0.563723058071316
"ENSG00000176155",0.563684693503532
"ENSG00000269825",0.563611760120062
"ENSG00000228794",0.563597772779648
"ENSG00000260236",0.563561538791138
"ENSG00000293467",0.563471025071642
"ENSG00000275764",0.563425176499518
"ENSG00000204175",0.563279088513388
"ENSG00000203644",0.563166839619289
"ENSG00000117676",0.562721916277647
"ENSG00000151503",0.562424069279588
"ENSG00000005243",0.562320922825179
"ENSG00000109320",0.562214176200171
"ENSG00000277825",0.562176794655834
"ENSG00000178078",0.56214947110334
"ENSG00000302313",0.562085858889025
"ENSG00000301719",0.561821677612799
"ENSG00000198000",0.561198018190447
"ENSG00000233051",0.561014751124347
"ENSG00000077420",0.560907193751355
"ENSG00000141696",0.560891487086689
"ENSG00000204323",0.560707048604691
"ENSG00000102547",0.56038344327831
"ENSG00000130818",0.560325314081925
"ENSG00000161981",0.56011728611682
"ENSG00000163623",0.560113727471995
"ENSG00000076864",0.560051851753427
"ENSG00000169554",0.559634331670153
"ENSG00000102226",0.55944868887645
"ENSG00000286927",0.559337396811306
"ENSG00000108375",0.559233320565928
"ENSG00000173226",0.558974827215922
"ENSG00000307536",0.558896648937261
"ENSG00000247982",0.55885739044993
"ENSG00000101333",0.558772921500484
"ENSG00000132330",0.558592205069535
"ENSG00000115380",0.558509353295178
"ENSG00000164597",0.55818026562779
"ENSG00000182858",0.558128433865516
"ENSG00000162702",0.557894829913453
"ENSG00000104812",0.557420167635832
"ENSG00000267198",0.557145881911379
"ENSG00000156853",0.557085398975347
"ENSG00000075568",0.556751933943068
"ENSG00000171885",0.556716404985214
"ENSG00000132406",0.556681093359474
"ENSG00000102606",0.556569933282899
"ENSG00000164050",0.556531908194455
"ENSG00000198944",0.5562741911527
"ENSG00000151694",0.556235122092896
"ENSG00000108175",0.556232868581988
"ENSG00000278703",0.555827163421753
"ENSG00000272054",0.55572807030426
"ENSG00000165923",0.555708640355937
"ENSG00000162408",0.55550883949047
"ENSG00000249709",0.555473013498051
"ENSG00000283445",0.555427392347128
"ENSG00000289606",0.555111481912476
"ENSG00000117597",0.554979713576605
"ENSG00000116906",0.55477583291678
"ENSG00000291250",0.554706937640676
"ENSG00000111711",0.554501909531281
"ENSG00000094975",0.554498495874216
"ENSG00000187908",0.554401121555519
"ENSG00000143643",0.554359594127707
"ENSG00000168676",0.554324211475051
"ENSG00000135414",0.554225604991754
"ENSG00000072134",0.554164034727013
"ENSG00000205209",0.554050070198319
"ENSG00000101773",0.553993625086826
"ENSG00000156453",0.553913159802874
"ENSG00000166887",0.553779299440729
"ENSG00000116044",0.553625263481742
"ENSG00000100288",0.55344395875133
"ENSG00000255411",0.552803558815962
"ENSG00000127334",0.552752438145154
"ENSG00000119979",0.552498793767595
"ENSG00000169019",0.552150815001426
"ENSG00000173715",0.552010693634039
"ENSG00000154743",0.551972431828656
"ENSG00000178127",0.55174892335645
"ENSG00000153982",0.55171434906716
"ENSG00000284959",0.551698570845463
"ENSG00000286140",0.551689826198366
"ENSG00000279720",0.551678999743213
"ENSG00000293276",0.551601662238404
"ENSG00000262102",0.551570662588533
"ENSG00000293482",0.550957449620326
"ENSG00000127452",0.55079123036174
"ENSG00000197863",0.55018962771858
"ENSG00000280235",0.550108189616205
"ENSG00000111581",0.550099822579277
"ENSG00000165244",0.550085194914422
"ENSG00000302775",0.550064835745608
"ENSG00000273320",0.549938585235017
"ENSG00000185950",0.549781272121612
"ENSG00000125746",0.549712588634862
"ENSG00000144711",0.549683370890942
"ENSG00000249279",0.549594290546332
"ENSG00000288457",0.549551082210515
"ENSG00000288105",0.549470397926134
"ENSG00000107290",0.54937523856816
"ENSG00000151651",0.548599907077929
"ENSG00000266338",0.548540509899942
"ENSG00000272288",0.548202163670132
"ENSG00000162688",0.548165136148014
"ENSG00000139631",0.548035610816091
"ENSG00000107263",0.547894845651664
"ENSG00000094914",0.547700676661614
"ENSG00000120549",0.547691510109578
"ENSG00000164951",0.547638550617489
"ENSG00000188558",0.547543199032965
"ENSG00000160199",0.547530687735815
"ENSG00000003509",0.547525206658818
"ENSG00000269951",0.547322624256077
"ENSG00000170917",0.546873312839822
"ENSG00000116001",0.546723261373626
"ENSG00000266302",0.546684428614572
"ENSG00000027697",0.546569880640185
"ENSG00000103175",0.546545195119925
"ENSG00000146433",0.546510553566085
"ENSG00000168216",0.546491579829052
"ENSG00000258512",0.546419007040935
"ENSG00000224881",0.546328852846448
"ENSG00000221821",0.546293829467917
"ENSG00000274383",0.546126440101479
"ENSG00000085760",0.546094216264531
"ENSG00000112414",0.54589475203942
"ENSG00000289476",0.545856940023651
"ENSG00000054219",0.545793416995268
"ENSG00000145700",0.545779520297636
"ENSG00000143319",0.545719235043714
"ENSG00000215769",0.545449325875839
"ENSG00000081237",0.545325536464558
"ENSG00000250479",0.54492782457011
"ENSG00000132953",0.544681243327635
"ENSG00000303991",0.54452100645928
"ENSG00000197386",0.544480967822309
"ENSG00000285906",0.543692307203383
"ENSG00000262410",0.543648822668122
"ENSG00000138119",0.543645472731659
"ENSG00000117399",0.543592572806233
"ENSG00000087365",0.54338671478935
"ENSG00000129116",0.543250310099725
"ENSG00000138669",0.543139431470831
"ENSG00000188747",0.542461418086
"ENSG00000174136",0.54243327723184
"ENSG00000204842",0.542416320921129
"ENSG00000305200",0.542269811549303
"ENSG00000272140",0.542195724647431
"ENSG00000259460",0.542142217665014
"ENSG00000100395",0.542132158502629
"ENSG00000288823",0.541676236752181
"ENSG00000147548",0.541536707838519
"ENSG00000156970",0.54144898712565
"ENSG00000010818",0.541083034583163
"ENSG00000129354",0.541078023262576
"ENSG00000229998",0.540713731317659
"ENSG00000249846",0.540576187778759
"ENSG00000259462",0.540539055102347
"ENSG00000007384",0.539905344320142
"ENSG00000128309",0.539858862805334
"ENSG00000182087",0.53961346859401
"ENSG00000263956",0.53956801029864
"ENSG00000213121",0.53953134116346
"ENSG00000109685",0.53948758055557
"ENSG00000108641",0.539485696401298
"ENSG00000182010",0.539438902255029
"ENSG00000169217",0.539270067219118
"ENSG00000304497",0.538804952042384
"ENSG00000260914",0.538705429837345
"ENSG00000240241",0.538592968271737
"ENSG00000176444",0.538560381700017
"ENSG00000267397",0.538504207538086
"ENSG00000122386",0.538277943130655
"ENSG00000221869",0.537985293107595
"ENSG00000115604",0.53798517634197
"ENSG00000060749",0.53795400319183
"ENSG00000269343",0.537933550006619
"ENSG00000178761",0.537727062580742
"ENSG00000151689",0.537311542732375
"ENSG00000197013",0.537203915961978
"ENSG00000189221",0.536902385331825
"ENSG00000108846",0.53672979784991
"ENSG00000106992",0.536727345882548
"ENSG00000230074",0.536574290792618
"ENSG00000263272",0.536331304546559
"ENSG00000259248",0.536186216993344
"ENSG00000303878",0.536015849433944
"ENSG00000286042",0.535713153416713
"ENSG00000226479",0.534987414053252
"ENSG00000301234",0.53480155678006
"ENSG00000133019",0.534730044686922
"ENSG00000243479",0.534658993054833
"ENSG00000100219",0.534620215739126
"ENSG00000309042",0.534004242754397
"ENSG00000302441",0.533765725784763
"ENSG00000176428",0.53370306378307
"ENSG00000232164",0.53343358504725
"ENSG00000127325",0.533153583714884
"ENSG00000090447",0.533087372470811
"ENSG00000185024",0.533039008819757
"ENSG00000115274",0.533028502880536
"ENSG00000231992",0.532707511594568
"ENSG00000149289",0.532621762785421
"ENSG00000142347",0.532441677606739
"ENSG00000280088",0.532251175984647
"ENSG00000260772",0.532212611262304
"ENSG00000239697",0.532166516428783
"ENSG00000072364",0.531978748084116
"ENSG00000140836",0.531914057219153
"ENSG00000257594",0.53177478386324
"ENSG00000144815",0.531336027513163
"ENSG00000171100",0.531179311768819
"ENSG00000074964",0.531003763462504
"ENSG00000174125",0.530817421680328
"ENSG00000237742",0.530700945708116
"ENSG00000180998",0.530621346955529
"ENSG00000160789",0.53056351283915
"ENSG00000165832",0.530414056892568
"ENSG00000239127",0.530391437805677
"ENSG00000139505",0.530058594266581
"ENSG00000285533",0.530014646128617
"ENSG00000115107",0.529571504117985
"ENSG00000014123",0.529544043664766
"ENSG00000179364",0.529509457942082
"ENSG00000177239",0.529424649823772
"ENSG00000156381",0.529386404917434
"ENSG00000307470",0.529362326642129
"ENSG00000182318",0.529357124724958
"ENSG00000225828",0.529342690073446
"ENSG00000100299",0.529318501285241
"ENSG00000179715",0.529293898474403
"ENSG00000183386",0.529265763408871
"ENSG00000310331",0.528871500858476
"ENSG00000245848",0.528813489649965
"ENSG00000185917",0.528703406608482
"ENSG00000184983",0.528660580559157
"ENSG00000104205",0.528478216513612
"ENSG00000184117",0.52842912409011
"ENSG00000047230",0.528280912689417
"ENSG00000307433",0.528134919153737
"ENSG00000165475",0.528129059338413
"ENSG00000170145",0.52812638774995
"ENSG00000115008",0.528037380401654
"ENSG00000166133",0.527995132306729
"ENSG00000113319",0.527805126498105
"ENSG00000120063",0.527588196592042
"ENSG00000261777",0.527550776796772
"ENSG00000186130",0.527519608221978
"ENSG00000139372",0.527160863369503
"ENSG00000158373",0.527102957043759
"ENSG00000113108",0.527072558231673
"ENSG00000227124",0.526951424616494
"ENSG00000165660",0.526888343597066
"ENSG00000155903",0.526839802910947
"ENSG00000130702",0.526806275890872
"ENSG00000136244",0.526755951559192
"ENSG00000279670",0.526509067764495
"ENSG00000172889",0.526416597091317
"ENSG00000289479",0.526327832631444
"ENSG00000167685",0.526318367702024
"ENSG00000232832",0.526239581148234
"ENSG00000156966",0.526220622343114
"ENSG00000166348",0.526167392643629
"ENSG00000285972",0.526118658725379
"ENSG00000223511",0.52592425017017
"ENSG00000273162",0.525831604910579
"ENSG00000116273",0.525596550438894
"ENSG00000147316",0.52544815038979
"ENSG00000232160",0.525203046871506
"ENSG00000176022",0.525037068398986
"ENSG00000184009",0.525011511152501
"ENSG00000138709",0.524782672771488
"ENSG00000260941",0.524526007124597
"ENSG00000072135",0.524480277192115
"ENSG00000262678",0.524389839711854
"ENSG00000100109",0.524168042684815
"ENSG00000119927",0.523901316133738
"ENSG00000130045",0.523412191266107
"ENSG00000170214",0.5232779507101
"ENSG00000164219",0.523078766936483
"ENSG00000187867",0.522997096265279
"ENSG00000284832",0.522958553264701
"ENSG00000141564",0.52285088194115
"ENSG00000130726",0.522712203521788
"ENSG00000279066",0.522626170708871
"ENSG00000239828",0.522470842343093
"ENSG00000188191",0.522430832924843
"ENSG00000173597",0.522229205860651
"ENSG00000235493",0.522152726083505
"ENSG00000286724",0.522144692321819
"ENSG00000140795",0.522052505529107
"ENSG00000104825",0.522015662662161
"ENSG00000198346",0.521977728994774
"ENSG00000129250",0.521689393141596
"ENSG00000007923",0.521658592922755
"ENSG00000203356",0.521567430987512
"ENSG00000286714",0.521451232244033
"ENSG00000275932",0.521239453994244
"ENSG00000168785",0.521233518671403
"ENSG00000185101",0.52117498517453
"ENSG00000152683",0.520426248593618
"ENSG00000131899",0.520174691466092
"ENSG00000293324",0.520100627144057
"ENSG00000184898",0.520043226853174
"ENSG00000292993",0.519904165830343
"ENSG00000291202",0.519792415217557
"ENSG00000139697",0.51961694527978
"ENSG00000226620",0.519413668909565
"ENSG00000073331",0.519382240423365
"ENSG00000267321",0.519164693661899
"ENSG00000282885",0.519141014239369
"ENSG00000107719",0.518988087739296
"ENSG00000163872",0.518909421060429
"ENSG00000273760",0.518583871249766
"ENSG00000147364",0.518512302365987
"ENSG00000170027",0.518511017781997
"ENSG00000073792",0.518501815754799
"ENSG00000185278",0.518391010930786
"ENSG00000068137",0.518331705810088
"ENSG00000231365",0.518110229139237
"ENSG00000247626",0.518093112364854
"ENSG00000251359",0.518090275576546
"ENSG00000165716",0.517868768153249
"ENSG00000181408",0.51767463832782
"ENSG00000130254",0.517036392019907
"ENSG00000104522",0.516842787351224
"ENSG00000306338",0.516780471193328
"ENSG00000197124",0.516416638303377
"ENSG00000187764",0.51636291377438
"ENSG00000055813",0.516339680604815
"ENSG00000138463",0.516330547586143
"ENSG00000180884",0.51620331369335
"ENSG00000122126",0.515430257835084
"ENSG00000138759",0.51517313072624
"ENSG00000262136",0.514871677216354
"ENSG00000280106",0.51486051275075
"ENSG00000244879",0.514831773379788
"ENSG00000291171",0.514765252603676
"ENSG00000237330",0.514604288094146
"ENSG00000287264",0.514290444767295
"ENSG00000182872",0.513998635076799
"ENSG00000006555",0.513958888172283
"ENSG00000099899",0.513948923990407
"ENSG00000100941",0.513432205952773
"ENSG00000214517",0.513374878114807
"ENSG00000299050",0.513001543150549
"ENSG00000184863",0.512930555249768
"ENSG00000160818",0.512813333740442
"ENSG00000224153",0.512765585413331
"ENSG00000077454",0.512728356306012
"ENSG00000128591",0.512546674261739
"ENSG00000131269",0.512436795320369
"ENSG00000177628",0.512297046122662
"ENSG00000277511",0.511783720535481
"ENSG00000135211",0.511718960527974
"ENSG00000187815",0.511711330922343
"ENSG00000126351",0.511527395256269
"ENSG00000213090",0.511339325185868
"ENSG00000137494",0.511320314010977
"ENSG00000221838",0.511234751509613
"ENSG00000263141",0.510832588396558
"ENSG00000280163",0.510691373003168
"ENSG00000248932",0.51037083658851
"ENSG00000111404",0.510282609943164
"ENSG00000105246",0.51024292199881
"ENSG00000278600",0.510240789351371
"ENSG00000089091",0.510209549263257
"ENSG00000158055",0.510188887896584
"ENSG00000171847",0.510103131832098
"ENSG00000289504",0.509902183567044
"ENSG00000231236",0.509356758799216
"ENSG00000115947",0.509216395666199
"ENSG00000197961",0.509045016931352
"ENSG00000158966",0.508717701462605
"ENSG00000303770",0.50862815810472
"ENSG00000065600",0.508582489172583
"ENSG00000143801",0.50851477234368
"ENSG00000002834",0.508009107271616
"ENSG00000164296",0.507908631135447
"ENSG00000177082",0.507842455711876
"ENSG00000237773",0.507631547107246
"ENSG00000058799",0.507555409923743
"ENSG00000142002",0.50725264307438
"ENSG00000113597",0.506853350620777
"ENSG00000113391",0.506671760391115
"ENSG00000185361",0.506525045561265
"ENSG00000119682",0.506521589039563
"ENSG00000213096",0.506250708607843
"ENSG00000119041",0.506138937308845
"ENSG00000135452",0.50595056691142
"ENSG00000162909",0.505367975976626
"ENSG00000162755",0.505334089170916
"ENSG00000095585",0.505080550294896
"ENSG00000166197",0.504974751246105
"ENSG00000273645",0.504718374223999
"ENSG00000138738",0.504677432859542
"ENSG00000141627",0.504518478721964
"ENSG00000143458",0.504287864840734
"ENSG00000145425",0.5039651031243
"ENSG00000108439",0.503685105457689
"ENSG00000142733",0.50334776643063
"ENSG00000296014",0.50305592559039
"ENSG00000149476",0.502904336498634
"ENSG00000139546",0.502900958501836
"ENSG00000149922",0.502877356024411
"ENSG00000223768",0.502855817426603
"ENSG00000074211",0.502845881184387
"ENSG00000168234",0.502816156741665
"ENSG00000125744",0.502757414564603
"ENSG00000114107",0.502702180663579
"ENSG00000125630",0.502559101170222
"ENSG00000197724",0.502549232165613
"ENSG00000164181",0.502400387995323
"ENSG00000107957",0.502045475386184
"ENSG00000100422",0.501953445148783
"ENSG00000013619",0.501729381637297
"ENSG00000129007",0.501687073500364
"ENSG00000229839",0.501623143503886
"ENSG00000297681",0.501577992979908
"ENSG00000197860",0.501576940296835
"ENSG00000283284",0.501529387113171
"ENSG00000280334",0.501457014889567
"ENSG00000183853",0.501197367891402
"ENSG00000148908",0.501061122498798
"ENSG00000066827",0.500858147225472
"ENSG00000257900",0.500805213241523
"ENSG00000133134",0.500733365938001
"ENSG00000257698",0.500663100429592
"ENSG00000266028",0.500540224437204
"ENSG00000159618",0.500455171710853
"ENSG00000300580",0.500274505403748
"ENSG00000284753",0.500222890174272
"ENSG00000276718",0.500202186584134
"ENSG00000189227",0.500157850717704
"ENSG00000134371",0.499644002030737
"ENSG00000214719",0.499618404725757
"ENSG00000170786",0.499512304230754
"ENSG00000162931",0.499418718994584
"ENSG00000141458",0.499023920214902
"ENSG00000179899",0.498895081677577
"ENSG00000186184",0.498893297611669
"ENSG00000272711",0.498834528916682
"ENSG00000115993",0.498782255659452
"ENSG00000289151",0.49872124996804
"ENSG00000186283",0.498638961080271
"ENSG00000160753",0.498557260230961
"ENSG00000288759",0.498288683989808
"ENSG00000285887",0.497580915147502
"ENSG00000179277",0.496932899899805
"ENSG00000250227",0.496569119167977
"ENSG00000167767",0.496537636903675
"ENSG00000170537",0.496441967280931
"ENSG00000123191",0.496255207706282
"ENSG00000224660",0.496185192865815
"ENSG00000082641",0.496070078450545
"ENSG00000116675",0.495940110108603
"ENSG00000160957",0.495910962805793
"ENSG00000176095",0.495623622280391
"ENSG00000300634",0.495586652015792
"ENSG00000085449",0.495518401835655
"ENSG00000291178",0.49533386156986
"ENSG00000291223",0.49528164175726
"ENSG00000137962",0.494958442082665
"ENSG00000010318",0.494586432417441
"ENSG00000253731",0.494253488998385
"ENSG00000249685",0.494146943617392
"ENSG00000264772",0.494140450858232
"ENSG00000114405",0.494131636917733
"ENSG00000288107",0.493666075355821
"ENSG00000024526",0.493655378921833
"ENSG00000149480",0.493520582186791
"ENSG00000109107",0.493489954772229
"ENSG00000152128",0.493467262711512
"ENSG00000137492",0.493364311542311
"ENSG00000122008",0.493330063144387
"ENSG00000101298",0.493236598382098
"ENSG00000304782",0.49314994324853
"ENSG00000250251",0.49307340415254
"ENSG00000232756",0.492911537795728
"ENSG00000275575",0.492723772930941
"ENSG00000224429",0.492582236033197
"ENSG00000137692",0.492472429200139
"ENSG00000170293",0.492433683805401
"ENSG00000145555",0.492427600141605
"ENSG00000135090",0.492417133438053
"ENSG00000169018",0.492280809824411
"ENSG00000288999",0.492232902755355
"ENSG00000007047",0.492205663232703
"ENSG00000143443",0.492166463495937
"ENSG00000271889",0.492073976175403
"ENSG00000251574",0.491897828068871
"ENSG00000286828",0.491405504591518
"ENSG00000116005",0.491195649833878
"ENSG00000227373",0.491084296173468
"ENSG00000141030",0.491071318806413
"ENSG00000281965",0.491000486840093
"ENSG00000054983",0.490955517427584
"ENSG00000273297",0.490861345649984
"ENSG00000289372",0.49038123392088
"ENSG00000214199",0.49031189670414
"ENSG00000285493",0.490289483537663
"ENSG00000236353",0.490146229020833
"ENSG00000301017",0.489924628674261
"ENSG00000105325",0.489813542538364
"ENSG00000146281",0.489778597172981
"ENSG00000101391",0.489777241081764
"ENSG00000163121",0.48975700699588
"ENSG00000187860",0.489710011196238
"ENSG00000238227",0.489508423050891
"ENSG00000230002",0.489456749548028
"ENSG00000161847",0.48909297820741
"ENSG00000182329",0.489037208281785
"ENSG00000198039",0.488951910422322
"ENSG00000175395",0.488767281917666
"ENSG00000135519",0.488461302932331
"ENSG00000248496",0.487932267826595
"ENSG00000005020",0.487872253439488
"ENSG00000146676",0.487487054192235
"ENSG00000167676",0.48720945674369
"ENSG00000267508",0.487087668381495
"ENSG00000154734",0.486910234173258
"ENSG00000291053",0.486742483676555
"ENSG00000141391",0.486735756470427
"ENSG00000120158",0.486558094399135
"ENSG00000160299",0.486435905619902
"ENSG00000100410",0.486297130867921
"ENSG00000129451",0.486150684355784
"ENSG00000290956",0.485909967006261
"ENSG00000065491",0.485855556815252
"ENSG00000155629",0.485613812330882
"ENSG00000290030",0.485580072465024
"ENSG00000104964",0.485538533928208
"ENSG00000265763",0.485500084667813
"ENSG00000186153",0.48549477469708
"ENSG00000234456",0.48543299101079
"ENSG00000111328",0.485173212956536
"ENSG00000159202",0.485118398888492
"ENSG00000204257",0.484711881963346
"ENSG00000125845",0.484673867634082
"ENSG00000185359",0.484444760403462
"ENSG00000259865",0.484370368971445
"ENSG00000134690",0.484186094053494
"ENSG00000168246",0.484138341952251
"ENSG00000267259",0.484091656418746
"ENSG00000197329",0.483964820490956
"ENSG00000254682",0.483964338796531
"ENSG00000229108",0.483812938349649
"ENSG00000179841",0.483487919835866
"ENSG00000161647",0.483397016278882
"ENSG00000171466",0.483235089042665
"ENSG00000125968",0.483214763613461
"ENSG00000101384",0.483184507459208
"ENSG00000213225",0.482390122989344
"ENSG00000155744",0.482381430970235
"ENSG00000074966",0.482289046637181
"ENSG00000128918",0.482288303518918
"ENSG00000139974",0.482215747216155
"ENSG00000170364",0.48184930767132
"ENSG00000071246",0.481662804471091
"ENSG00000293494",0.481653786340178
"ENSG00000167978",0.481636923880026
"ENSG00000134982",0.481314543860639
"ENSG00000139926",0.481288586823005
"ENSG00000205730",0.48125087586056
"ENSG00000145332",0.481115055347464
"ENSG00000290495",0.480997603792087
"ENSG00000072121",0.480985867250585
"ENSG00000291003",0.480970325662966
"ENSG00000161643",0.48089988644092
"ENSG00000213062",0.480729793630806
"ENSG00000143493",0.480581118122864
"ENSG00000310560",0.480461263509559
"ENSG00000235222",0.48045700116033
"ENSG00000148734",0.480435285609579
"ENSG00000196911",0.480305380727433
"ENSG00000181904",0.480263779779136
"ENSG00000185522",0.480194699310079
"ENSG00000270629",0.480153339193541
"ENSG00000264028",0.480129112782152
"ENSG00000100711",0.479841828221567
"ENSG00000096384",0.4798331313171
"ENSG00000168779",0.479634877301777
"ENSG00000204160",0.479528736806572
"ENSG00000260565",0.479249599219729
"ENSG00000170633",0.479245693403284
"ENSG00000198783",0.478998129520274
"ENSG00000029153",0.47874154250992
"ENSG00000088756",0.478599230410178
"ENSG00000048471",0.478585130397286
"ENSG00000259579",0.478361698866689
"ENSG00000128513",0.4783209364654
"ENSG00000227542",0.478200269269307
"ENSG00000205041",0.478162800273759
"ENSG00000060558",0.47802310679569
"ENSG00000170802",0.477969200226596
"ENSG00000176624",0.477776942501873
"ENSG00000157542",0.477741677781876
"ENSG00000272512",0.477550859693147
"ENSG00000123643",0.477430139744178
"ENSG00000198736",0.47731825836176
"ENSG00000126091",0.476853905788103
"ENSG00000180957",0.476819387549359
"ENSG00000243244",0.476807004424258
"ENSG00000196338",0.476755030387383
"ENSG00000033122",0.476594683496865
"ENSG00000213462",0.476555909790462
"ENSG00000100764",0.476238857023926
"ENSG00000106080",0.476005816605864
"ENSG00000146083",0.475659142496734
"ENSG00000159086",0.47557764485654
"ENSG00000276709",0.475547120439978
"ENSG00000186103",0.475127967575681
"ENSG00000197061",0.475103188245594
"ENSG00000279089",0.47508602138555
"ENSG00000261934",0.474933779743488
"ENSG00000266258",0.474762218652836
"ENSG00000110768",0.474664858874907
"ENSG00000251023",0.474567824726935
"ENSG00000102243",0.474521407633121
"ENSG00000059378",0.474494660688328
"ENSG00000172461",0.474412276231762
"ENSG00000174749",0.47435442252858
"ENSG00000286125",0.474270121224164
"ENSG00000129932",0.474130168299093
"ENSG00000203709",0.474061030090044
"ENSG00000297298",0.473862688748879
"ENSG00000287171",0.473697546440422
"ENSG00000178947",0.47348367711225
"ENSG00000121653",0.473446341466282
"ENSG00000287933",0.473337181770437
"ENSG00000069956",0.473186102363579
"ENSG00000182372",0.473164535450628
"ENSG00000068976",0.473110843061374
"ENSG00000160710",0.473058539941084
"ENSG00000105662",0.473021904353174
"ENSG00000169919",0.472349880351118
"ENSG00000269352",0.472122390746379
"ENSG00000267751",0.472117893382646
"ENSG00000239254",0.472026789411246
"ENSG00000145979",0.472021935001534
"ENSG00000171865",0.471980187622537
"ENSG00000065183",0.47157108737168
"ENSG00000291262",0.471517224941714
"ENSG00000272931",0.471366926135754
"ENSG00000267152",0.471318663427247
"ENSG00000101901",0.471268967471158
"ENSG00000138028",0.470986417939982
"ENSG00000152518",0.470935504241559
"ENSG00000132763",0.470913815045555
"ENSG00000163909",0.47080740894036
"ENSG00000257060",0.470628099526373
"ENSG00000281766",0.470579778753373
"ENSG00000074181",0.470561340056971
"ENSG00000283518",0.470389431314953
"ENSG00000258526",0.470321746086102
"ENSG00000294542",0.470229417470255
"ENSG00000169860",0.470134913116458
"ENSG00000135953",0.470133631264575
"ENSG00000116691",0.470130008984473
"ENSG00000197753",0.469976754597827
"ENSG00000119906",0.46993486208488
"ENSG00000112699",0.469800393075246
"ENSG00000103599",0.469731783009347
"ENSG00000109618",0.469633954697227
"ENSG00000111057",0.469209221039272
"ENSG00000151882",0.468975489162027
"ENSG00000233006",0.468829157930347
"ENSG00000169826",0.468789598435792
"ENSG00000256671",0.468510498196465
"ENSG00000259804",0.468103890447234
"ENSG00000105953",0.46803611803716
"ENSG00000051382",0.46800033885085
"ENSG00000249867",0.467879367679098
"ENSG00000106012",0.467821631855647
"ENSG00000118513",0.467753678509654
"ENSG00000284693",0.467716926875318
"ENSG00000145936",0.467392506025738
"ENSG00000155100",0.467306854682512
"ENSG00000223501",0.466920051781853
"ENSG00000289747",0.466801039467691
"ENSG00000291032",0.466529912611109
"ENSG00000163026",0.46646335220453
"ENSG00000256525",0.466454957657017
"ENSG00000075945",0.466407919279615
"ENSG00000137713",0.466091336052508
"ENSG00000172732",0.465730363257897
"ENSG00000064999",0.465709792683871
"ENSG00000169641",0.465552259489885
"ENSG00000170345",0.465536375086576
"ENSG00000041988",0.465370813550254
"ENSG00000259146",0.465272852772402
"ENSG00000127774",0.46514870418274
"ENSG00000196954",0.465001804406901
"ENSG00000171148",0.464985879169222
"ENSG00000111325",0.46498233556715
"ENSG00000229931",0.464975932941601
"ENSG00000288752",0.464722616418601
"ENSG00000092964",0.464466902433206
"ENSG00000137073",0.464426362634765
"ENSG00000107771",0.464402988436971
"ENSG00000163249",0.464213856367255
"ENSG00000253159",0.463896019850841
"ENSG00000164038",0.463883052403284
"ENSG00000212127",0.46386401545174
"ENSG00000262155",0.463770043340583
"ENSG00000198853",0.463643477544936
"ENSG00000070018",0.463638485304152
"ENSG00000204929",0.463627012989027
"ENSG00000119318",0.463189786085974
"ENSG00000176753",0.463020436843598
"ENSG00000165512",0.462709258989108
"ENSG00000162496",0.462314438521876
"ENSG00000110713",0.46215195894601
"ENSG00000169231",0.462147214562086
"ENSG00000166455",0.462139468255311
"ENSG00000083812",0.462075443709891
"ENSG00000136715",0.462060736050904
"ENSG00000204779",0.462000248995399
"ENSG00000095209",0.461873778654061
"ENSG00000309023",0.46146969170795
"ENSG00000267481",0.461466132269543
"ENSG00000125967",0.461428892338303
"ENSG00000272630",0.461361734953226
"ENSG00000108830",0.461335746023278
"ENSG00000152689",0.461325772112329
"ENSG00000184226",0.460221551759479
"ENSG00000163975",0.460004594996447
"ENSG00000205740",0.460002960483677
"ENSG00000178913",0.459836500523743
"ENSG00000198551",0.459790604415383
"ENSG00000214530",0.459687140603591
"ENSG00000117593",0.459636510971104
"ENSG00000201772",0.459593736078494
"ENSG00000115758",0.459554027449353
"ENSG00000197253",0.459516479008188
"ENSG00000088876",0.45930003033114
"ENSG00000167625",0.459105098995822
"ENSG00000167646",0.458984620668725
"ENSG00000196781",0.458759910900342
"ENSG00000234883",0.458677536004542
"ENSG00000164105",0.458675220876016
"ENSG00000288649",0.458561260387312
"ENSG00000183780",0.458368418508186
"ENSG00000251381",0.458294677678188
"ENSG00000228302",0.45804061533569
"ENSG00000196123",0.458039957576999
"ENSG00000260948",0.457905725645947
"ENSG00000171853",0.457878530328288
"ENSG00000280182",0.457678045454378
"ENSG00000054179",0.457657368475619
"ENSG00000213762",0.457453975794624
"ENSG00000214558",0.457435022744868
"ENSG00000285602",0.457301980637761
"ENSG00000290728",0.45728702503833
"ENSG00000110921",0.457074768263138
"ENSG00000280063",0.457004435733673
"ENSG00000111640",0.456907505738723
"ENSG00000158571",0.456830234527228
"ENSG00000180229",0.456783370659029
"ENSG00000180574",0.456547473682779
"ENSG00000141503",0.456239232939951
"ENSG00000135083",0.45616746614586
"ENSG00000005001",0.456131237176162
"ENSG00000117114",0.456012781220006
"ENSG00000230866",0.456001767127893
"ENSG00000285331",0.455889738988196
"ENSG00000231890",0.455795212801647
"ENSG00000164338",0.455702911289038
"ENSG00000159873",0.455688580134375
"ENSG00000279233",0.455580400197866
"ENSG00000114742",0.455367848540546
"ENSG00000134769",0.455088253542946
"ENSG00000284161",0.455013329902312
"ENSG00000274561",0.454764642082459
"ENSG00000291175",0.454724335596065
"ENSG00000228544",0.454695002697858
"ENSG00000049618",0.454604953456497
"ENSG00000236256",0.454513371770759
"ENSG00000289365",0.454404704751148
"ENSG00000138131",0.454393211546761
"ENSG00000293491",0.454338968323526
"ENSG00000291266",0.454180275822476
"ENSG00000198707",0.454142566462103
"ENSG00000114767",0.454020695104112
"ENSG00000167711",0.453740751441493
"ENSG00000267060",0.453678001066302
"ENSG00000149308",0.453175362543869
"ENSG00000307857",0.45314722244817
"ENSG00000271780",0.453086507739453
"ENSG00000105321",0.452916896446065
"ENSG00000135919",0.452856192838888
"ENSG00000134748",0.452778154910981
"ENSG00000175505",0.452667928662041
"ENSG00000139597",0.452666508741055
"ENSG00000153933",0.452613913975274
"ENSG00000149231",0.45247555280779
"ENSG00000254087",0.452473100534771
"ENSG00000289106",0.452322010931631
"ENSG00000015568",0.451832958617194
"ENSG00000106477",0.451683578809604
"ENSG00000186665",0.451525469197864
"ENSG00000122435",0.451503279330706
"ENSG00000104517",0.451240380351282
"ENSG00000187017",0.45099338987785
"ENSG00000123728",0.450942844718367
"ENSG00000170903",0.450937890622378
"ENSG00000107485",0.450691490638634
"ENSG00000214546",0.450650147139658
"ENSG00000250790",0.450435938930907
"ENSG00000247240",0.45038153561242
"ENSG00000137996",0.450018599660922
"ENSG00000087206",0.449906848048426
"ENSG00000132334",0.449903491086422
"ENSG00000135334",0.449868431175931
"ENSG00000080822",0.449830393138775
"ENSG00000225963",0.449759065565553
"ENSG00000121774",0.44958830170536
"ENSG00000166819",0.449569040504195
"ENSG00000057608",0.449538074593141
"ENSG00000251409",0.449509600035853
"ENSG00000134014",0.449396300753918
"ENSG00000287067",0.449188310637487
"ENSG00000297188",0.449093162442216
"ENSG00000289102",0.44900695680743
"ENSG00000171316",0.448970719031362
"ENSG00000266976",0.448845817250218
"ENSG00000113384",0.448512834390068
"ENSG00000279170",0.448365839324282
"ENSG00000183150",0.448174720152861
"ENSG00000105835",0.448141478062788
"ENSG00000294818",0.44809330733931
"ENSG00000295970",0.44766956013486
"ENSG00000101052",0.447472470786981
"ENSG00000111843",0.447472265365737
"ENSG00000234608",0.447078855009512
"ENSG00000185829",0.447015947193273
"ENSG00000236539",0.447012766356836
"ENSG00000279318",0.446951837774233
"ENSG00000287306",0.446890633382765
"ENSG00000184378",0.446359386064907
"ENSG00000174485",0.44627136486325
"ENSG00000075218",0.446173693649758
"ENSG00000130208",0.446161542370297
"ENSG00000104886",0.446145099603134
"ENSG00000206418",0.446067390769476
"ENSG00000104852",0.446038638096145
"ENSG00000049239",0.445848586679416
"ENSG00000040933",0.445838420899317
"ENSG00000128694",0.445785738823971
"ENSG00000260912",0.445735721978294
"ENSG00000289952",0.445625481306196
"ENSG00000290535",0.445555039020115
"ENSG00000121104",0.445538411365817
"ENSG00000225265",0.445443748878587
"ENSG00000132481",0.445359544168283
"ENSG00000183784",0.445292391025826
"ENSG00000204335",0.444889763820689
"ENSG00000152795",0.444775739379657
"ENSG00000266710",0.444743932929354
"ENSG00000233654",0.444672699288977
"ENSG00000213553",0.444545922679428
"ENSG00000143499",0.444468958567558
"ENSG00000185133",0.44446612751957
"ENSG00000158220",0.444417464738752
"ENSG00000196639",0.444393269151308
"ENSG00000288973",0.444372572029511
"ENSG00000111725",0.443748987791181
"ENSG00000234284",0.44361760839965
"ENSG00000119673",0.443132624511068
"ENSG00000204936",0.44310218908575
"ENSG00000123427",0.443049761338226
"ENSG00000225269",0.442955589081134
"ENSG00000108474",0.442870159380219
"ENSG00000135299",0.442866508756029
"ENSG00000061676",0.442711050625001
"ENSG00000115540",0.442618169644867
"ENSG00000159593",0.442607064279032
"ENSG00000289281",0.442124792709203
"ENSG00000279199",0.441928554082042
"ENSG00000227366",0.44190044305684
"ENSG00000163430",0.441798012644851
"ENSG00000230896",0.441755981055645
"ENSG00000235036",0.44165760888461
"ENSG00000261437",0.441617451678191
"ENSG00000133619",0.441609739599555
"ENSG00000221947",0.44115973461944
"ENSG00000260328",0.441144926013591
"ENSG00000168556",0.440692365318443
"ENSG00000253616",0.440608229238364
"ENSG00000274384",0.439962254425721
"ENSG00000205808",0.439951544680385
"ENSG00000263276",0.439708439535374
"ENSG00000280968",0.439593721178345
"ENSG00000291127",0.439493249026965
"ENSG00000011258",0.439342855573878
"ENSG00000132570",0.439088325499629
"ENSG00000135655",0.439025180149278
"ENSG00000278619",0.438737384552365
"ENSG00000142657",0.438686890960976
"ENSG00000225807",0.438655300334368
"ENSG00000171208",0.438506204067497
"ENSG00000130158",0.438134386543569
"ENSG00000249771",0.438064873134912
"ENSG00000100099",0.437806993342626
"ENSG00000255139",0.437428551702433
"ENSG00000259562",0.437289414471789
"ENSG00000172465",0.437047195881407
"ENSG00000134470",0.436929534806462
"ENSG00000095951",0.436921387239885
"ENSG00000260743",0.436856064891557
"ENSG00000010219",0.436798160992102
"ENSG00000253220",0.436787108540374
"ENSG00000184445",0.436579419817009
"ENSG00000165821",0.436573232710658
"ENSG00000164649",0.436489138250539
"ENSG00000295221",0.436435018467882
"ENSG00000108256",0.436411500424907
"ENSG00000289579",0.436405462443474
"ENSG00000081181",0.436401235960764
"ENSG00000168763",0.436308555440555
"ENSG00000198208",0.436156101105671
"ENSG00000178074",0.436069389959273
"ENSG00000172164",0.435851488363245
"ENSG00000228288",0.435841565639577
"ENSG00000139625",0.43569792472732
"ENSG00000159882",0.435615392827602
"ENSG00000132640",0.435583442816575
"ENSG00000270177",0.435190767209394
"ENSG00000162419",0.435129953969851
"ENSG00000184492",0.43509071369425
"ENSG00000113838",0.434660563134814
"ENSG00000142961",0.434562736591663
"ENSG00000229956",0.434073219171396
"ENSG00000213997",0.43396011109525
"ENSG00000198925",0.433942470180233
"ENSG00000155111",0.43352244694523
"ENSG00000165915",0.433500008896702
"ENSG00000100225",0.432650006895756
"ENSG00000143756",0.432615483001889
"ENSG00000106536",0.43239325995518
"ENSG00000174106",0.432265278600156
"ENSG00000008324",0.431925413910629
"ENSG00000266210",0.431905794507048
"ENSG00000165810",0.431868552423589
"ENSG00000095397",0.431682893373017
"ENSG00000248690",0.431593131344928
"ENSG00000167566",0.431524149859118
"ENSG00000196391",0.431478699819388
"ENSG00000134198",0.431280472974173
"ENSG00000132463",0.431269930441512
"ENSG00000286196",0.431217907798282
"ENSG00000102103",0.431074308690883
"ENSG00000145365",0.430870509353566
"ENSG00000011478",0.430631138694318
"ENSG00000140471",0.43060525441354
"ENSG00000129195",0.430490331153047
"ENSG00000250220",0.430200226039329
"ENSG00000165392",0.430180384001407
"ENSG00000197472",0.430087062629824
"ENSG00000278211",0.430071725999547
"ENSG00000271335",0.429899494890683
"ENSG00000212123",0.429701207740711
"ENSG00000166578",0.429561986562079
"ENSG00000101189",0.429426891477253
"ENSG00000309304",0.429299481746005
"ENSG00000240758",0.429096296173182
"ENSG00000100335",0.429032532443009
"ENSG00000176697",0.42897651985487
"ENSG00000130758",0.428731909232976
"ENSG00000077585",0.428708076394239
"ENSG00000245937",0.428401548154891
"ENSG00000286185",0.428369062410033
"ENSG00000233922",0.428199567850856
"ENSG00000157870",0.427894137374331
"ENSG00000165259",0.42755449351318
"ENSG00000284454",0.427524292803777
"ENSG00000100564",0.427085807818904
"ENSG00000264456",0.427020707353122
"ENSG00000163126",0.426919744875879
"ENSG00000291066",0.426861004484657
"ENSG00000153094",0.426535688275416
"ENSG00000166938",0.426525042363626
"ENSG00000018280",0.426439402176617
"ENSG00000197375",0.426351937070844
"ENSG00000101596",0.426273384184567
"ENSG00000280332",0.426130349074662
"ENSG00000105443",0.426060363168904
"ENSG00000142677",0.426039294173957
"ENSG00000082196",0.425890881284722
"ENSG00000284747",0.425640320030298
"ENSG00000121410",0.42558226524425
"ENSG00000293402",0.425551993976359
"ENSG00000116095",0.425464792334565
"ENSG00000176454",0.425456194361095
"ENSG00000137804",0.425290232805031
"ENSG00000286239",0.425264018151957
"ENSG00000147180",0.425139947287734
"ENSG00000177951",0.425086835812546
"ENSG00000120278",0.424639320719259
"ENSG00000232624",0.424616759899778
"ENSG00000250318",0.424382711750207
"ENSG00000294598",0.424306850246115
"ENSG00000127329",0.424287346755438
"ENSG00000136936",0.424259482885743
"ENSG00000290517",0.424106580966042
"ENSG00000174227",0.423939318363659
"ENSG00000233797",0.423923116680888
"ENSG00000260916",0.423804563277465
"ENSG00000111788",0.423626201233171
"ENSG00000281569",0.423532784291868
"ENSG00000280351",0.423446144346158
"ENSG00000054523",0.423271597703934
"ENSG00000162896",0.423237133178603
"ENSG00000273686",0.423226566809347
"ENSG00000254876",0.422889611300714
"ENSG00000198642",0.422693768545668
"ENSG00000138162",0.422592065188775
"ENSG00000288634",0.42254022676852
"ENSG00000175294",0.422479145718774
"ENSG00000147883",0.422437979476892
"ENSG00000294305",0.422387886502647
"ENSG00000163792",0.422271130376658
"ENSG00000171453",0.422167293341506
"ENSG00000044574",0.422039640220814
"ENSG00000168004",0.421800651929646
"ENSG00000288461",0.421520663793983
"ENSG00000235636",0.421327418564286
"ENSG00000092108",0.42130066285215
"ENSG00000213780",0.421296550031715
"ENSG00000196290",0.421271492629208
"ENSG00000104957",0.421130291575933
"ENSG00000181754",0.42104839374892
"ENSG00000304674",0.420944527136994
"ENSG00000233554",0.420904070950348
"ENSG00000283780",0.420628730780013
"ENSG00000081721",0.420394763766063
"ENSG00000293154",0.420054791679489
"ENSG00000293541",0.419919721936449
"ENSG00000291835",0.419707225492142
"ENSG00000116396",0.419481002116515
"ENSG00000127578",0.419371252108585
"ENSG00000137074",0.419308101213304
"ENSG00000148798",0.419221315102493
"ENSG00000310387",0.419185669652251
"ENSG00000129219",0.418997733645129
"ENSG00000065328",0.41899045238311
"ENSG00000238203",0.418682874682111
"ENSG00000162078",0.41862604323039
"ENSG00000037757",0.418619107848896
"ENSG00000224506",0.418604374221082
"ENSG00000133961",0.418506583992079
"ENSG00000186976",0.418300935924573
"ENSG00000153487",0.418204106745951
"ENSG00000288004",0.417736910900431
"ENSG00000236333",0.41741719229512
"ENSG00000171943",0.417303967442896
"ENSG00000224577",0.41716874798814
"ENSG00000006468",0.416984928846398
"ENSG00000282902",0.416959292012357
"ENSG00000123473",0.416953088859076
"ENSG00000108506",0.41655876245321
"ENSG00000132825",0.416516912575647
"ENSG00000293413",0.41610277018093
"ENSG00000285840",0.415850487259951
"ENSG00000139734",0.415520806642427
"ENSG00000126368",0.415469772723795
"ENSG00000133488",0.415426814374833
"ENSG00000269693",0.415304114226956
"ENSG00000267275",0.415261857111549
"ENSG00000072778",0.414974655663635
"ENSG00000225921",0.414935944002289
"ENSG00000256751",0.414521658693243
"ENSG00000225746",0.414349321907622
"ENSG00000079805",0.414249469364926
"ENSG00000126062",0.414238293531052
"ENSG00000005007",0.414204186613051
"ENSG00000072080",0.414167693711903
"ENSG00000122678",0.413783537609145
"ENSG00000176055",0.413614485614884
"ENSG00000166037",0.413609153183371
"ENSG00000177427",0.413593212589333
"ENSG00000164128",0.413267954054176
"ENSG00000106069",0.41297577565728
"ENSG00000115677",0.412344637034764
"ENSG00000167476",0.412110377269721
"ENSG00000129667",0.411908207575302
"ENSG00000267121",0.411845913889867
"ENSG00000309986",0.411754383399777
"ENSG00000119950",0.411655763225272
"ENSG00000182518",0.411612177831554
"ENSG00000170515",0.411543278347445
"ENSG00000102181",0.411534877059767
"ENSG00000188352",0.411332153916261
"ENSG00000175274",0.411263098738651
"ENSG00000124143",0.411224916597575
"ENSG00000105971",0.41105809506978
"ENSG00000138031",0.411051799276972
"ENSG00000071889",0.411006835908177
"ENSG00000174574",0.410763094623638
"ENSG00000225930",0.410598895626794
"ENSG00000185963",0.410355134099079
"ENSG00000185215",0.410190744435307
"ENSG00000182108",0.410062099969523
"ENSG00000188994",0.410024438278603
"ENSG00000104881",0.409992001166895
"ENSG00000295746",0.409871533564658
"ENSG00000124641",0.409765458452452
"ENSG00000223949",0.409748710473635
"ENSG00000286746",0.409726802647388
"ENSG00000285032",0.409552716972076
"ENSG00000163655",0.409523865055725
"ENSG00000081923",0.409478649794828
"ENSG00000100523",0.409250218385463
"ENSG00000116117",0.409121529548817
"ENSG00000169679",0.409088183129572
"ENSG00000285894",0.408995545047374
"ENSG00000142273",0.408927607032162
"ENSG00000182247",0.408896677858887
"ENSG00000163738",0.408809358195775
"ENSG00000175707",0.408647625694656
"ENSG00000067064",0.408646561041531
"ENSG00000092020",0.408480869576746
"ENSG00000258701",0.408433061684489
"ENSG00000134086",0.408070326324808
"ENSG00000185347",0.407998760263062
"ENSG00000271976",0.407966822509141
"ENSG00000100280",0.407561407710943
"ENSG00000147813",0.407383366953108
"ENSG00000253200",0.407300024050361
"ENSG00000305068",0.407034854175414
"ENSG00000080224",0.406956496373069
"ENSG00000257526",0.406662874053837
"ENSG00000188868",0.406580702896398
"ENSG00000105639",0.406439106134594
"ENSG00000300287",0.406423211055685
"ENSG00000105976",0.406414746895758
"ENSG00000157470",0.40638310827652
"ENSG00000197879",0.406102784573505
"ENSG00000143217",0.406022422516212
"ENSG00000080823",0.405950056735561
"ENSG00000171016",0.405896796317228
"ENSG00000176225",0.405896609658297
"ENSG00000299955",0.405806903502605
"ENSG00000166140",0.405728467489879
"ENSG00000139718",0.405664527298916
"ENSG00000171729",0.405552966087074
"ENSG00000106462",0.405269770330035
"ENSG00000273192",0.40512397888969
"ENSG00000288902",0.405062489355854
"ENSG00000125434",0.405021676008092
"ENSG00000148399",0.404714409943235
"ENSG00000215193",0.404675398852828
"ENSG00000179195",0.404617929090787
"ENSG00000176087",0.404360069540677
"ENSG00000177963",0.40420917542185
"ENSG00000288673",0.404158510774962
"ENSG00000168490",0.404045395439485
"ENSG00000183628",0.403881576119185
"ENSG00000227007",0.403549955995224
"ENSG00000163516",0.403324176009538
"ENSG00000101138",0.403268837905374
"ENSG00000130244",0.403250906805228
"ENSG00000107968",0.403236351983941
"ENSG00000296549",0.403080514308958
"ENSG00000205978",0.403035322076243
"ENSG00000280248",0.403027255898494
"ENSG00000103111",0.40302089020799
"ENSG00000154080",0.402811196061141
"ENSG00000004478",0.402725538981768
"ENSG00000280279",0.402620791901865
"ENSG00000075643",0.402512047306393
"ENSG00000155719",0.402490949364364
"ENSG00000299307",0.402275974571213
"ENSG00000290687",0.402167635744164
"ENSG00000102738",0.402001775913195
"ENSG00000276130",0.401713812120259
"ENSG00000113083",0.401615023819399
"ENSG00000244300",0.401586264125596
"ENSG00000167281",0.401258121597367
"ENSG00000159915",0.401240332511272
"ENSG00000286831",0.40100272917092
"ENSG00000122481",0.400961398180588
"ENSG00000183813",0.400930810677809
"ENSG00000267796",0.400896378251116
"ENSG00000137103",0.40051181939801
"ENSG00000109944",0.400422633459977
"ENSG00000107130",0.400290779743635
"ENSG00000158079",0.400155921211479
"ENSG00000138698",0.399875979438991
"ENSG00000196653",0.399851007970571
"ENSG00000096060",0.399776961631037
"ENSG00000086758",0.399494370974968
"ENSG00000261832",0.399409469840236
"ENSG00000240541",0.399241428857319
"ENSG00000268584",0.399202203097599
"ENSG00000282418",0.399123811290948
"ENSG00000008735",0.398896236063938
"ENSG00000123610",0.398582775606257
"ENSG00000306750",0.398559762342671
"ENSG00000143147",0.398305813353077
"ENSG00000228716",0.398174628990664
"ENSG00000138434",0.398071015427648
"ENSG00000128578",0.397795759762174
"ENSG00000100206",0.397458304168423
"ENSG00000291194",0.397316403041749
"ENSG00000171314",0.397278702846715
"ENSG00000128050",0.397194114179777
"ENSG00000111859",0.396903479943748
"ENSG00000131013",0.39682527271876
"ENSG00000106258",0.396765318975848
"ENSG00000014138",0.396555264997417
"ENSG00000091490",0.396533457746006
"ENSG00000178105",0.396491168712376
"ENSG00000112981",0.396403892637478
"ENSG00000285458",0.395579788109583
"ENSG00000269386",0.39552174109451
"ENSG00000101161",0.395515037074554
"ENSG00000134049",0.395506942675247
"ENSG00000176994",0.395435785387619
"ENSG00000293507",0.395425613161807
"ENSG00000130529",0.395349455746458
"ENSG00000238035",0.395160431164402
"ENSG00000148498",0.395155957715273
"ENSG00000244625",0.395129332104223
"ENSG00000008869",0.394685647156373
"ENSG00000166289",0.394622516032442
"ENSG00000181035",0.394601173417517
"ENSG00000104408",0.394516693177628
"ENSG00000128487",0.394313535311467
"ENSG00000224215",0.394278041165114
"ENSG00000224189",0.39414977703025
"ENSG00000238083",0.3941379445078
"ENSG00000100100",0.394132933796518
"ENSG00000278834",0.394070199559924
"ENSG00000170608",0.393831176599691
"ENSG00000123219",0.393808354899572
"ENSG00000267723",0.393767742927599
"ENSG00000073169",0.393744902121996
"ENSG00000302794",0.393235679094936
"ENSG00000162062",0.392923143805993
"ENSG00000128536",0.392728654608042
"ENSG00000273274",0.392702179798171
"ENSG00000120727",0.392292950730187
"ENSG00000257365",0.391970700691328
"ENSG00000135100",0.39161478004671
"ENSG00000189067",0.391512801466982
"ENSG00000083635",0.391298855121355
"ENSG00000225830",0.391279766787162
"ENSG00000184207",0.391195453624223
"ENSG00000198786",0.390968379142731
"ENSG00000127948",0.390729319788396
"ENSG00000293970",0.390728578418697
"ENSG00000064932",0.390676782402923
"ENSG00000188130",0.390549761600823
"ENSG00000306093",0.390425356960064
"ENSG00000269959",0.390387261670475
"ENSG00000163728",0.390367137808327
"ENSG00000119844",0.390277644402328
"ENSG00000300040",0.389618837332837
"ENSG00000250562",0.389532911546204
"ENSG00000116667",0.389525658407955
"ENSG00000247151",0.389488907679666
"ENSG00000152684",0.389447679889275
"ENSG00000287185",0.389298683329283
"ENSG00000125945",0.389282299567287
"ENSG00000267454",0.389065128669627
"ENSG00000178773",0.389027745235975
"ENSG00000166987",0.38900338862288
"ENSG00000053501",0.388888469354243
"ENSG00000182742",0.388885543782268
"ENSG00000111961",0.388844263458024
"ENSG00000256802",0.388805459350815
"ENSG00000290404",0.388734118175524
"ENSG00000180902",0.388472535937314
"ENSG00000219470",0.388470345852791
"ENSG00000291006",0.388359811506901
"ENSG00000100916",0.388251443906935
"ENSG00000272525",0.388208386793663
"ENSG00000139192",0.38810771946722
"ENSG00000265566",0.388079776711286
"ENSG00000130935",0.388049165427514
"ENSG00000259424",0.387869232578305
"ENSG00000177303",0.387744477710725
"ENSG00000064763",0.3873628070718
"ENSG00000134294",0.387275597732059
"ENSG00000152942",0.387147178908785
"ENSG00000124151",0.38714533510055
"ENSG00000108239",0.386921626999542
"ENSG00000293796",0.386881818257104
"ENSG00000062485",0.386720681141376
"ENSG00000227517",0.386701548156141
"ENSG00000272205",0.386525359640265
"ENSG00000113248",0.386373175528413
"ENSG00000262188",0.38628898821401
"ENSG00000309423",0.386261363624389
"ENSG00000197461",0.386060317795981
"ENSG00000224934",0.385998793395556
"ENSG00000006377",0.385969758947763
"ENSG00000286061",0.385938356741439
"ENSG00000119227",0.38592128414878
"ENSG00000306541",0.385859279576249
"ENSG00000164574",0.385750751629275
"ENSG00000306444",0.38548582334828
"ENSG00000113593",0.385367126905374
"ENSG00000214226",0.385317427525332
"ENSG00000183092",0.385250243575973
"ENSG00000235513",0.385177233023947
"ENSG00000283293",0.384760281477817
"ENSG00000170006",0.384437220161749
"ENSG00000106546",0.384343245954099
"ENSG00000179136",0.384262287262649
"ENSG00000188596",0.384235325269995
"ENSG00000260537",0.384201465079655
"ENSG00000112139",0.384148997201706
"ENSG00000196975",0.383701841046218
"ENSG00000268869",0.383273357246818
"ENSG00000157869",0.38326415826189
"ENSG00000032389",0.383243905895244
"ENSG00000090054",0.383120592758236
"ENSG00000213033",0.383075242806615
"ENSG00000273783",0.383018064077358
"ENSG00000118496",0.383015375931082
"ENSG00000290832",0.382684705237907
"ENSG00000067900",0.382546278371524
"ENSG00000257337",0.382453800196392
"ENSG00000167173",0.382249148737393
"ENSG00000071991",0.382123323399576
"ENSG00000233901",0.381867883813842
"ENSG00000257557",0.381846881532232
"ENSG00000304381",0.381841909482926
"ENSG00000294595",0.381681759814404
"ENSG00000149792",0.381552415111496
"ENSG00000249961",0.381428169345635
"ENSG00000277789",0.381221609929757
"ENSG00000234509",0.380933516496932
"ENSG00000292301",0.380852726236618
"ENSG00000159917",0.380835586047805
"ENSG00000290474",0.380745296976321
"ENSG00000124209",0.380553565438789
"ENSG00000213853",0.380542914229627
"ENSG00000142875",0.38053350690685
"ENSG00000203965",0.380446126364712
"ENSG00000282572",0.380326078917097
"ENSG00000169255",0.380217881417793
"ENSG00000215045",0.380216363238176
"ENSG00000213380",0.380111062261206
"ENSG00000263974",0.380066680699677
"ENSG00000112624",0.38002146454755
"ENSG00000118960",0.379773455563958
"ENSG00000272081",0.379223571762356
"ENSG00000155729",0.379144928468268
"ENSG00000167508",0.378959450624117
"ENSG00000203943",0.378771768857491
"ENSG00000163781",0.378584864537316
"ENSG00000081154",0.378351048662849
"ENSG00000160584",0.37819845684437
"ENSG00000163637",0.377942762053946
"ENSG00000119698",0.3778937800521
"ENSG00000293310",0.377890223131961
"ENSG00000244701",0.377755309779953
"ENSG00000180667",0.377655607534314
"ENSG00000186026",0.377654636663888
"ENSG00000180198",0.377648783843373
"ENSG00000273355",0.377512503977424
"ENSG00000169813",0.377497335931601
"ENSG00000148175",0.377410292140637
"ENSG00000145990",0.377408359452411
"ENSG00000166073",0.377240217002946
"ENSG00000162545",0.377224904048123
"ENSG00000198734",0.377075393418839
"ENSG00000276101",0.37704633168587
"ENSG00000026508",0.376746942946021
"ENSG00000276043",0.376650407678848
"ENSG00000270194",0.376602374596908
"ENSG00000278318",0.376568138777708
"ENSG00000107566",0.376512922786978
"ENSG00000251365",0.376156020166152
"ENSG00000161265",0.375882895305554
"ENSG00000157306",0.375727942711949
"ENSG00000167766",0.375684133129386
"ENSG00000021355",0.375528987612999
"ENSG00000132359",0.37545048301756
"ENSG00000144395",0.375279569436201
"ENSG00000165449",0.375162279722504
"ENSG00000128965",0.374892776174099
"ENSG00000278384",0.374788459062121
"ENSG00000310147",0.374688540776779
"ENSG00000125449",0.374585934953528
"ENSG00000163827",0.374519177466249
"ENSG00000184903",0.374501571190035
"ENSG00000175970",0.374485845014742
"ENSG00000277972",0.374482294956235
"ENSG00000175104",0.374466695980216
"ENSG00000144791",0.374357879913284
"ENSG00000229618",0.374029078159512
"ENSG00000261617",0.373831416087894
"ENSG00000184160",0.373788035762131
"ENSG00000232656",0.373777717230739
"ENSG00000182197",0.373588681508146
"ENSG00000127586",0.373548177219996
"ENSG00000234817",0.373523447649884
"ENSG00000132549",0.373486272224129
"ENSG00000275410",0.373041521065932
"ENSG00000117013",0.373031873210258
"ENSG00000256061",0.372956320873429
"ENSG00000143476",0.372174556958923
"ENSG00000116604",0.372161973949161
"ENSG00000137404",0.371974809403204
"ENSG00000182208",0.37192995700419
"ENSG00000289100",0.371834208739517
"ENSG00000145945",0.371806806847206
"ENSG00000185385",0.371697587546491
"ENSG00000289720",0.371542062071516
"ENSG00000125459",0.3713243649283
"ENSG00000265778",0.371302006991406
"ENSG00000170011",0.371140776439551
"ENSG00000160326",0.371083222956902
"ENSG00000280287",0.371021449431689
"ENSG00000260942",0.371014979589126
"ENSG00000276570",0.371007647718619
"ENSG00000272323",0.37094817218546
"ENSG00000163364",0.370910160383176
"ENSG00000299773",0.37086860138942
"ENSG00000166165",0.370557184773969
"ENSG00000129173",0.370494606608645
"ENSG00000289021",0.370416782823911
"ENSG00000262267",0.370310622595701
"ENSG00000259342",0.370172937160955
"ENSG00000107643",0.370094754976895
"ENSG00000213614",0.369984245032147
"ENSG00000224152",0.369754736356756
"ENSG00000239857",0.369705582330484
"ENSG00000179869",0.36966511757632
"ENSG00000278966",0.369636850733822
"ENSG00000178623",0.369631887192463
"ENSG00000101311",0.369538618607679
"ENSG00000159217",0.369319382837632
"ENSG00000305964",0.369099483281086
"ENSG00000267283",0.369034814775585
"ENSG00000187866",0.368576922470059
"ENSG00000279467",0.36857353699536
"ENSG00000224397",0.368452047721658
"ENSG00000167363",0.368347710843897
"ENSG00000254859",0.368324571947529
"ENSG00000159184",0.368320613999656
"ENSG00000155099",0.368261372762001
"ENSG00000134318",0.368162467070451
"ENSG00000268812",0.36813012256917
"ENSG00000128268",0.367936525054476
"ENSG00000072274",0.367924218859585
"ENSG00000071794",0.367912834777306
"ENSG00000166188",0.367636765196137
"ENSG00000100336",0.367601622872013
"ENSG00000110328",0.367531451972225
"ENSG00000203705",0.367186935092445
"ENSG00000189143",0.367160793689939
"ENSG00000264071",0.366910984321625
"ENSG00000179627",0.366775049818783
"ENSG00000113360",0.366523137860674
"ENSG00000258561",0.366486438395903
"ENSG00000070366",0.366309579058745
"ENSG00000196535",0.366215319742646
"ENSG00000112796",0.36616562705361
"ENSG00000188811",0.366072517378697
"ENSG00000140470",0.365965251370942
"ENSG00000172572",0.365953950088142
"ENSG00000196923",0.365918965343329
"ENSG00000115257",0.365838666164549
"ENSG00000204946",0.365680270882776
"ENSG00000169499",0.365527578281975
"ENSG00000235162",0.365472626111865
"ENSG00000023191",0.365372082535762
"ENSG00000289245",0.365347872449737
"ENSG00000177738",0.365343812970352
"ENSG00000120656",0.365301204724513
"ENSG00000171435",0.365268413727208
"ENSG00000254656",0.365250554836837
"ENSG00000184363",0.365059025102782
"ENSG00000109743",0.36503541833518
"ENSG00000140876",0.364934335189522
"ENSG00000065150",0.364924679711741
"ENSG00000108825",0.364841647981547
"ENSG00000126778",0.364819490466005
"ENSG00000137601",0.364814369905082
"ENSG00000213468",0.36445250732666
"ENSG00000047410",0.364223527331541
"ENSG00000116151",0.363738124577631
"ENSG00000124429",0.363536115616927
"ENSG00000131446",0.363499241518808
"ENSG00000188234",0.363371729200975
"ENSG00000171169",0.363257472248636
"ENSG00000130844",0.363249449260329
"ENSG00000100583",0.363015424803366
"ENSG00000119403",0.362782198807378
"ENSG00000157827",0.362775411303958
"ENSG00000196937",0.362545970149485
"ENSG00000085276",0.362507677536655
"ENSG00000113716",0.362397700518627
"ENSG00000123505",0.36237044021778
"ENSG00000086289",0.362091845211365
"ENSG00000001629",0.361959687163774
"ENSG00000175573",0.361818772609095
"ENSG00000144895",0.361592148821142
"ENSG00000255750",0.361556432556505
"ENSG00000100084",0.36142411321524
"ENSG00000304446",0.361298994575354
"ENSG00000235657",0.361269783080232
"ENSG00000188573",0.360914886487169
"ENSG00000065427",0.360873832394199
"ENSG00000197128",0.360867760318076
"ENSG00000108947",0.360760680850602
"ENSG00000083844",0.360654341668363
"ENSG00000268006",0.36054236749691
"ENSG00000125247",0.3604989000983
"ENSG00000281406",0.360492538125013
"ENSG00000239883",0.359953639305348
"ENSG00000141429",0.359856348822217
"ENSG00000100852",0.359829009068117
"ENSG00000231840",0.359652128441185
"ENSG00000120889",0.359269518299934
"ENSG00000236204",0.359256973891738
"ENSG00000130939",0.359184727052714
"ENSG00000056097",0.359183940123366
"ENSG00000186451",0.3591101674795
"ENSG00000275322",0.359009295002223
"ENSG00000290849",0.358866882337564
"ENSG00000294732",0.358862927426721
"ENSG00000166387",0.358803489174437
"ENSG00000292232",0.358754794920681
"ENSG00000289161",0.358447117730243
"ENSG00000255367",0.35815189472747
"ENSG00000215252",0.358114046692565
"ENSG00000169193",0.358055216326372
"ENSG00000206149",0.358005861061343
"ENSG00000167741",0.357843948997848
"ENSG00000074695",0.357629256323641
"ENSG00000198894",0.357347118351679
"ENSG00000162692",0.357098232338577
"ENSG00000232063",0.357035708536079
"ENSG00000264808",0.356945153781961
"ENSG00000204528",0.356857888961443
"ENSG00000205268",0.356839196810961
"ENSG00000178814",0.356741368317474
"ENSG00000182568",0.356362159878506
"ENSG00000119596",0.356320990880188
"ENSG00000116852",0.356259016280722
"ENSG00000269688",0.355968198658942
"ENSG00000181789",0.355697684369688
"ENSG00000196476",0.355640857709858
"ENSG00000265817",0.355597706481302
"ENSG00000109452",0.355510925061666
"ENSG00000163162",0.355432479301284
"ENSG00000164808",0.355200296196991
"ENSG00000302153",0.355152030642532
"ENSG00000110066",0.355151454527971
"ENSG00000273993",0.355016813798159
"ENSG00000257327",0.355002249759792
"ENSG00000281650",0.354971446277694
"ENSG00000052802",0.354911227900014
"ENSG00000174236",0.354728199118086
"ENSG00000166473",0.354567515748889
"ENSG00000124596",0.354398696097015
"ENSG00000128805",0.354314638265722
"ENSG00000111371",0.353702395522815
"ENSG00000148572",0.35365573955615
"ENSG00000291197",0.353576049881205
"ENSG00000100401",0.353377361773064
"ENSG00000260924",0.353330556722268
"ENSG00000162676",0.353284735174287
"ENSG00000105364",0.353048065085
"ENSG00000260708",0.352797010837363
"ENSG00000171448",0.352745762671108
"ENSG00000276116",0.352701912193372
"ENSG00000124593",0.352522294373319
"ENSG00000103342",0.352436555721835
"ENSG00000286412",0.352432676348304
"ENSG00000168806",0.352427240813327
"ENSG00000135828",0.351977778842692
"ENSG00000108511",0.351615375065534
"ENSG00000232611",0.351576249182166
"ENSG00000154305",0.351502710030481
"ENSG00000291078",0.351332767706012
"ENSG00000139187",0.351254349875368
"ENSG00000213995",0.351248623936411
"ENSG00000163882",0.35124060042116
"ENSG00000181915",0.351007322352301
"ENSG00000228043",0.35099365964191
"ENSG00000285628",0.35092713665417
"ENSG00000309480",0.350641494563236
"ENSG00000140678",0.350434430938239
"ENSG00000062725",0.350413119464287
"ENSG00000268643",0.350397400809592
"ENSG00000172007",0.350237137905594
"ENSG00000101935",0.350185005579935
"ENSG00000247809",0.350159326969825
"ENSG00000185187",0.350030884399527
"ENSG00000101624",0.350005064065126
"ENSG00000158234",0.349907994933275
"ENSG00000185344",0.349863864093805
"ENSG00000152078",0.349858976283034
"ENSG00000172992",0.349654546206572
"ENSG00000032742",0.349395539198963
"ENSG00000310351",0.349372249393503
"ENSG00000203387",0.349346251539827
"ENSG00000278759",0.349225572920006
"ENSG00000246596",0.349218594704299
"ENSG00000176248",0.349158125331936
"ENSG00000145014",0.349144623682024
"ENSG00000158423",0.349051761100573
"ENSG00000301256",0.34891719293781
"ENSG00000139746",0.348893469501584
"ENSG00000187486",0.348801693213104
"ENSG00000281601",0.348689218661215
"ENSG00000284912",0.348512896479092
"ENSG00000013725",0.348369202043168
"ENSG00000168807",0.348306077618153
"ENSG00000229253",0.348037124268924
"ENSG00000139437",0.347706907340879
"ENSG00000155158",0.347658548107121
"ENSG00000233208",0.347580654277771
"ENSG00000165816",0.34748779511648
"ENSG00000231993",0.347425576583387
"ENSG00000185112",0.347420340751207
"ENSG00000290792",0.347304569248179
"ENSG00000066422",0.347026967888842
"ENSG00000206262",0.346877598918596
"ENSG00000168374",0.34685273273757
"ENSG00000149212",0.346852246249758
"ENSG00000179335",0.346804500457385
"ENSG00000292286",0.346801324739074
"ENSG00000288764",0.346712840827024
"ENSG00000188295",0.346648888751097
"ENSG00000292063",0.346570272256106
"ENSG00000177426",0.346539402231482
"ENSG00000186487",0.346447824826332
"ENSG00000100441",0.346345241697899
"ENSG00000127220",0.34619146596629
"ENSG00000105438",0.346146161997203
"ENSG00000165633",0.346123235754459
"ENSG00000226887",0.345955874891932
"ENSG00000114315",0.345871750461852
"ENSG00000120156",0.345850632676897
"ENSG00000124120",0.345788276752361
"ENSG00000063322",0.345781889130714
"ENSG00000183778",0.345771032663641
"ENSG00000204120",0.34576464894403
"ENSG00000272449",0.34559886927492
"ENSG00000291129",0.345521827529846
"ENSG00000164615",0.345329744554517
"ENSG00000248458",0.34515344617268
"ENSG00000134321",0.345089830566554
"ENSG00000285693",0.345086920092623
"ENSG00000105497",0.345016849724891
"ENSG00000011638",0.344853430767783
"ENSG00000013523",0.344711315969295
"ENSG00000185864",0.344576347216695
"ENSG00000130669",0.344089680279299
"ENSG00000168298",0.344050459838961
"ENSG00000058262",0.344039710886406
"ENSG00000206344",0.344021298008414
"ENSG00000163933",0.343972632896313
"ENSG00000232827",0.343908965310159
"ENSG00000188629",0.34376543818078
"ENSG00000135482",0.34373508435614
"ENSG00000108819",0.343731905857781
"ENSG00000109133",0.34359779369589
"ENSG00000302611",0.343390203265688
"ENSG00000058056",0.343172762730312
"ENSG00000295213",0.342979021548577
"ENSG00000163491",0.342860323383389
"ENSG00000185019",0.342829563673829
"ENSG00000022840",0.342763905642488
"ENSG00000102890",0.342758838669035
"ENSG00000163577",0.342628930953685
"ENSG00000143390",0.342591429594673
"ENSG00000198455",0.342519825187322
"ENSG00000224608",0.342337980923104
"ENSG00000165175",0.342335778046
"ENSG00000245149",0.341961043176815
"ENSG00000289316",0.341918307930546
"ENSG00000117010",0.341872946331571
"ENSG00000293205",0.341796654180614
"ENSG00000173992",0.341186463469682
"ENSG00000166016",0.341093616232184
"ENSG00000259431",0.341064385830543
"ENSG00000198833",0.341036541628741
"ENSG00000105778",0.340980121336086
"ENSG00000123575",0.340770387459503
"ENSG00000103512",0.340583974115767
"ENSG00000178386",0.339995396071007
"ENSG00000277429",0.339874659702854
"ENSG00000244122",0.339686013916213
"ENSG00000285517",0.33965280536202
"ENSG00000110723",0.339519808754967
"ENSG00000243335",0.339519246273519
"ENSG00000160785",0.339494094374335
"ENSG00000130703",0.339466822061265
"ENSG00000188636",0.339452042339828
"ENSG00000305638",0.338921990165498
"ENSG00000139370",0.338803075409587
"ENSG00000117411",0.338717932635613
"ENSG00000276497",0.338363155663886
"ENSG00000291073",0.338286821265582
"ENSG00000010244",0.338275583759431
"ENSG00000185818",0.338137478759791
"ENSG00000160062",0.338034187644193
"ENSG00000175324",0.337933003594451
"ENSG00000236104",0.337847032294665
"ENSG00000132623",0.33774286271292
"ENSG00000213903",0.337622246803557
"ENSG00000110200",0.337491272151881
"ENSG00000099364",0.337391402713843
"ENSG00000301573",0.337330212581037
"ENSG00000182700",0.336775855065535
"ENSG00000176890",0.336556358722849
"ENSG00000285402",0.336500458421937
"ENSG00000127463",0.336377149391892
"ENSG00000163590",0.33620870936709
"ENSG00000148516",0.33599885487691
"ENSG00000158715",0.335940014978948
"ENSG00000103254",0.335628319643942
"ENSG00000116663",0.335417274033718
"ENSG00000132254",0.335141547160396
"ENSG00000270757",0.335076667194013
"ENSG00000072864",0.335063413608508
"ENSG00000112701",0.33495540780585
"ENSG00000237505",0.334941009351297
"ENSG00000137802",0.334746793221423
"ENSG00000169131",0.334334632478599
"ENSG00000085831",0.334141539975107
"ENSG00000250317",0.33382808516058
"ENSG00000229539",0.333774334353059
"ENSG00000168538",0.333769137031756
"ENSG00000185219",0.333564233250551
"ENSG00000107902",0.333534307632124
"ENSG00000289981",0.333509878922941
"ENSG00000156510",0.333446929892602
"ENSG00000115884",0.333100120737842
"ENSG00000144959",0.332995449039632
"ENSG00000162878",0.332792715228685
"ENSG00000143614",0.332686905999162
"ENSG00000293188",0.33214986795656
"ENSG00000227946",0.332148585204026
"ENSG00000165948",0.332096287148935
"ENSG00000268119",0.33185724205061
"ENSG00000198040",0.331775312748229
"ENSG00000246548",0.331478004426111
"ENSG00000113594",0.331289399282701
"ENSG00000279873",0.33127536917034
"ENSG00000232732",0.331181195816277
"ENSG00000254186",0.331165856777605
"ENSG00000224535",0.330884969167685
"ENSG00000285022",0.330703344126336
"ENSG00000198399",0.330088436164777
"ENSG00000084070",0.330035713449377
"ENSG00000285658",0.329944119614793
"ENSG00000262202",0.329726973387248
"ENSG00000005206",0.329654415786637
"ENSG00000274474",0.329366305888687
"ENSG00000137947",0.329218517560965
"ENSG00000170776",0.328987192039709
"ENSG00000223364",0.32878980709997
"ENSG00000185085",0.328562081851824
"ENSG00000225465",0.328514015484077
"ENSG00000012124",0.328433860420892
"ENSG00000013374",0.328413550642386
"ENSG00000302734",0.328307617561132
"ENSG00000204344",0.328234017023176
"ENSG00000152926",0.328227985848676
"ENSG00000155850",0.328161251881035
"ENSG00000178028",0.328112889445354
"ENSG00000236255",0.327979164647018
"ENSG00000137460",0.327784680671982
"ENSG00000203485",0.32778022870506
"ENSG00000111834",0.327778555100476
"ENSG00000180340",0.327585495675218
"ENSG00000128203",0.327342991877627
"ENSG00000227268",0.327212847217883
"ENSG00000141736",0.327163265608932
"ENSG00000105472",0.326789987620399
"ENSG00000248871",0.326691887723607
"ENSG00000285091",0.326601954371036
"ENSG00000299409",0.326601337082882
"ENSG00000105388",0.326492544091165
"ENSG00000130479",0.326435250501719
"ENSG00000124784",0.326360662762866
"ENSG00000261335",0.326319263819496
"ENSG00000156515",0.326208358566108
"ENSG00000165905",0.326148947876841
"ENSG00000169750",0.32597895035822
"ENSG00000196417",0.325873885566233
"ENSG00000167701",0.325837535976081
"ENSG00000153294",0.325423157333256
"ENSG00000114544",0.325028399694488
"ENSG00000119125",0.325018389998764
"ENSG00000236283",0.324981439533107
"ENSG00000153560",0.324980442811098
"ENSG00000249550",0.324939616239467
"ENSG00000279573",0.324857859806892
"ENSG00000307561",0.324668654983426
"ENSG00000280474",0.324586819049297
"ENSG00000228606",0.324436188500742
"ENSG00000113407",0.324433598071873
"ENSG00000139354",0.324296612419222
"ENSG00000182685",0.324255203998927
"ENSG00000110446",0.324095963090825
"ENSG00000256453",0.323981076812419
"ENSG00000169221",0.323768475865533
"ENSG00000134987",0.32372108875122
"ENSG00000236377",0.323675608472537
"ENSG00000279561",0.323534102228838
"ENSG00000204778",0.323407877064671
"ENSG00000260428",0.323130679605553
"ENSG00000132510",0.322992373783474
"ENSG00000165275",0.322882227548818
"ENSG00000184584",0.322124723186169
"ENSG00000145287",0.321996988876564
"ENSG00000167182",0.321659812390136
"ENSG00000162104",0.321641606204409
"ENSG00000145736",0.321517586199662
"ENSG00000035141",0.3214298105807
"ENSG00000107249",0.321328468953202
"ENSG00000170425",0.321271242366865
"ENSG00000148400",0.320926140377851
"ENSG00000293087",0.320830989284061
"ENSG00000139668",0.320641305483163
"ENSG00000100418",0.320495825515756
"ENSG00000145248",0.320376777259572
"ENSG00000288947",0.320243310725581
"ENSG00000117650",0.320231685220815
"ENSG00000261783",0.320121559542492
"ENSG00000307495",0.320051845103731
"ENSG00000129158",0.319943807789851
"ENSG00000287014",0.319295154437182
"ENSG00000287391",0.319104757521364
"ENSG00000086827",0.319031039348104
"ENSG00000287452",0.319001219602931
"ENSG00000149798",0.318983480711599
"ENSG00000273590",0.318944994857018
"ENSG00000133138",0.318779442606912
"ENSG00000105607",0.318390353585237
"ENSG00000100239",0.318375706691871
"ENSG00000185813",0.318252884011461
"ENSG00000181392",0.31817838384834
"ENSG00000253213",0.318117581931277
"ENSG00000185973",0.318092080458045
"ENSG00000176396",0.318043577497551
"ENSG00000221914",0.317960495718795
"ENSG00000136161",0.317855618464966
"ENSG00000280401",0.317838086501896
"ENSG00000164106",0.317621391640292
"ENSG00000148459",0.317612645230679
"ENSG00000245248",0.317539313455834
"ENSG00000296748",0.317528726798778
"ENSG00000225539",0.317141530843419
"ENSG00000197858",0.316695199928316
"ENSG00000099290",0.316684317924333
"ENSG00000010361",0.316632913025537
"ENSG00000133657",0.316601085244015
"ENSG00000146143",0.316319145799676
"ENSG00000125944",0.316291220008984
"ENSG00000215424",0.316126551519437
"ENSG00000136451",0.316108750727537
"ENSG00000228980",0.316007957487663
"ENSG00000141956",0.315901147006565
"ENSG00000133943",0.315668319031848
"ENSG00000168813",0.315632602558295
"ENSG00000113810",0.315549725401861
"ENSG00000125450",0.31540297985429
"ENSG00000293246",0.31511482559677
"ENSG00000167733",0.315059911668029
"ENSG00000240854",0.314829864873001
"ENSG00000122042",0.31460118833786
"ENSG00000132915",0.314596964478502
"ENSG00000197857",0.314577784661516
"ENSG00000291118",0.314434638747119
"ENSG00000092820",0.314434323174178
"ENSG00000177058",0.314398027782988
"ENSG00000104147",0.314293527378988
"ENSG00000186625",0.314126309583141
"ENSG00000302206",0.314121263848577
"ENSG00000261465",0.313908433766739
"ENSG00000144120",0.313582688484112
"ENSG00000185482",0.313456023782953
"ENSG00000139291",0.313211035494716
"ENSG00000099219",0.313044347487058
"ENSG00000177337",0.313019360707728
"ENSG00000140326",0.312967571779733
"ENSG00000279488",0.312924955256648
"ENSG00000293642",0.312885773203073
"ENSG00000131381",0.312570774059672
"ENSG00000173846",0.312546520656253
"ENSG00000143324",0.312545385874602
"ENSG00000149313",0.312406555684654
"ENSG00000101997",0.312402624705161
"ENSG00000242038",0.312364531585661
"ENSG00000274646",0.31216551888891
"ENSG00000290549",0.312141454334984
"ENSG00000198324",0.31182423621794
"ENSG00000134215",0.311633532008107
"ENSG00000173200",0.311468507149539
"ENSG00000010626",0.31144027883322
"ENSG00000085117",0.311342430320673
"ENSG00000011105",0.311341175097266
"ENSG00000198478",0.311095535380156
"ENSG00000132436",0.310906909948208
"ENSG00000227656",0.31076045068242
"ENSG00000005483",0.310544970751062
"ENSG00000158050",0.31024088411814
"ENSG00000126953",0.310130083803328
"ENSG00000133466",0.310113233503026
"ENSG00000152782",0.309598145912821
"ENSG00000198799",0.309316879315737
"ENSG00000234261",0.309006498450213
"ENSG00000120798",0.309002627671586
"ENSG00000204584",0.308960717175299
"ENSG00000166510",0.308910561139437
"ENSG00000144381",0.308669684357201
"ENSG00000112651",0.308617422262529
"ENSG00000155906",0.308328829515815
"ENSG00000180938",0.308236539908358
"ENSG00000233057",0.308184636224863
"ENSG00000276293",0.308119748923426
"ENSG00000128335",0.308041780778463
"ENSG00000198353",0.307907040344214
"ENSG00000233098",0.30778489034646
"ENSG00000109576",0.307715458539085
"ENSG00000233089",0.307653870912213
"ENSG00000280120",0.30738849478171
"ENSG00000143156",0.306990121764467
"ENSG00000293568",0.306956083689343
"ENSG00000130449",0.306919424841544
"ENSG00000033627",0.306872394671148
"ENSG00000259826",0.306851437128981
"ENSG00000203872",0.306773597157576
"ENSG00000230215",0.306750182417628
"ENSG00000214711",0.306643215273147
"ENSG00000101000",0.306529201938218
"ENSG00000076003",0.306407932052497
"ENSG00000232859",0.305978419554028
"ENSG00000118454",0.305930350198317
"ENSG00000136463",0.305539133431141
"ENSG00000293338",0.30548271066242
"ENSG00000172671",0.305449416246749
"ENSG00000170915",0.305313447600388
"ENSG00000262209",0.305223666723392
"ENSG00000105656",0.305114956658032
"ENSG00000127863",0.304858937995847
"ENSG00000165055",0.304738296982031
"ENSG00000263247",0.304717419773524
"ENSG00000067704",0.304716825596889
"ENSG00000031698",0.304568510969684
"ENSG00000281005",0.304480130539133
"ENSG00000275964",0.304467004496779
"ENSG00000197905",0.304351035326062
"ENSG00000119946",0.304058189083395
"ENSG00000250390",0.303850824501901
"ENSG00000025156",0.303646664458112
"ENSG00000132780",0.303610623050235
"ENSG00000166164",0.303573366508461
"ENSG00000109220",0.303247194574152
"ENSG00000267040",0.303230992998905
"ENSG00000165591",0.303066808671172
"ENSG00000164171",0.303065222962554
"ENSG00000151806",0.302980688135438
"ENSG00000295960",0.302906708842555
"ENSG00000144647",0.302829084963295
"ENSG00000073712",0.302783699590606
"ENSG00000232388",0.302603830531794
"ENSG00000198690",0.302505880498907
"ENSG00000273568",0.302430608432086
"ENSG00000196284",0.302338874556929
"ENSG00000196979",0.302144900531812
"ENSG00000151490",0.301994176986426
"ENSG00000178700",0.301991047738688
"ENSG00000180318",0.301990386091997
"ENSG00000213689",0.301974955274544
"ENSG00000168026",0.30188150939627
"ENSG00000250938",0.301873536261221
"ENSG00000307322",0.301828496228416
"ENSG00000103091",0.301660060656759
"ENSG00000177169",0.301626295488621
"ENSG00000164603",0.301354942092994
"ENSG00000135624",0.301325267993342
"ENSG00000166685",0.301238775376252
"ENSG00000143436",0.301173852560569
"ENSG00000131368",0.300531087252609
"ENSG00000100027",0.300178290180186
"ENSG00000156218",0.300080725201911
"ENSG00000308656",0.299992861507982
"ENSG00000188243",0.299817461084897
"ENSG00000308206",0.29978250303592
"ENSG00000023228",0.299744033362941
"ENSG00000157578",0.29954384418505
"ENSG00000103353",0.299344862277776
"ENSG00000138685",0.299155692265918
"ENSG00000156384",0.29911014921137
"ENSG00000175691",0.298862360177412
"ENSG00000293320",0.29881718798531
"ENSG00000294131",0.298790499682197
"ENSG00000257702",0.298769220045955
"ENSG00000107672",0.298523660840322
"ENSG00000144061",0.298148651755885
"ENSG00000075399",0.297666361017239
"ENSG00000283189",0.297635752418096
"ENSG00000135842",0.297618112595418
"ENSG00000284260",0.297583677453157
"ENSG00000235927",0.29748516582729
"ENSG00000286271",0.297251426154844
"ENSG00000198554",0.297219136025613
"ENSG00000284657",0.297141517415289
"ENSG00000278516",0.297074187243641
"ENSG00000250571",0.296900505537706
"ENSG00000092140",0.29672462839225
"ENSG00000166592",0.296346597349581
"ENSG00000115875",0.296327773489641
"ENSG00000120370",0.29613745262497
"ENSG00000277936",0.295886984730483
"ENSG00000205578",0.295770650225144
"ENSG00000160685",0.295767373989844
"ENSG00000273230",0.295620560497963
"ENSG00000172318",0.295586993126308
"ENSG00000279648",0.295561705199015
"ENSG00000182307",0.29550914230487
"ENSG00000164329",0.295422562094264
"ENSG00000158164",0.295277748634322
"ENSG00000225506",0.295241832774189
"ENSG00000148396",0.295203566929343
"ENSG00000083099",0.294925714942626
"ENSG00000293477",0.29488582296134
"ENSG00000178397",0.294757420184523
"ENSG00000153406",0.294632784410992
"ENSG00000177595",0.294551459915735
"ENSG00000049283",0.294529416513298
"ENSG00000240476",0.29445919686606
"ENSG00000277292",0.294257836947194
"ENSG00000145439",0.294052684469726
"ENSG00000167925",0.294013671061663
"ENSG00000183137",0.293921318507425
"ENSG00000198742",0.293869144940862
"ENSG00000198752",0.293699826459096
"ENSG00000158555",0.293425107886564
"ENSG00000136840",0.293202247811255
"ENSG00000258099",0.293156856952538
"ENSG00000244675",0.293151436453813
"ENSG00000130313",0.29312767540886
"ENSG00000136040",0.292848668991751
"ENSG00000290960",0.29279376996758
"ENSG00000162585",0.29279339539463
"ENSG00000144580",0.292624117849745
"ENSG00000247950",0.292572281701571
"ENSG00000290995",0.292402814364016
"ENSG00000185753",0.292250009800081
"ENSG00000170153",0.292142098925783
"ENSG00000170638",0.29213380280891
"ENSG00000261659",0.292015570726
"ENSG00000282733",0.292010834755889
"ENSG00000213020",0.291995275698384
"ENSG00000223478",0.291993300554039
"ENSG00000249992",0.291968452782454
"ENSG00000249348",0.291919668197631
"ENSG00000175928",0.291429804289524
"ENSG00000172466",0.291394759154473
"ENSG00000167384",0.291264061294374
"ENSG00000122515",0.291209927542047
"ENSG00000196943",0.291022054360599
"ENSG00000004897",0.290978493039134
"ENSG00000232648",0.290963207015645
"ENSG00000118096",0.290945412524003
"ENSG00000250343",0.290780157448254
"ENSG00000262919",0.290742651627687
"ENSG00000178381",0.290686255478481
"ENSG00000233822",0.290680752861304
"ENSG00000272690",0.290598796371226
"ENSG00000104518",0.290588151183888
"ENSG00000103707",0.29053818137805
"ENSG00000177054",0.290375443757764
"ENSG00000293025",0.290317774311976
"ENSG00000167103",0.290155244688544
"ENSG00000186432",0.289787572960479
"ENSG00000253978",0.28970198146878
"ENSG00000153339",0.289552421182462
"ENSG00000131016",0.289007698911317
"ENSG00000171928",0.288803507278849
"ENSG00000203791",0.28866953744345
"ENSG00000188015",0.288628220821513
"ENSG00000100596",0.288485773530547
"ENSG00000280434",0.28822550314669
"ENSG00000196839",0.288164793480781
"ENSG00000183682",0.28807365474208
"ENSG00000162851",0.288020569469548
"ENSG00000227066",0.287738792217386
"ENSG00000152382",0.287613186159019
"ENSG00000144283",0.287224922821905
"ENSG00000163898",0.287200774880701
"ENSG00000169016",0.287153834833464
"ENSG00000291112",0.287105109273318
"ENSG00000129675",0.287015373273975
"ENSG00000163950",0.287013764324077
"ENSG00000198730",0.28650572070378
"ENSG00000297753",0.28648658208749
"ENSG00000136643",0.28592838581686
"ENSG00000178149",0.285792080970464
"ENSG00000280067",0.285768169257004
"ENSG00000125871",0.285531501295439
"ENSG00000018189",0.285391255311871
"ENSG00000285667",0.285391213955185
"ENSG00000156298",0.285213201216541
"ENSG00000269044",0.285152212480784
"ENSG00000273314",0.285108907804138
"ENSG00000257391",0.28494370453762
"ENSG00000233705",0.284883971439981
"ENSG00000186654",0.284822078280754
"ENSG00000119321",0.284805056954326
"ENSG00000112282",0.284802160160876
"ENSG00000100266",0.284773968376464
"ENSG00000166833",0.284740733717877
"ENSG00000143702",0.284674547046289
"ENSG00000261051",0.284660827689508
"ENSG00000131374",0.284318211109308
"ENSG00000165118",0.284108739604765
"ENSG00000038358",0.283896342855466
"ENSG00000165806",0.283873940020657
"ENSG00000213411",0.28382088576475
"ENSG00000289858",0.283691394296852
"ENSG00000259205",0.283601898405618
"ENSG00000144228",0.283320297013169
"ENSG00000179743",0.283199480370806
"ENSG00000198908",0.282908167310671
"ENSG00000247708",0.282850845972015
"ENSG00000113583",0.282844024083123
"ENSG00000185483",0.282823253135951
"ENSG00000253106",0.282738096122934
"ENSG00000214860",0.282710183828916
"ENSG00000240344",0.282644602677943
"ENSG00000080493",0.282241668353131
"ENSG00000162396",0.282238219165958
"ENSG00000255052",0.281758773300308
"ENSG00000054965",0.281664084543154
"ENSG00000275880",0.281545971002701
"ENSG00000167034",0.281449819599336
"ENSG00000072071",0.281350368786255
"ENSG00000101115",0.281314740564756
"ENSG00000100426",0.280797657987042
"ENSG00000298227",0.280781089216149
"ENSG00000234664",0.280740320222808
"ENSG00000286833",0.28068128838193
"ENSG00000281123",0.280622397816012
"ENSG00000198538",0.280491954055256
"ENSG00000163312",0.280412836219606
"ENSG00000174516",0.280388982936299
"ENSG00000104356",0.280369933042118
"ENSG00000126705",0.280294456071946
"ENSG00000157388",0.28012877920626
"ENSG00000079263",0.279960878788854
"ENSG00000254990",0.279573018958855
"ENSG00000181192",0.279516941817119
"ENSG00000172269",0.279128075076224
"ENSG00000169105",0.279118978997386
"ENSG00000289444",0.279118804721282
"ENSG00000198589",0.278893104521037
"ENSG00000197208",0.278807794086778
"ENSG00000162714",0.278734558077595
"ENSG00000262049",0.278337751606004
"ENSG00000238755",0.278330171683538
"ENSG00000146038",0.27832575602338
"ENSG00000130640",0.278182912585452
"ENSG00000293686",0.278073227865742
"ENSG00000290925",0.278002243605338
"ENSG00000025039",0.277944286628758
"ENSG00000248098",0.277915461686001
"ENSG00000127954",0.277904652565256
"ENSG00000287542",0.277852305833317
"ENSG00000127946",0.277794211062036
"ENSG00000242259",0.277623800012177
"ENSG00000154978",0.277309024038296
"ENSG00000054611",0.277259632164238
"ENSG00000263884",0.277232599607995
"ENSG00000169047",0.277040709017334
"ENSG00000244165",0.276794159213614
"ENSG00000112144",0.276789851060399
"ENSG00000006432",0.276788096094177
"ENSG00000232533",0.276597330304381
"ENSG00000214954",0.276296500428027
"ENSG00000128791",0.276219195576661
"ENSG00000177694",0.276216527326478
"ENSG00000159110",0.276103256269371
"ENSG00000198728",0.276040120459132
"ENSG00000235695",0.275782698733861
"ENSG00000173258",0.275657826010702
"ENSG00000155959",0.275535714800453
"ENSG00000235726",0.275504719488717
"ENSG00000095321",0.275485620886517
"ENSG00000184271",0.275433845240443
"ENSG00000138459",0.275024264006652
"ENSG00000187961",0.274755024198718
"ENSG00000186814",0.274683877528908
"ENSG00000176912",0.274568038081186
"ENSG00000157978",0.274382045316384
"ENSG00000081386",0.274236103938677
"ENSG00000262879",0.273818049798573
"ENSG00000196388",0.273802416980655
"ENSG00000168301",0.27372408456273
"ENSG00000115526",0.273706435277914
"ENSG00000306126",0.273662692958258
"ENSG00000197706",0.273418672044896
"ENSG00000298907",0.273310690341428
"ENSG00000196504",0.273223930895736
"ENSG00000265692",0.273045550767438
"ENSG00000175544",0.273041426790148
"ENSG00000164989",0.273005176918696
"ENSG00000293091",0.272924977932475
"ENSG00000272655",0.272918312812746
"ENSG00000127580",0.272775783694633
"ENSG00000172382",0.272635088153145
"ENSG00000111799",0.272614306089781
"ENSG00000256464",0.272536312973497
"ENSG00000258768",0.272434846538465
"ENSG00000298852",0.27242149089695
"ENSG00000170522",0.272262811334589
"ENSG00000258568",0.272079896171535
"ENSG00000103260",0.27172140476217
"ENSG00000144792",0.27169143577008
"ENSG00000140367",0.271570005917885
"ENSG00000109787",0.271568577381898
"ENSG00000146416",0.271484536621111
"ENSG00000265178",0.271320188459641
"ENSG00000257354",0.271215077300807
"ENSG00000137364",0.271177985546678
"ENSG00000143162",0.271148776998386
"ENSG00000144043",0.271017222622185
"ENSG00000206561",0.27093479495124
"ENSG00000163798",0.270789377089805
"ENSG00000006576",0.270600597405476
"ENSG00000184995",0.270551407875291
"ENSG00000142252",0.270349897596117
"ENSG00000132561",0.270285195471294
"ENSG00000160336",0.270230996805203
"ENSG00000196260",0.270069257524316
"ENSG00000259802",0.269894743510016
"ENSG00000288472",0.269748943360038
"ENSG00000106246",0.269566882531775
"ENSG00000309855",0.269533071456916
"ENSG00000117155",0.269439060065624
"ENSG00000119899",0.26929729497652
"ENSG00000164010",0.269151843698831
"ENSG00000291283",0.269134666471816
"ENSG00000297734",0.269056101759932
"ENSG00000294008",0.268929423948166
"ENSG00000273253",0.268687177558663
"ENSG00000289520",0.268529995905211
"ENSG00000176148",0.268452271533252
"ENSG00000106829",0.268337959869217
"ENSG00000177465",0.268231853878166
"ENSG00000287825",0.268221692284494
"ENSG00000181924",0.268182044280542
"ENSG00000306752",0.26801607594038
"ENSG00000291126",0.267651916020473
"ENSG00000242156",0.267626782219462
"ENSG00000120925",0.267575578196779
"ENSG00000302846",0.2675354709793
"ENSG00000198948",0.267366904111227
"ENSG00000273345",0.267354756868186
"ENSG00000130309",0.267214544159962
"ENSG00000135324",0.266906886114914
"ENSG00000182013",0.266901583460212
"ENSG00000215421",0.266751702114124
"ENSG00000014914",0.266692539394347
"ENSG00000111737",0.266439655782655
"ENSG00000232229",0.266336134747977
"ENSG00000278916",0.266313271486721
"ENSG00000011451",0.266194322589563
"ENSG00000158406",0.266191870026954
"ENSG00000172613",0.266111165562868
"ENSG00000260572",0.266070436020845
"ENSG00000132589",0.265823522418972
"ENSG00000186141",0.265766051062538
"ENSG00000300379",0.265575273610883
"ENSG00000135617",0.265358076310417
"ENSG00000251022",0.265034827164242
"ENSG00000169203",0.265006359520345
"ENSG00000273003",0.264949810188938
"ENSG00000226007",0.264946489710517
"ENSG00000105821",0.264856178184071
"ENSG00000175216",0.264814285045868
"ENSG00000227214",0.264695456041144
"ENSG00000281571",0.264589716152724
"ENSG00000196689",0.264529242561313
"ENSG00000258964",0.264254428793092
"ENSG00000123485",0.263979999571238
"ENSG00000289426",0.263752148865969
"ENSG00000164087",0.263730335205697
"ENSG00000286557",0.263656989027633
"ENSG00000106333",0.263469137179428
"ENSG00000101413",0.263142058308844
"ENSG00000135829",0.262992434298599
"ENSG00000132698",0.262817677888969
"ENSG00000178935",0.262616394868948
"ENSG00000066027",0.262469303152427
"ENSG00000157992",0.262410773947513
"ENSG00000260400",0.262319230673613
"ENSG00000125703",0.262054597770818
"ENSG00000184307",0.262023016937805
"ENSG00000088970",0.261997107975279
"ENSG00000166582",0.261943715494055
"ENSG00000233849",0.261821068034783
"ENSG00000183576",0.261397054942442
"ENSG00000240990",0.261061296898399
"ENSG00000197479",0.261007924346753
"ENSG00000245648",0.260989678282365
"ENSG00000229236",0.260828726455113
"ENSG00000259332",0.260723130165578
"ENSG00000169218",0.26066623877134
"ENSG00000286689",0.260519991895791
"ENSG00000196591",0.260441850584038
"ENSG00000286341",0.260366454234333
"ENSG00000267432",0.260285592456969
"ENSG00000278828",0.260274051801109
"ENSG00000112245",0.260249871002247
"ENSG00000299549",0.260144864577954
"ENSG00000286789",0.260033641663998
"ENSG00000225791",0.26002893802987
"ENSG00000273828",0.259970276771704
"ENSG00000179387",0.259899977383314
"ENSG00000291431",0.259878553584724
"ENSG00000093100",0.259739356543951
"ENSG00000250722",0.259681622556241
"ENSG00000213599",0.259669655506661
"ENSG00000177494",0.259650267213863
"ENSG00000121057",0.259456315358935
"ENSG00000091640",0.259430858926591
"ENSG00000060491",0.25913741270581
"ENSG00000260265",0.259102207824287
"ENSG00000157077",0.259035494290996
"ENSG00000057657",0.258993622247831
"ENSG00000065325",0.258873186249996
"ENSG00000248527",0.258703433287824
"ENSG00000272620",0.258498589940476
"ENSG00000187391",0.258498393159809
"ENSG00000184860",0.258474146577204
"ENSG00000119042",0.258328395356186
"ENSG00000289378",0.25763335850755
"ENSG00000121690",0.257585572956065
"ENSG00000137145",0.257205359967126
"ENSG00000115616",0.256964084808174
"ENSG00000117298",0.256940748880194
"ENSG00000134030",0.256907815325252
"ENSG00000166435",0.256630854184392
"ENSG00000147676",0.256573028384324
"ENSG00000272734",0.256399318154286
"ENSG00000303425",0.255967223815101
"ENSG00000119915",0.255884129557745
"ENSG00000251417",0.25579741985641
"ENSG00000226659",0.255432489194523
"ENSG00000035499",0.255354218176804
"ENSG00000164116",0.25529921465116
"ENSG00000137563",0.254998243180088
"ENSG00000160691",0.254779162129194
"ENSG00000157184",0.254761761553657
"ENSG00000150403",0.254721086463573
"ENSG00000257607",0.25456242185515
"ENSG00000010539",0.254558721580607
"ENSG00000236833",0.254461336434914
"ENSG00000267079",0.254457012209263
"ENSG00000128045",0.254300701913251
"ENSG00000144867",0.254194274893262
"ENSG00000131174",0.254038907263067
"ENSG00000155287",0.254003139739155
"ENSG00000236682",0.25383445263994
"ENSG00000287853",0.253770333663262
"ENSG00000181704",0.25370235679915
"ENSG00000084764",0.25365865597411
"ENSG00000182310",0.253614680452793
"ENSG00000168917",0.253533664452958
"ENSG00000261338",0.253481513764518
"ENSG00000159228",0.253265639171474
"ENSG00000135763",0.253193044257889
"ENSG00000215115",0.253190019533553
"ENSG00000279175",0.253060839043165
"ENSG00000228628",0.253012814648673
"ENSG00000306450",0.252992476229771
"ENSG00000100003",0.252943722796022
"ENSG00000063587",0.252857735840484
"ENSG00000279108",0.25285634260078
"ENSG00000267082",0.252853747609588
"ENSG00000308067",0.252847096656066
"ENSG00000078399",0.252756392090956
"ENSG00000225793",0.25253207480988
"ENSG00000302602",0.252422443098364
"ENSG00000115361",0.252318481609121
"ENSG00000134490",0.252257736966354
"ENSG00000204516",0.25210939177379
"ENSG00000240291",0.252049476602297
"ENSG00000291043",0.252030991865499
"ENSG00000197601",0.252010528758126
"ENSG00000121236",0.25174468826223
"ENSG00000251046",0.251673499874322
"ENSG00000164713",0.251659959365021
"ENSG00000159176",0.251550948838301
"ENSG00000280010",0.251535909087515
"ENSG00000181007",0.251339109940294
"ENSG00000116962",0.251338719272834
"ENSG00000151967",0.251293174675257
"ENSG00000157214",0.251271857768319
"ENSG00000149483",0.251215210404116
"ENSG00000143374",0.25115877089728
"ENSG00000177201",0.251157545141892
"ENSG00000149639",0.250938755556833
"ENSG00000147036",0.250895340816542
"ENSG00000183154",0.250714440849942
"ENSG00000126460",0.250688568114379
"ENSG00000181026",0.250684615376232
"ENSG00000257411",0.250556252262306
"ENSG00000183735",0.250213696125654
"ENSG00000275903",0.250210943092893
"ENSG00000006453",0.250181111128949
"ENSG00000236869",0.250135117726704
"ENSG00000285410",0.250055550969675
"ENSG00000089639",0.249916979699702
"ENSG00000289956",0.249707409803183
"ENSG00000113812",0.24959663858664
"ENSG00000309655",0.249594226754092
"ENSG00000085185",0.249199054775553
"ENSG00000279801",0.249156868280626
"ENSG00000309190",0.249108240005465
"ENSG00000249087",0.249032194291243
"ENSG00000143155",0.248874942792419
"ENSG00000279092",0.248863750775564
"ENSG00000273142",0.248825243104562
"ENSG00000132357",0.248537539291163
"ENSG00000143178",0.248463174735094
"ENSG00000115271",0.248030634400373
"ENSG00000163002",0.247771450983128
"ENSG00000138760",0.247477986078929
"ENSG00000174306",0.246931266221804
"ENSG00000083097",0.246921973310078
"ENSG00000230648",0.245948306846306
"ENSG00000260288",0.245904367225342
"ENSG00000001167",0.245817108419659
"ENSG00000170340",0.245664340003931
"ENSG00000196387",0.245552068569625
"ENSG00000154079",0.245343174646498
"ENSG00000168710",0.245196585997901
"ENSG00000230071",0.245178532689573
"ENSG00000163930",0.245152000691345
"ENSG00000164438",0.245145800506353
"ENSG00000114948",0.245078699244702
"ENSG00000006638",0.245061408929248
"ENSG00000153233",0.244826278977806
"ENSG00000148308",0.244731677465066
"ENSG00000156804",0.244712126583754
"ENSG00000154277",0.244448143130917
"ENSG00000292086",0.24433425957873
"ENSG00000152192",0.244312004301891
"ENSG00000077150",0.244112416046667
"ENSG00000171612",0.244025096506271
"ENSG00000285048",0.243988217383503
"ENSG00000226754",0.243927142484046
"ENSG00000180488",0.243805770961229
"ENSG00000172197",0.243797353914551
"ENSG00000122861",0.243711791475129
"ENSG00000005882",0.243671260843439
"ENSG00000078114",0.243662926861264
"ENSG00000272084",0.243585462237425
"ENSG00000296964",0.243457162256868
"ENSG00000224259",0.243353982222016
"ENSG00000174282",0.24328147430278
"ENSG00000283321",0.243204417206961
"ENSG00000187257",0.243125485853964
"ENSG00000127324",0.243087688788444
"ENSG00000125868",0.243004049171462
"ENSG00000306202",0.242939464309572
"ENSG00000225953",0.242817357276526
"ENSG00000120322",0.24280617855652
"ENSG00000092531",0.242801812629523
"ENSG00000223599",0.242613650297849
"ENSG00000227896",0.242584909511654
"ENSG00000243566",0.242542443592993
"ENSG00000278996",0.242529518092609
"ENSG00000250159",0.242373668235307
"ENSG00000260751",0.242213682121313
"ENSG00000287917",0.242173939194145
"ENSG00000164040",0.242090917021119
"ENSG00000277753",0.242084138399866
"ENSG00000286112",0.242039354982499
"ENSG00000279329",0.24190904628193
"ENSG00000248672",0.241877586858014
"ENSG00000108669",0.241850639764074
"ENSG00000106683",0.241801774907536
"ENSG00000174628",0.2417784809892
"ENSG00000181873",0.241406120738206
"ENSG00000011260",0.241335156337452
"ENSG00000179134",0.241203231737267
"ENSG00000242852",0.241078898821593
"ENSG00000291203",0.241075610467881
"ENSG00000165025",0.241033420230283
"ENSG00000182870",0.240927519367918
"ENSG00000230555",0.240847478240956
"ENSG00000294687",0.240827656458218
"ENSG00000205795",0.240802246321605
"ENSG00000226465",0.240801814929275
"ENSG00000122705",0.240747348577086
"ENSG00000130766",0.240595955093245
"ENSG00000187398",0.240547237576695
"ENSG00000161958",0.240429525173468
"ENSG00000175906",0.24029011786501
"ENSG00000105186",0.240256013508026
"ENSG00000130826",0.240148946877896
"ENSG00000237037",0.239599963394251
"ENSG00000288924",0.239542844499239
"ENSG00000269556",0.239311178752378
"ENSG00000150672",0.239155850754122
"ENSG00000109079",0.239151683693106
"ENSG00000143369",0.238900718980926
"ENSG00000235508",0.238793307357434
"ENSG00000078747",0.238735261775253
"ENSG00000255642",0.238723071318831
"ENSG00000174197",0.23851113999165
"ENSG00000226833",0.238350068795966
"ENSG00000292994",0.238318473919665
"ENSG00000180834",0.23823498525885
"ENSG00000278730",0.238230080016549
"ENSG00000224905",0.238226990029262
"ENSG00000054598",0.238140695808108
"ENSG00000167291",0.238071793041824
"ENSG00000250903",0.237985020335851
"ENSG00000159714",0.237983166206204
"ENSG00000268403",0.237964591298464
"ENSG00000151849",0.237762473638669
"ENSG00000131943",0.237745347601328
"ENSG00000204316",0.237718375611935
"ENSG00000263528",0.237670843454054
"ENSG00000247572",0.237587553223074
"ENSG00000140403",0.237532552283179
"ENSG00000300621",0.237500369327539
"ENSG00000091947",0.237417545458965
"ENSG00000183208",0.237166852806795
"ENSG00000090989",0.236939545870882
"ENSG00000290876",0.236809869724696
"ENSG00000106524",0.236780474553714
"ENSG00000299829",0.236636384265015
"ENSG00000198924",0.236609612629889
"ENSG00000132305",0.236440208925225
"ENSG00000110455",0.236403111008607
"ENSG00000213693",0.236375741445313
"ENSG00000161653",0.236240130970772
"ENSG00000106105",0.236134624497989
"ENSG00000116990",0.236112314465227
"ENSG00000129472",0.235389919296604
"ENSG00000272129",0.235271005837517
"ENSG00000274979",0.235269555440797
"ENSG00000161542",0.235092415288742
"ENSG00000204221",0.234825168030883
"ENSG00000267750",0.234809627998708
"ENSG00000138346",0.234768411376357
"ENSG00000078687",0.234648853997321
"ENSG00000198892",0.234460030135243
"ENSG00000177485",0.234098506755458
"ENSG00000245293",0.234084323694552
"ENSG00000274073",0.233917238406583
"ENSG00000260853",0.233885908055463
"ENSG00000169752",0.233880881331673
"ENSG00000257599",0.233785486988565
"ENSG00000070614",0.233693805998203
"ENSG00000196757",0.233599061920054
"ENSG00000147155",0.233439335369307
"ENSG00000155189",0.233338251968973
"ENSG00000146054",0.233178873525111
"ENSG00000246763",0.232985212783118
"ENSG00000180596",0.232955438249866
"ENSG00000301761",0.232794759052485
"ENSG00000101098",0.232726035749572
"ENSG00000227534",0.23261368682499
"ENSG00000196263",0.232546263496802
"ENSG00000198964",0.232398213644994
"ENSG00000175344",0.232262254002726
"ENSG00000156928",0.232241798425541
"ENSG00000072195",0.232160103532824
"ENSG00000196735",0.232111608643896
"ENSG00000165516",0.232042111159751
"ENSG00000035687",0.231772725358321
"ENSG00000276449",0.231411051678176
"ENSG00000270460",0.231393879364974
"ENSG00000169592",0.231277813957001
"ENSG00000288109",0.231250082055351
"ENSG00000111540",0.231245266368153
"ENSG00000163214",0.231151996465519
"ENSG00000279962",0.231140402950278
"ENSG00000232586",0.231089902564003
"ENSG00000106351",0.230966983591268
"ENSG00000179178",0.230790101477106
"ENSG00000073111",0.23052517801796
"ENSG00000063176",0.230405153392594
"ENSG00000082269",0.230364629710647
"ENSG00000197579",0.230293755696329
"ENSG00000051596",0.229992350401324
"ENSG00000304964",0.229944061511046
"ENSG00000196378",0.229777788273811
"ENSG00000110172",0.229511054408469
"ENSG00000105856",0.229385346230505
"ENSG00000267681",0.229253094077859
"ENSG00000241359",0.229158879015571
"ENSG00000163666",0.229055848695233
"ENSG00000179698",0.229049927908552
"ENSG00000160741",0.228941250857955
"ENSG00000104427",0.228860981606216
"ENSG00000267659",0.228784112610369
"ENSG00000236287",0.2285344169912
"ENSG00000109255",0.228506252182098
"ENSG00000065457",0.228481565852411
"ENSG00000165458",0.228426128298004
"ENSG00000267309",0.22832931745612
"ENSG00000287611",0.228256252284402
"ENSG00000275719",0.228122242618578
"ENSG00000257621",0.227931452755338
"ENSG00000142686",0.227930401661727
"ENSG00000188738",0.227876823399862
"ENSG00000187049",0.227616817258143
"ENSG00000142655",0.227603086198567
"ENSG00000235316",0.227464169504468
"ENSG00000205213",0.22737482659347
"ENSG00000125458",0.227335551474092
"ENSG00000232804",0.227101448632181
"ENSG00000234997",0.227092013058428
"ENSG00000109171",0.226772593328343
"ENSG00000229109",0.226677567613756
"ENSG00000143921",0.226675371995792
"ENSG00000100036",0.226596765256024
"ENSG00000161798",0.226502972476423
"ENSG00000198018",0.226409943465097
"ENSG00000163902",0.226249287739495
"ENSG00000134954",0.226147544340829
"ENSG00000168876",0.225843517487958
"ENSG00000149260",0.225764949668442
"ENSG00000286681",0.225756742759866
"ENSG00000137310",0.225701105238262
"ENSG00000196782",0.225687789980192
"ENSG00000100139",0.225514131576482
"ENSG00000183963",0.225332314210328
"ENSG00000116062",0.225311479073155
"ENSG00000182934",0.225207360978492
"ENSG00000117595",0.225118562341222
"ENSG00000100258",0.224993158175614
"ENSG00000130193",0.224974336666064
"ENSG00000136504",0.224949967470338
"ENSG00000142794",0.224938940447124
"ENSG00000174951",0.224872658350598
"ENSG00000286728",0.224869958519138
"ENSG00000226531",0.2247801926713
"ENSG00000088812",0.224704159676528
"ENSG00000168811",0.224536402026111
"ENSG00000289707",0.224386504155319
"ENSG00000132313",0.224357714339833
"ENSG00000122870",0.224261139997089
"ENSG00000289440",0.223897151733457
"ENSG00000135317",0.22389434546942
"ENSG00000170485",0.223883282946329
"ENSG00000106603",0.223747016162042
"ENSG00000107362",0.223334028075068
"ENSG00000131153",0.222726003473659
"ENSG00000168237",0.222506933601797
"ENSG00000204388",0.222474288176183
"ENSG00000100883",0.222327184445485
"ENSG00000291442",0.222314267407789
"ENSG00000155846",0.222254203664334
"ENSG00000137478",0.22205897746253
"ENSG00000061794",0.221719355574415
"ENSG00000302127",0.221602181875556
"ENSG00000106003",0.221387201704114
"ENSG00000169180",0.221260505066819
"ENSG00000170322",0.221259166719831
"ENSG00000176105",0.221140364949819
"ENSG00000135114",0.221010027556199
"ENSG00000162757",0.220681705922022
"ENSG00000135338",0.220574739347442
"ENSG00000309173",0.22056526958897
"ENSG00000170456",0.220542421167559
"ENSG00000119048",0.220426902061546
"ENSG00000087494",0.220345842830111
"ENSG00000260219",0.220328214791482
"ENSG00000139629",0.220277821367914
"ENSG00000254470",0.220035469721328
"ENSG00000103044",0.219914025421346
"ENSG00000149150",0.219802367052739
"ENSG00000196136",0.21974292680102
"ENSG00000289731",0.219629053329944
"ENSG00000180182",0.219315792617892
"ENSG00000112851",0.21925328443385
"ENSG00000145949",0.21922033432132
"ENSG00000167264",0.219186610882087
"ENSG00000149196",0.219150676388019
"ENSG00000058272",0.219122996235535
"ENSG00000114656",0.219060816762483
"ENSG00000164744",0.218909436850586
"ENSG00000104231",0.218838211096635
"ENSG00000296870",0.218833645514528
"ENSG00000288743",0.218824665917683
"ENSG00000019186",0.218711732543991
"ENSG00000257815",0.218693675594233
"ENSG00000152291",0.218683844345467
"ENSG00000115488",0.21792888781881
"ENSG00000272631",0.217664443205644
"ENSG00000145386",0.21763454339137
"ENSG00000136986",0.21757352589475
"ENSG00000169245",0.217342332438248
"ENSG00000255182",0.217281869175907
"ENSG00000018869",0.217067930300572
"ENSG00000245904",0.216983244951987
"ENSG00000196199",0.216942358838093
"ENSG00000302739",0.21688875472581
"ENSG00000242759",0.216667844521468
"ENSG00000273080",0.216590144242535
"ENSG00000064545",0.21658772672646
"ENSG00000233203",0.216550255958839
"ENSG00000228072",0.216522625340757
"ENSG00000143740",0.216346596474093
"ENSG00000275947",0.216193715729308
"ENSG00000136048",0.216002742482616
"ENSG00000213799",0.215928315913426
"ENSG00000087077",0.215649614113367
"ENSG00000166337",0.215604832880678
"ENSG00000170558",0.215448000832877
"ENSG00000101306",0.215391944136578
"ENSG00000233672",0.215007648929752
"ENSG00000099995",0.21497696684455
"ENSG00000228623",0.214720328144072
"ENSG00000115267",0.214504838475482
"ENSG00000075651",0.214488982452332
"ENSG00000132840",0.214443482847778
"ENSG00000167916",0.21413811959611
"ENSG00000064687",0.214102010478955
"ENSG00000233911",0.214086057358126
"ENSG00000132424",0.213903902781699
"ENSG00000276131",0.213876782992967
"ENSG00000273847",0.21384817790525
"ENSG00000167645",0.213759410982816
"ENSG00000228998",0.213677990432148
"ENSG00000164949",0.213662589987565
"ENSG00000083544",0.213518290725412
"ENSG00000122707",0.213340700882276
"ENSG00000053371",0.213266709571273
"ENSG00000124228",0.213096576017982
"ENSG00000182263",0.212879128530034
"ENSG00000212866",0.212851814692371
"ENSG00000229344",0.212623596064151
"ENSG00000089063",0.212616637812428
"ENSG00000116985",0.212588414538262
"ENSG00000293265",0.212574799742108
"ENSG00000237950",0.212541121715388
"ENSG00000185875",0.212352026892364
"ENSG00000079689",0.212239262193739
"ENSG00000158711",0.212071461381407
"ENSG00000170417",0.211976281669457
"ENSG00000231683",0.211946463417472
"ENSG00000115255",0.211650723519358
"ENSG00000261342",0.211594792406237
"ENSG00000109929",0.211580870554382
"ENSG00000198673",0.211554604981269
"ENSG00000129757",0.21133489758374
"ENSG00000083817",0.211322395962071
"ENSG00000128833",0.211240330939306
"ENSG00000115042",0.211236741314345
"ENSG00000128272",0.211176703002024
"ENSG00000008405",0.21115993928978
"ENSG00000264812",0.210904880002222
"ENSG00000154310",0.210872699879718
"ENSG00000286548",0.210687407672041
"ENSG00000185946",0.210432313411148
"ENSG00000233117",0.210328878976326
"ENSG00000174529",0.210280438680261
"ENSG00000255737",0.210211754978868
"ENSG00000224032",0.210159573901577
"ENSG00000213782",0.210075505179502
"ENSG00000183060",0.209926637057936
"ENSG00000285397",0.209639367226796
"ENSG00000277027",0.209561085047851
"ENSG00000164841",0.209506821795733
"ENSG00000124198",0.209454419569149
"ENSG00000180537",0.20944303505435
"ENSG00000256894",0.209441807178161
"ENSG00000118689",0.209301949086968
"ENSG00000274825",0.20916558193946
"ENSG00000128254",0.20908656400003
"ENSG00000169519",0.209005913321413
"ENSG00000142279",0.208997797360727
"ENSG00000174547",0.208958370218953
"ENSG00000188763",0.208749398934768
"ENSG00000164265",0.208716376671361
"ENSG00000289207",0.208703787911911
"ENSG00000253427",0.208555895920128
"ENSG00000155760",0.208481037884977
"ENSG00000131747",0.208406980325977
"ENSG00000103355",0.20840553887453
"ENSG00000226173",0.208256399388248
"ENSG00000164074",0.208107417003829
"ENSG00000228875",0.208038680657534
"ENSG00000289915",0.207929998020202
"ENSG00000110375",0.207914091353158
"ENSG00000234752",0.207659073123441
"ENSG00000108651",0.207608973152991
"ENSG00000225177",0.207593158417381
"ENSG00000168661",0.207509381169507
"ENSG00000115828",0.207490509730596
"ENSG00000143353",0.207403528583707
"ENSG00000274964",0.207294738088132
"ENSG00000280486",0.207132291671886
"ENSG00000297408",0.207082776064887
"ENSG00000012983",0.206967983047694
"ENSG00000261367",0.206818714911311
"ENSG00000197535",0.206797326818467
"ENSG00000189157",0.206733019572825
"ENSG00000134882",0.206405820324203
"ENSG00000137166",0.206308733201954
"ENSG00000165272",0.206129996517109
"ENSG00000105983",0.206120725061385
"ENSG00000100605",0.206078057864148
"ENSG00000130985",0.206048830867615
"ENSG00000154429",0.205966686136396
"ENSG00000152700",0.205944393662311
"ENSG00000297585",0.205841017562502
"ENSG00000301422",0.205616618772375
"ENSG00000227097",0.205451363282866
"ENSG00000286011",0.20503714910329
"ENSG00000153208",0.204952685456355
"ENSG00000174996",0.204951158232804
"ENSG00000196741",0.204737208305274
"ENSG00000291121",0.204330462066099
"ENSG00000059758",0.204141667155719
"ENSG00000256968",0.204131190909738
"ENSG00000136874",0.203857819199338
"ENSG00000047597",0.203760995290229
"ENSG00000127081",0.203723757301376
"ENSG00000100647",0.203600957890838
"ENSG00000100324",0.20351193518795
"ENSG00000293772",0.203480570322974
"ENSG00000167600",0.203352521729483
"ENSG00000099956",0.203246795910511
"ENSG00000143793",0.203224764991175
"ENSG00000149091",0.203143662797171
"ENSG00000176018",0.203072142982069
"ENSG00000285851",0.202881333507266
"ENSG00000004864",0.202830536402159
"ENSG00000309172",0.202556695811595
"ENSG00000066777",0.202306170724898
"ENSG00000242802",0.202288493956484
"ENSG00000150551",0.202280864415479
"ENSG00000172663",0.201988314015224
"ENSG00000188997",0.201910790956727
"ENSG00000170464",0.201848142062201
"ENSG00000286760",0.201827264942565
"ENSG00000124486",0.201660370366864
"ENSG00000214435",0.201583314152549
"ENSG00000183751",0.201437357779775
"ENSG00000278728",0.201268625799569
"ENSG00000255647",0.201117046222986
"ENSG00000162813",0.201088532828903
"ENSG00000183914",0.200908342561649
"ENSG00000143919",0.200797229783091
"ENSG00000158411",0.200730616234296
"ENSG00000177674",0.200624395159268
"ENSG00000148481",0.200370786606786
"ENSG00000189127",0.200186638032607
"ENSG00000171681",0.200077097129408
"ENSG00000125378",0.200069016056656
"ENSG00000138675",0.200002742656297
"ENSG00000182670",0.200000636487394
"ENSG00000255153",0.199906819225174
"ENSG00000175197",0.199873085039264
"ENSG00000157224",0.199442638888412
"ENSG00000273572",0.199232068071465
"ENSG00000087995",0.199218507373749
"ENSG00000168140",0.199205408303872
"ENSG00000299654",0.199079725770494
"ENSG00000133059",0.19900125655388
"ENSG00000144674",0.198916054748169
"ENSG00000165626",0.198729602117924
"ENSG00000160161",0.19860226438897
"ENSG00000163946",0.198405554425262
"ENSG00000169851",0.198370578313708
"ENSG00000005801",0.198128623668317
"ENSG00000135002",0.197635858588647
"ENSG00000018610",0.197616416599553
"ENSG00000134686",0.197612357384372
"ENSG00000253537",0.197372234045012
"ENSG00000151338",0.197299887557655
"ENSG00000166147",0.196916466165027
"ENSG00000049130",0.196847248392002
"ENSG00000123352",0.196659015288462
"ENSG00000266783",0.196624208507791
"ENSG00000168672",0.196617115046702
"ENSG00000170525",0.196520462591774
"ENSG00000189042",0.196514814595612
"ENSG00000234171",0.19639636493691
"ENSG00000106348",0.196277435885279
"ENSG00000160961",0.196184415700052
"ENSG00000104883",0.195903612061378
"ENSG00000167601",0.195831814269234
"ENSG00000150594",0.195679640313565
"ENSG00000136143",0.195670954768729
"ENSG00000131019",0.195629153936973
"ENSG00000290045",0.195601811613986
"ENSG00000167700",0.195566428269489
"ENSG00000287710",0.195553117395396
"ENSG00000012211",0.195484853997467
"ENSG00000185761",0.195375886966627
"ENSG00000276726",0.195322562653768
"ENSG00000107833",0.195265664038246
"ENSG00000230701",0.19519696032629
"ENSG00000100601",0.195081372264009
"ENSG00000228502",0.194976643227828
"ENSG00000136144",0.194935544725041
"ENSG00000087269",0.194880335918084
"ENSG00000105499",0.194878622643224
"ENSG00000280634",0.194852374176174
"ENSG00000168818",0.194759175602248
"ENSG00000166068",0.194683309040889
"ENSG00000174370",0.194412911042167
"ENSG00000183323",0.193962781426672
"ENSG00000251450",0.193839524653746
"ENSG00000112081",0.193763387111292
"ENSG00000261578",0.193337675542251
"ENSG00000092621",0.19303513063794
"ENSG00000044524",0.192829735553908
"ENSG00000091527",0.192691659804057
"ENSG00000303584",0.192509060979321
"ENSG00000180815",0.192428774731778
"ENSG00000176715",0.191886974894438
"ENSG00000162746",0.191733240186072
"ENSG00000144744",0.191673956334763
"ENSG00000186767",0.191658730057115
"ENSG00000254473",0.191557147692874
"ENSG00000185716",0.191087780044234
"ENSG00000270872",0.191024096840188
"ENSG00000156787",0.190967671104623
"ENSG00000119537",0.190728970578186
"ENSG00000146966",0.190530975655638
"ENSG00000279394",0.190443539900625
"ENSG00000130396",0.190397672376426
"ENSG00000226310",0.190334047069813
"ENSG00000182173",0.190317255398329
"ENSG00000236670",0.190315745524596
"ENSG00000167523",0.190286005047885
"ENSG00000287262",0.189970814983845
"ENSG00000120437",0.189969148779211
"ENSG00000174672",0.189754250389233
"ENSG00000137968",0.189751427317469
"ENSG00000184809",0.189576368611015
"ENSG00000257635",0.189516823497645
"ENSG00000087087",0.18942554587093
"ENSG00000154447",0.189197121692991
"ENSG00000234906",0.189190609260182
"ENSG00000146233",0.189017277876419
"ENSG00000204860",0.188558729155812
"ENSG00000104814",0.188551074910638
"ENSG00000288606",0.18845010710503
"ENSG00000176973",0.188233622483147
"ENSG00000261167",0.188185158188169
"ENSG00000162971",0.188152359317543
"ENSG00000135253",0.188052914716639
"ENSG00000158552",0.187987804958669
"ENSG00000272335",0.187907880374566
"ENSG00000173988",0.18767788093786
"ENSG00000290793",0.187658197221423
"ENSG00000085224",0.187477984297803
"ENSG00000249352",0.187474951071541
"ENSG00000129595",0.187454578227442
"ENSG00000116132",0.187406223587805
"ENSG00000160917",0.187397362654883
"ENSG00000176692",0.18739208383283
"ENSG00000261804",0.187077967724022
"ENSG00000182240",0.187052516131141
"ENSG00000082212",0.187043664502194
"ENSG00000234028",0.186902373717013
"ENSG00000115825",0.186757387921107
"ENSG00000284526",0.186665965403974
"ENSG00000183617",0.186595986360506
"ENSG00000163501",0.18634197002193
"ENSG00000107738",0.18613276086882
"ENSG00000151702",0.185992751964703
"ENSG00000161526",0.185989961970794
"ENSG00000198919",0.185986983027581
"ENSG00000112576",0.18596964178889
"ENSG00000176909",0.18572699751778
"ENSG00000047634",0.185646086969626
"ENSG00000280046",0.185393692797478
"ENSG00000262904",0.185344058628796
"ENSG00000240498",0.185145276832959
"ENSG00000212643",0.185127504988251
"ENSG00000133243",0.184993708942164
"ENSG00000291047",0.18477671506376
"ENSG00000290476",0.184654974536851
"ENSG00000173193",0.184613284538856
"ENSG00000171700",0.184537101074084
"ENSG00000101849",0.184369582698007
"ENSG00000056736",0.184359824330363
"ENSG00000196110",0.184348327250309
"ENSG00000261663",0.184312230935635
"ENSG00000111907",0.184178960568518
"ENSG00000227046",0.183887613397185
"ENSG00000159388",0.18380186127126
"ENSG00000260238",0.183783310621695
"ENSG00000138376",0.183694347187183
"ENSG00000257839",0.18367983471455
"ENSG00000175538",0.183618922385602
"ENSG00000187189",0.183567300047713
"ENSG00000282330",0.183551755185099
"ENSG00000288538",0.183405520378555
"ENSG00000185122",0.183043117901672
"ENSG00000269707",0.18294725301909
"ENSG00000131591",0.182687509726365
"ENSG00000196878",0.182202122186232
"ENSG00000110911",0.182191092516394
"ENSG00000239335",0.182106130867698
"ENSG00000144451",0.182044904967989
"ENSG00000123240",0.181905026200786
"ENSG00000182606",0.181772532000272
"ENSG00000168564",0.181694183150689
"ENSG00000289902",0.181626799512867
"ENSG00000239264",0.181471462549116
"ENSG00000153989",0.181445902873126
"ENSG00000112996",0.181123529278628
"ENSG00000225691",0.1810502350199
"ENSG00000161638",0.18103441231656
"ENSG00000171848",0.180927588942574
"ENSG00000087008",0.180706926924998
"ENSG00000187147",0.180679187957295
"ENSG00000168939",0.180577934314798
"ENSG00000167992",0.180492149602331
"ENSG00000100345",0.180442196433282
"ENSG00000261786",0.180378491454337
"ENSG00000164048",0.180357584600184
"ENSG00000163681",0.179677765817815
"ENSG00000136891",0.179674508883721
"ENSG00000105974",0.179583858955642
"ENSG00000162337",0.179354169333447
"ENSG00000187678",0.179311362354747
"ENSG00000162927",0.17918944280163
"ENSG00000124370",0.178986755161893
"ENSG00000112531",0.178867499102325
"ENSG00000103051",0.178839202653716
"ENSG00000155868",0.178822485884759
"ENSG00000147606",0.178725132256966
"ENSG00000128408",0.178664624387226
"ENSG00000293171",0.178617991105899
"ENSG00000246308",0.178563103414661
"ENSG00000184925",0.178382704343375
"ENSG00000155330",0.178157837715374
"ENSG00000129204",0.178056625646042
"ENSG00000063169",0.178056541002922
"ENSG00000272157",0.177997968907199
"ENSG00000215440",0.177944248487575
"ENSG00000260855",0.177910372136615
"ENSG00000196465",0.177715405730057
"ENSG00000132297",0.177687910369274
"ENSG00000214654",0.177584330803123
"ENSG00000149646",0.177552196383122
"ENSG00000163001",0.177377859535311
"ENSG00000227598",0.177344629166021
"ENSG00000101146",0.177237872088303
"ENSG00000178694",0.177204411307194
"ENSG00000161040",0.177194252261708
"ENSG00000118200",0.176971728617943
"ENSG00000232931",0.176898822835849
"ENSG00000121753",0.176772620197117
"ENSG00000272079",0.176652698670297
"ENSG00000204947",0.176609416923305
"ENSG00000270149",0.176582031817681
"ENSG00000183621",0.176460310365233
"ENSG00000249485",0.176451407534373
"ENSG00000279434",0.176340205845317
"ENSG00000242553",0.176319096698858
"ENSG00000051108",0.176232610185613
"ENSG00000130956",0.176002734538633
"ENSG00000235106",0.175709193013337
"ENSG00000214046",0.175680264209118
"ENSG00000133706",0.175651664368922
"ENSG00000272990",0.175631315369487
"ENSG00000141258",0.175629332894258
"ENSG00000277104",0.175508801955343
"ENSG00000198087",0.175421498917545
"ENSG00000236081",0.175381497956075
"ENSG00000271754",0.175248751293945
"ENSG00000216863",0.175078666169423
"ENSG00000146278",0.175058597890152
"ENSG00000165959",0.175047786504721
"ENSG00000131462",0.175014191265225
"ENSG00000231631",0.174989110509341
"ENSG00000177666",0.174879273773712
"ENSG00000148344",0.174565788927657
"ENSG00000101096",0.174503295323341
"ENSG00000169756",0.174288469367542
"ENSG00000026036",0.174223718121499
"ENSG00000136021",0.174150927029672
"ENSG00000197150",0.174118254500496
"ENSG00000289052",0.173950748341216
"ENSG00000251169",0.173743367471299
"ENSG00000127366",0.173550251127847
"ENSG00000100991",0.173491485654991
"ENSG00000107281",0.17348934055917
"ENSG00000303982",0.173339717208073
"ENSG00000182952",0.173284083467482
"ENSG00000284024",0.172958745878532
"ENSG00000108679",0.17288452886355
"ENSG00000269981",0.172786995125779
"ENSG00000299228",0.17269472103156
"ENSG00000214248",0.172504299955913
"ENSG00000296504",0.17238538482714
"ENSG00000215417",0.172296774761894
"ENSG00000139737",0.172289334452183
"ENSG00000299538",0.172144490629722
"ENSG00000277421",0.172084901209614
"ENSG00000247373",0.172061941955751
"ENSG00000138750",0.171951580397985
"ENSG00000181218",0.171907950373047
"ENSG00000099860",0.171878118450759
"ENSG00000106144",0.171683884969721
"ENSG00000297054",0.171559824127375
"ENSG00000139410",0.171558442415899
"ENSG00000227471",0.171487468049428
"ENSG00000280529",0.171397753809645
"ENSG00000183431",0.171205089182191
"ENSG00000284548",0.171196857962906
"ENSG00000164620",0.170831799038818
"ENSG00000174276",0.170790192499892
"ENSG00000253103",0.170568878583417
"ENSG00000230623",0.170496671048558
"ENSG00000250899",0.170478691315884
"ENSG00000291159",0.170434861560286
"ENSG00000245888",0.170186825428697
"ENSG00000277086",0.170087907996674
"ENSG00000265185",0.170071220328171
"ENSG00000099308",0.169863683007081
"ENSG00000225470",0.16986024756718
"ENSG00000221944",0.16980828971401
"ENSG00000182473",0.169693686104803
"ENSG00000197021",0.169685822763328
"ENSG00000295976",0.16941185724051
"ENSG00000124257",0.169321682483658
"ENSG00000169083",0.169216163456178
"ENSG00000205085",0.169175865520174
"ENSG00000124249",0.169028052785134
"ENSG00000178605",0.16846777559717
"ENSG00000025796",0.168352618008063
"ENSG00000100665",0.16816327323811
"ENSG00000279114",0.167745253803216
"ENSG00000283098",0.167729325094501
"ENSG00000265393",0.167670640014069
"ENSG00000197779",0.167631158735606
"ENSG00000158792",0.167618249045114
"ENSG00000165997",0.167562295720947
"ENSG00000141026",0.167549017992367
"ENSG00000306759",0.167458561759649
"ENSG00000257221",0.167216667275995
"ENSG00000171827",0.167119168623212
"ENSG00000251393",0.167087166016008
"ENSG00000119812",0.167071128824757
"ENSG00000296622",0.167052277785247
"ENSG00000225519",0.167034718151427
"ENSG00000247287",0.16670623734171
"ENSG00000198369",0.166450610259357
"ENSG00000175279",0.165967109697826
"ENSG00000231066",0.165918786690934
"ENSG00000256294",0.165635864325294
"ENSG00000236824",0.165517661382078
"ENSG00000238164",0.165442573224375
"ENSG00000140497",0.165384660119683
"ENSG00000170677",0.165330655604342
"ENSG00000184515",0.165220770991938
"ENSG00000079459",0.165101470292714
"ENSG00000286732",0.164918359790084
"ENSG00000070444",0.16489696769732
"ENSG00000062716",0.164682926033483
"ENSG00000152642",0.164656921940032
"ENSG00000111335",0.16432804422012
"ENSG00000255031",0.164225759484644
"ENSG00000119703",0.164216677349608
"ENSG00000167543",0.164027869679072
"ENSG00000279968",0.163995873811695
"ENSG00000157500",0.163784315854783
"ENSG00000168389",0.163735115391138
"ENSG00000187922",0.163722343144233
"ENSG00000301476",0.163335453085398
"ENSG00000143753",0.163291580528765
"ENSG00000203546",0.163283209950895
"ENSG00000306369",0.163075009325665
"ENSG00000291264",0.163058197641539
"ENSG00000162620",0.163039844355169
"ENSG00000131748",0.163029761918025
"ENSG00000196101",0.163005590843181
"ENSG00000100714",0.162984589739746
"ENSG00000086619",0.162748481027516
"ENSG00000106479",0.162699637320614
"ENSG00000108733",0.162669673763084
"ENSG00000226085",0.162351220538676
"ENSG00000229291",0.162223392912755
"ENSG00000186806",0.162009977409782
"ENSG00000065911",0.161956612030591
"ENSG00000213658",0.16191212564578
"ENSG00000081791",0.161752224555303
"ENSG00000177565",0.161216207104524
"ENSG00000189308",0.161214096879637
"ENSG00000081913",0.161127807802759
"ENSG00000038219",0.160977672404055
"ENSG00000132970",0.160956119032153
"ENSG00000306346",0.16078528571986
"ENSG00000101928",0.160764489546902
"ENSG00000278224",0.160567394710688
"ENSG00000116922",0.160521591475841
"ENSG00000281618",0.160486713752657
"ENSG00000110987",0.160189156938165
"ENSG00000166847",0.160098223085424
"ENSG00000104856",0.160046625071608
"ENSG00000301866",0.159976006842714
"ENSG00000169252",0.159911891891116
"ENSG00000291995",0.159856063419962
"ENSG00000288953",0.159622377046519
"ENSG00000121957",0.159530694714732
"ENSG00000156232",0.159386624089484
"ENSG00000254206",0.159258183912768
"ENSG00000143633",0.159227314712565
"ENSG00000166848",0.159062643142342
"ENSG00000078081",0.159014919529018
"ENSG00000261512",0.158978008965999
"ENSG00000180855",0.158907438722494
"ENSG00000286656",0.158771016119818
"ENSG00000288596",0.158357471679724
"ENSG00000294187",0.158294749816751
"ENSG00000261670",0.158003277956898
"ENSG00000243667",0.157994328719038
"ENSG00000093000",0.157841322992014
"ENSG00000152284",0.157817191518009
"ENSG00000213585",0.157800247720476
"ENSG00000135297",0.157717900405043
"ENSG00000248383",0.157616460401872
"ENSG00000233030",0.157285886546364
"ENSG00000113070",0.157168483131885
"ENSG00000078140",0.156955062626562
"ENSG00000296265",0.156899574811635
"ENSG00000166986",0.156777018115151
"ENSG00000162650",0.156686996006732
"ENSG00000185436",0.156466140198998
"ENSG00000251432",0.156463703435897
"ENSG00000257907",0.156436876051174
"ENSG00000116711",0.156217006235343
"ENSG00000273305",0.15615008606905
"ENSG00000235313",0.156128109864633
"ENSG00000232759",0.155952187023938
"ENSG00000164683",0.155877411753823
"ENSG00000068745",0.155829940314548
"ENSG00000178951",0.155347829866561
"ENSG00000246089",0.155194757354606
"ENSG00000240288",0.154799082664739
"ENSG00000164976",0.154663200152933
"ENSG00000058804",0.154638016668855
"ENSG00000279080",0.154570381041215
"ENSG00000279085",0.154401273074373
"ENSG00000302594",0.15435942482008
"ENSG00000181785",0.154030938372247
"ENSG00000278183",0.153738232657319
"ENSG00000273456",0.153641132767106
"ENSG00000128512",0.153356507854016
"ENSG00000266992",0.15289058666831
"ENSG00000235394",0.152731281957545
"ENSG00000280128",0.152649212339386
"ENSG00000182749",0.152507446077788
"ENSG00000153246",0.152358390126691
"ENSG00000286044",0.152276848139057
"ENSG00000287160",0.152239143024631
"ENSG00000070190",0.152066149065555
"ENSG00000240922",0.152027857235664
"ENSG00000259959",0.15177271250887
"ENSG00000236017",0.15172757681804
"ENSG00000248405",0.151710610388072
"ENSG00000293037",0.151672668905096
"ENSG00000185303",0.151643814291528
"ENSG00000176641",0.151616970907864
"ENSG00000235125",0.151454287592642
"ENSG00000304609",0.151416852649858
"ENSG00000166004",0.151376000963238
"ENSG00000161920",0.151158069671691
"ENSG00000105327",0.151026195363238
"ENSG00000143457",0.150980552866604
"ENSG00000150977",0.15088800183647
"ENSG00000285663",0.150877442100476
"ENSG00000172888",0.150870136992643
"ENSG00000182580",0.150853054473636
"ENSG00000180346",0.150637222125537
"ENSG00000185477",0.15061138678374
"ENSG00000120697",0.150585273164975
"ENSG00000196419",0.150508168232054
"ENSG00000280161",0.150478399939985
"ENSG00000121964",0.150463400911526
"ENSG00000280571",0.150428148025778
"ENSG00000170684",0.150407275955561
"ENSG00000174145",0.149822579210937
"ENSG00000197448",0.149813933903411
"ENSG00000152127",0.149713899278704
"ENSG00000149679",0.149680669569783
"ENSG00000114779",0.14949084353473
"ENSG00000230961",0.149426442852372
"ENSG00000014257",0.14909026978866
"ENSG00000162600",0.149063704459719
"ENSG00000196449",0.148729523075899
"ENSG00000189120",0.148667842256118
"ENSG00000110717",0.148519609369989
"ENSG00000051180",0.14826443295073
"ENSG00000244045",0.147844699306475
"ENSG00000287860",0.147667125035814
"ENSG00000145147",0.147513369123709
"ENSG00000242114",0.147483880040203
"ENSG00000085231",0.147422111814009
"ENSG00000129317",0.147232192914204
"ENSG00000103024",0.147030883963954
"ENSG00000272374",0.14693523031446
"ENSG00000246090",0.146824290675999
"ENSG00000092330",0.146674548145125
"ENSG00000248727",0.146603968191306
"ENSG00000259687",0.146480188779206
"ENSG00000041802",0.14626995094719
"ENSG00000117500",0.146262752448002
"ENSG00000246375",0.146116632477651
"ENSG00000160888",0.146036962922776
"ENSG00000286613",0.145871800136019
"ENSG00000266718",0.145864638441321
"ENSG00000166689",0.145812465356565
"ENSG00000149218",0.14575337225406
"ENSG00000105676",0.145702861673534
"ENSG00000284320",0.145631132794039
"ENSG00000148218",0.145383671928182
"ENSG00000074603",0.145361002435193
"ENSG00000089289",0.145355874831587
"ENSG00000277454",0.145310433978763
"ENSG00000100979",0.145064486206511
"ENSG00000160679",0.144948987162194
"ENSG00000274429",0.144944090095473
"ENSG00000146267",0.144909128793041
"ENSG00000204438",0.144792011760134
"ENSG00000227110",0.144623331778436
"ENSG00000259943",0.144598849660425
"ENSG00000166676",0.144588757315897
"ENSG00000108786",0.144561179461871
"ENSG00000059377",0.144435307766974
"ENSG00000241852",0.144368658219326
"ENSG00000155666",0.144341138193881
"ENSG00000244128",0.144240868627702
"ENSG00000115252",0.144153591484414
"ENSG00000237070",0.14408206712086
"ENSG00000104341",0.144036522007318
"ENSG00000133731",0.143986919595009
"ENSG00000271270",0.143948922666325
"ENSG00000171135",0.143939381979253
"ENSG00000079432",0.143905188036879
"ENSG00000235650",0.14386725194885
"ENSG00000077238",0.14382753885729
"ENSG00000117266",0.143791602751009
"ENSG00000290866",0.143617653692407
"ENSG00000246877",0.143387457826606
"ENSG00000141101",0.143329104142972
"ENSG00000184923",0.142932313231379
"ENSG00000187109",0.142837133452745
"ENSG00000214026",0.142774551041736
"ENSG00000227502",0.142754023195055
"ENSG00000137038",0.142588524240169
"ENSG00000287271",0.142574892731838
"ENSG00000196730",0.142537408537824
"ENSG00000242616",0.142312994298929
"ENSG00000246334",0.142288242547687
"ENSG00000253873",0.142075351895715
"ENSG00000214655",0.14207410415063
"ENSG00000183354",0.141774366111217
"ENSG00000135637",0.141672528542658
"ENSG00000288784",0.141590081226607
"ENSG00000099282",0.141563156426743
"ENSG00000164414",0.141538093975683
"ENSG00000110025",0.141394634204264
"ENSG00000134330",0.141382323925191
"ENSG00000236780",0.14130096097017
"ENSG00000100412",0.141267450055786
"ENSG00000168014",0.141111406253201
"ENSG00000160072",0.141035300589864
"ENSG00000144648",0.140974146538006
"ENSG00000281453",0.140759456804434
"ENSG00000236901",0.140710800626715
"ENSG00000132141",0.140196785335007
"ENSG00000124743",0.140145213684478
"ENSG00000177138",0.139987211491808
"ENSG00000197586",0.139875397094281
"ENSG00000289554",0.139767449622961
"ENSG00000258457",0.139741793721686
"ENSG00000197321",0.139737643698668
"ENSG00000176222",0.139518638175508
"ENSG00000162373",0.139513929734597
"ENSG00000175592",0.139368688760674
"ENSG00000102385",0.139360913563922
"ENSG00000124615",0.139164765283033
"ENSG00000300793",0.138990884522529
"ENSG00000119711",0.138950977205561
"ENSG00000259485",0.138761497902826
"ENSG00000296871",0.138752570679527
"ENSG00000304863",0.138745532677038
"ENSG00000165195",0.138612780589456
"ENSG00000180867",0.138566931874535
"ENSG00000151746",0.138521120241911
"ENSG00000174173",0.138476385905854
"ENSG00000132768",0.138250100351787
"ENSG00000196498",0.138245512270874
"ENSG00000182117",0.137859371402768
"ENSG00000011198",0.13780475491749
"ENSG00000138600",0.137788585554969
"ENSG00000055130",0.137574585173123
"ENSG00000091656",0.137543881130496
"ENSG00000114993",0.137534586120211
"ENSG00000296225",0.137390472665041
"ENSG00000183814",0.137316380039738
"ENSG00000162490",0.137223099487635
"ENSG00000204695",0.13712777490231
"ENSG00000229153",0.137112974638634
"ENSG00000131389",0.136780311104342
"ENSG00000244242",0.136765234534477
"ENSG00000159788",0.136752382615786
"ENSG00000090097",0.136713787637248
"ENSG00000168280",0.136688578281045
"ENSG00000172742",0.136397572967472
"ENSG00000100417",0.136342907423852
"ENSG00000167792",0.136280600537838
"ENSG00000302808",0.136121751174327
"ENSG00000255468",0.136086723125154
"ENSG00000271816",0.136084226771912
"ENSG00000147166",0.135968975827249
"ENSG00000023572",0.135878707526353
"ENSG00000167632",0.135853554207828
"ENSG00000151612",0.135684943818233
"ENSG00000231304",0.135624264813055
"ENSG00000107862",0.135324892848417
"ENSG00000114573",0.135192421427755
"ENSG00000233890",0.134916881972377
"ENSG00000101447",0.134816227921142
"ENSG00000133121",0.134669474527529
"ENSG00000138182",0.134576533773293
"ENSG00000169241",0.134322942718791
"ENSG00000160695",0.134188470130774
"ENSG00000261220",0.134150638074797
"ENSG00000162630",0.134076700225589
"ENSG00000155275",0.134014412214347
"ENSG00000310238",0.13393274782872
"ENSG00000115806",0.133895316740861
"ENSG00000131697",0.133754781207966
"ENSG00000112242",0.133641996373823
"ENSG00000231160",0.133607210467009
"ENSG00000266967",0.133422516274672
"ENSG00000289182",0.133200029597475
"ENSG00000250616",0.133029275787083
"ENSG00000120733",0.132906496919002
"ENSG00000250218",0.132860629417497
"ENSG00000131778",0.132598102768598
"ENSG00000009950",0.13250336030204
"ENSG00000170191",0.132277414615215
"ENSG00000285730",0.13199917279089
"ENSG00000240449",0.131925321778462
"ENSG00000134827",0.131756470609826
"ENSG00000165879",0.131604194452023
"ENSG00000101670",0.131384517188197
"ENSG00000101493",0.131316660946514
"ENSG00000143811",0.131263213661638
"ENSG00000177370",0.131071333415582
"ENSG00000164610",0.130857068851939
"ENSG00000166831",0.130833927989907
"ENSG00000185404",0.13072176996468
"ENSG00000134709",0.130616280985247
"ENSG00000272106",0.130449672298523
"ENSG00000237289",0.130397846149534
"ENSG00000166813",0.130364626984995
"ENSG00000142197",0.130344961530051
"ENSG00000250604",0.130145161527826
"ENSG00000290924",0.129759063231153
"ENSG00000269313",0.129658319967521
"ENSG00000232677",0.129605399159035
"ENSG00000301742",0.129553545867376
"ENSG00000142186",0.129523838886202
"ENSG00000109736",0.129499580507489
"ENSG00000260963",0.129457900065736
"ENSG00000214113",0.129455785645817
"ENSG00000124766",0.129413393275137
"ENSG00000105887",0.12868811156816
"ENSG00000109606",0.12863140747274
"ENSG00000131981",0.12860940771019
"ENSG00000183458",0.128476216994291
"ENSG00000114737",0.128384511947587
"ENSG00000089060",0.128273300866463
"ENSG00000126814",0.128236077609695
"ENSG00000145794",0.128234072343887
"ENSG00000168438",0.128098655618684
"ENSG00000299582",0.128022769467536
"ENSG00000065665",0.127968025021342
"ENSG00000105373",0.127641507072123
"ENSG00000075303",0.127555137516237
"ENSG00000290831",0.127526571707531
"ENSG00000153936",0.127374547517053
"ENSG00000260083",0.127313088871411
"ENSG00000234602",0.127015680262089
"ENSG00000254901",0.126974502450332
"ENSG00000292058",0.126415728814054
"ENSG00000095203",0.126221375590211
"ENSG00000151208",0.126101235790651
"ENSG00000159885",0.12609674274898
"ENSG00000163207",0.126016247663649
"ENSG00000088682",0.125843112186305
"ENSG00000243989",0.125658403067946
"ENSG00000136738",0.125655577314032
"ENSG00000196961",0.125572902867087
"ENSG00000172292",0.125432696008849
"ENSG00000132356",0.125407095289094
"ENSG00000116191",0.125212249934488
"ENSG00000162980",0.125152504924464
"ENSG00000158457",0.125113813740444
"ENSG00000287527",0.124994390781006
"ENSG00000258718",0.124977135498337
"ENSG00000230126",0.124964124484862
"ENSG00000151014",0.124895558953691
"ENSG00000229953",0.124699209569544
"ENSG00000254122",0.124651491169855
"ENSG00000260495",0.12449215556498
"ENSG00000147100",0.124466115166184
"ENSG00000078967",0.124326524121837
"ENSG00000006062",0.124270393715531
"ENSG00000143486",0.124234150231012
"ENSG00000196812",0.124223967917978
"ENSG00000156873",0.124189555269784
"ENSG00000150556",0.12333484948135
"ENSG00000268471",0.122977535323305
"ENSG00000141574",0.122918015328436
"ENSG00000167491",0.122874342055631
"ENSG00000137965",0.122676221478967
"ENSG00000176101",0.122672338688704
"ENSG00000243710",0.122541721051545
"ENSG00000147130",0.122511196540303
"ENSG00000295948",0.122456452380112
"ENSG00000228262",0.12231014816128
"ENSG00000165949",0.122305708085504
"ENSG00000009780",0.122239471042695
"ENSG00000104738",0.122160155841001
"ENSG00000120832",0.121886959071145
"ENSG00000144677",0.121677151479068
"ENSG00000110092",0.121621393923416
"ENSG00000274359",0.121615361223898
"ENSG00000137133",0.121593125270414
"ENSG00000164663",0.121533678182277
"ENSG00000166900",0.121499518857685
"ENSG00000171223",0.121470022918875
"ENSG00000048649",0.12119593922326
"ENSG00000125848",0.121177215770645
"ENSG00000273850",0.121138037878012
"ENSG00000282556",0.120861460666896
"ENSG00000144406",0.120598439264412
"ENSG00000153071",0.120560154035704
"ENSG00000165487",0.120524669175208
"ENSG00000180764",0.120466320310173
"ENSG00000006611",0.119823414331777
"ENSG00000168826",0.119622034059657
"ENSG00000182199",0.119560459671225
"ENSG00000137394",0.119190211309268
"ENSG00000228340",0.119129315321182
"ENSG00000112763",0.119076811500424
"ENSG00000107959",0.119075264931258
"ENSG00000102401",0.119058688940468
"ENSG00000285278",0.118959832398346
"ENSG00000117139",0.118792357789513
"ENSG00000142765",0.11877993271339
"ENSG00000145337",0.118758633486422
"ENSG00000119720",0.118729506954874
"ENSG00000274386",0.11852172139693
"ENSG00000248954",0.118377762253749
"ENSG00000286964",0.118297660813903
"ENSG00000240731",0.118251060760968
"ENSG00000111670",0.118184720742191
"ENSG00000237765",0.1181719080665
"ENSG00000106976",0.117926790068322
"ENSG00000076555",0.117914563825125
"ENSG00000215883",0.117815204599436
"ENSG00000142409",0.117638333806803
"ENSG00000162244",0.117576829122728
"ENSG00000163104",0.11757608512264
"ENSG00000135622",0.117573993150751
"ENSG00000213398",0.117477213183561
"ENSG00000167513",0.117436146192752
"ENSG00000112208",0.117275183412088
"ENSG00000211455",0.117128166813587
"ENSG00000306776",0.117074838696272
"ENSG00000111605",0.117016643710038
"ENSG00000289393",0.11678650280642
"ENSG00000239920",0.116764271769998
"ENSG00000285542",0.116603049850518
"ENSG00000196705",0.116357371266906
"ENSG00000259207",0.116352754762058
"ENSG00000020426",0.116229803373026
"ENSG00000165197",0.116009124643143
"ENSG00000132781",0.115996285879442
"ENSG00000157557",0.115990810562184
"ENSG00000175985",0.115867634806434
"ENSG00000223533",0.11558497519691
"ENSG00000307633",0.115517961559557
"ENSG00000162511",0.115436475147307
"ENSG00000235897",0.115430152807092
"ENSG00000120256",0.115428292451065
"ENSG00000159147",0.115309446043679
"ENSG00000151332",0.115228509117921
"ENSG00000102043",0.115199153660883
"ENSG00000169991",0.115126814038087
"ENSG00000301056",0.115110501788588
"ENSG00000136100",0.11499422987764
"ENSG00000245573",0.114988249953951
"ENSG00000160570",0.114903851310361
"ENSG00000125846",0.114884574439717
"ENSG00000229321",0.11477789734249
"ENSG00000143797",0.114629564674793
"ENSG00000308998",0.114601292129212
"ENSG00000226650",0.114190848158427
"ENSG00000066322",0.114129389374389
"ENSG00000233184",0.114084333188986
"ENSG00000119547",0.113781760029772
"ENSG00000160207",0.113712893954203
"ENSG00000124003",0.113632986838029
"ENSG00000006210",0.113543985115045
"ENSG00000180481",0.113425568267914
"ENSG00000205758",0.113392811988977
"ENSG00000197142",0.1133070161302
"ENSG00000261188",0.11322385559564
"ENSG00000186635",0.113167279229057
"ENSG00000226026",0.11301298605041
"ENSG00000177463",0.112984497891772
"ENSG00000296011",0.112654390590478
"ENSG00000167550",0.112630849344367
"ENSG00000233757",0.112570137831694
"ENSG00000157456",0.112502625028533
"ENSG00000236756",0.11242740516892
"ENSG00000304560",0.112294534802215
"ENSG00000198858",0.112282722348355
"ENSG00000050555",0.112220637772762
"ENSG00000006118",0.111813278961492
"ENSG00000206452",0.111612099402402
"ENSG00000206282",0.111489011103465
"ENSG00000233381",0.1114189580583
"ENSG00000198182",0.111354796422135
"ENSG00000137817",0.111092584349863
"ENSG00000189319",0.111078391742606
"ENSG00000273151",0.110963846632932
"ENSG00000113763",0.110893096113491
"ENSG00000241404",0.110769044855907
"ENSG00000180914",0.110756444064155
"ENSG00000215301",0.110621895723975
"ENSG00000277758",0.110438244558027
"ENSG00000279927",0.110405481777295
"ENSG00000140511",0.110335800626184
"ENSG00000234614",0.110319361996605
"ENSG00000169122",0.110251458923636
"ENSG00000178460",0.110075871723242
"ENSG00000203809",0.11002820731957
"ENSG00000107829",0.110004085367327
"ENSG00000167680",0.109999276438284
"ENSG00000290573",0.109550525504955
"ENSG00000272523",0.109176954407223
"ENSG00000113742",0.109121200247891
"ENSG00000276725",0.109070037483364
"ENSG00000169598",0.108854999438178
"ENSG00000164463",0.108853250616767
"ENSG00000229155",0.108815303177245
"ENSG00000204271",0.108648950593184
"ENSG00000198176",0.108644086774394
"ENSG00000290374",0.108569240334019
"ENSG00000224238",0.108499651156304
"ENSG00000138073",0.10839022857349
"ENSG00000169504",0.10833198284029
"ENSG00000255250",0.108316253203903
"ENSG00000280327",0.108121152804341
"ENSG00000072415",0.108085660050892
"ENSG00000240207",0.10797680048213
"ENSG00000160113",0.107718134262847
"ENSG00000119912",0.107578288805616
"ENSG00000288473",0.10724050379192
"ENSG00000106638",0.107183549545767
"ENSG00000101407",0.107116667123247
"ENSG00000112293",0.106949795868562
"ENSG00000251002",0.106939741370856
"ENSG00000167536",0.106740504260636
"ENSG00000138593",0.106735735481107
"ENSG00000183010",0.106524351119481
"ENSG00000215196",0.106441328395135
"ENSG00000177839",0.106099996030822
"ENSG00000233076",0.106089171526693
"ENSG00000286264",0.105938897595775
"ENSG00000140750",0.105866390994691
"ENSG00000111837",0.105777594199514
"ENSG00000064961",0.105671620460378
"ENSG00000140832",0.105564850639553
"ENSG00000118762",0.105415645390308
"ENSG00000255423",0.105307567786662
"ENSG00000234444",0.104930217470311
"ENSG00000141971",0.104791456350492
"ENSG00000089159",0.104714208968748
"ENSG00000183439",0.104677916243406
"ENSG00000163539",0.104599486343387
"ENSG00000123353",0.104477068408114
"ENSG00000168827",0.104431813030966
"ENSG00000162086",0.10429223706955
"ENSG00000157778",0.104271181230225
"ENSG00000120071",0.104108769870912
"ENSG00000182400",0.104086282286908
"ENSG00000286450",0.104069627619721
"ENSG00000095596",0.1040514057408
"ENSG00000168439",0.103948954203487
"ENSG00000138640",0.103712142370488
"ENSG00000079112",0.103487193612423
"ENSG00000173917",0.10337168857429
"ENSG00000124541",0.103231575601442
"ENSG00000130511",0.103219249071149
"ENSG00000227051",0.103047916685383
"ENSG00000277396",0.10297288485201
"ENSG00000259612",0.102922871215892
"ENSG00000189190",0.10284207451211
"ENSG00000182903",0.102758337377308
"ENSG00000160408",0.102705661989584
"ENSG00000104983",0.102636463500607
"ENSG00000070950",0.102545288333796
"ENSG00000101654",0.10248369122592
"ENSG00000163171",0.10240136550587
"ENSG00000142459",0.10237044417401
"ENSG00000107863",0.102274692811982
"ENSG00000164532",0.102237446096444
"ENSG00000309702",0.102165356972103
"ENSG00000289268",0.101998625847435
"ENSG00000125485",0.101740859784986
"ENSG00000287839",0.101733727920713
"ENSG00000163636",0.101723297183279
"ENSG00000167065",0.1015627284534
"ENSG00000138448",0.101513030365794
"ENSG00000134962",0.101477658235334
"ENSG00000066583",0.101425428594552
"ENSG00000100197",0.101082949095884
"ENSG00000172315",0.100937876046908
"ENSG00000180535",0.100836653070821
"ENSG00000253313",0.100770446118636
"ENSG00000279110",0.100748972929808
"ENSG00000288983",0.100725215386884
"ENSG00000162627",0.100657393872089
"ENSG00000100243",0.100610779450991
"ENSG00000116954",0.100523024747973
"ENSG00000004468",0.10048832106447
"ENSG00000244474",0.10031670838379
"ENSG00000184428",0.100290126886493
"ENSG00000243927",0.100016655778384
"ENSG00000277639",0.100013817960664
"ENSG00000248866",0.0998145724449423
"ENSG00000257446",0.0997015671623684
"ENSG00000198900",0.0995120162868108
"ENSG00000103145",0.0994866445524211
"ENSG00000215641",0.0994658713451386
"ENSG00000197077",0.099212008899506
"ENSG00000106327",0.0989481587349653
"ENSG00000146242",0.0988542628284357
"ENSG00000159263",0.0987007670846007
"ENSG00000143315",0.0986635442789995
"ENSG00000003989",0.098547287425432
"ENSG00000178295",0.0983916440144393
"ENSG00000276390",0.0983531865824816
"ENSG00000284749",0.098307553025399
"ENSG00000165891",0.0982651647419663
"ENSG00000187244",0.0982601586041751
"ENSG00000138246",0.0981816012129234
"ENSG00000130584",0.0980597236347122
"ENSG00000064703",0.097988657207533
"ENSG00000079974",0.0978055079637506
"ENSG00000106089",0.0977840703594685
"ENSG00000164754",0.0977266293354987
"ENSG00000100629",0.0977027865640288
"ENSG00000235500",0.09769969754401
"ENSG00000285744",0.0976471127127634
"ENSG00000102882",0.0976400387065548
"ENSG00000095059",0.0976110061212899
"ENSG00000004777",0.0975180764288828
"ENSG00000196453",0.0973909712318391
"ENSG00000286106",0.0973864999921855
"ENSG00000142945",0.0973432743016442
"ENSG00000074657",0.0973165423849362
"ENSG00000179598",0.097229741432856
"ENSG00000197763",0.0971797825849541
"ENSG00000176532",0.0970190027624343
"ENSG00000132376",0.0970091198786873
"ENSG00000101132",0.0965911018641955
"ENSG00000272763",0.0965289862157959
"ENSG00000226578",0.0963504305055007
"ENSG00000163719",0.0963253014188618
"ENSG00000078070",0.0962448542553804
"ENSG00000031003",0.0961799567586556
"ENSG00000136830",0.0961611702309123
"ENSG00000184708",0.0960432393282079
"ENSG00000139835",0.0958679322203651
"ENSG00000286201",0.0958521951323764
"ENSG00000005812",0.0957962807176025
"ENSG00000293490",0.0957642340618989
"ENSG00000235947",0.0957103503181922
"ENSG00000197099",0.0955436215954395
"ENSG00000205129",0.0954711776518314
"ENSG00000172469",0.0951852770696881
"ENSG00000289361",0.0951726093241152
"ENSG00000177076",0.0950649323472276
"ENSG00000304642",0.0950365539406461
"ENSG00000204364",0.0948375674459099
"ENSG00000290292",0.0946577420471766
"ENSG00000151135",0.0945167175997672
"ENSG00000242498",0.0942491065607063
"ENSG00000182712",0.0939982176972267
"ENSG00000141480",0.093853066898682
"ENSG00000096063",0.0937998855423709
"ENSG00000267368",0.093234539986714
"ENSG00000074319",0.0931911126220926
"ENSG00000110848",0.0930444091113158
"ENSG00000233058",0.093029009719861
"ENSG00000196152",0.0929307845108884
"ENSG00000276266",0.0928104118266758
"ENSG00000161551",0.092788139112419
"ENSG00000111481",0.0927422755035805
"ENSG00000230658",0.0927101665271972
"ENSG00000291029",0.0925299162328698
"ENSG00000144354",0.0924031894539605
"ENSG00000169758",0.0923449913753871
"ENSG00000119965",0.0923410097515727
"ENSG00000126903",0.0918036290122579
"ENSG00000106733",0.0916728874980599
"ENSG00000274334",0.091638666341993
"ENSG00000262097",0.0915982021468189
"ENSG00000150281",0.0914939776171996
"ENSG00000088726",0.0914736650131
"ENSG00000013306",0.091436894693894
"ENSG00000146072",0.0912488199780126
"ENSG00000137822",0.091206317120993
"ENSG00000172594",0.0910689072254013
"ENSG00000183527",0.090913070256321
"ENSG00000139132",0.090905112508855
"ENSG00000239791",0.0907959152748541
"ENSG00000111880",0.0907370139003739
"ENSG00000151240",0.0906281415550385
"ENSG00000255851",0.0906086375706781
"ENSG00000151116",0.0904826669246446
"ENSG00000133315",0.0904417056943625
"ENSG00000102349",0.0901897504531502
"ENSG00000090470",0.0900663998320767
"ENSG00000237051",0.0900582313966533
"ENSG00000137124",0.0899994053959064
"ENSG00000180616",0.0899363830024006
"ENSG00000179059",0.0898326877359312
"ENSG00000011028",0.0897807536554621
"ENSG00000294427",0.0897279340111491
"ENSG00000113272",0.0895766346712931
"ENSG00000130590",0.0895111137623735
"ENSG00000268043",0.0893195660312293
"ENSG00000177663",0.0892933640488393
"ENSG00000108578",0.0892293942996765
"ENSG00000268575",0.089209643525922
"ENSG00000295762",0.089062948826825
"ENSG00000139163",0.0888532314175342
"ENSG00000168496",0.0888404289556212
"ENSG00000039319",0.0888175650091902
"ENSG00000064490",0.0882489782860746
"ENSG00000015171",0.0881399017843277
"ENSG00000249345",0.0880899716582878
"ENSG00000168610",0.087944925161064
"ENSG00000125637",0.0878159207075326
"ENSG00000276007",0.0878156300418399
"ENSG00000153046",0.0878126261269733
"ENSG00000136270",0.0877941844590778
"ENSG00000228570",0.0876958917750548
"ENSG00000187605",0.0875809752919875
"ENSG00000250148",0.087531454446259
"ENSG00000161921",0.0869463677613494
"ENSG00000134569",0.086941956670427
"ENSG00000099326",0.0868785559228574
"ENSG00000140829",0.0866727227968935
"ENSG00000139826",0.0866483110565096
"ENSG00000282034",0.0866004978422566
"ENSG00000198276",0.086572612828329
"ENSG00000145780",0.0864770575273312
"ENSG00000132429",0.0864701880948033
"ENSG00000167772",0.0862609307839354
"ENSG00000185480",0.086233073962908
"ENSG00000166889",0.0862153010898579
"ENSG00000234857",0.0861412847104012
"ENSG00000230530",0.0860588529779081
"ENSG00000108924",0.0860162489605709
"ENSG00000287474",0.085962959876465
"ENSG00000293192",0.0859405951269441
"ENSG00000176986",0.0858774991302568
"ENSG00000175354",0.0857304410884964
"ENSG00000121691",0.0855148032759236
"ENSG00000273680",0.0854356464888394
"ENSG00000135720",0.085420280374216
"ENSG00000279227",0.0853968005959646
"ENSG00000205746",0.085364764137243
"ENSG00000085274",0.0853475085926593
"ENSG00000121152",0.0852368181098184
"ENSG00000124356",0.0850457360122017
"ENSG00000011454",0.0849987564566378
"ENSG00000184260",0.0846027066440356
"ENSG00000184432",0.0845828028832816
"ENSG00000135272",0.0845486007724338
"ENSG00000277462",0.0842536324166664
"ENSG00000213366",0.0842025167390235
"ENSG00000169762",0.0839341626198742
"ENSG00000261221",0.083925450286011
"ENSG00000170653",0.083767524412065
"ENSG00000286909",0.0837194166247676
"ENSG00000089220",0.0836885938289705
"ENSG00000103222",0.083372230015616
"ENSG00000155367",0.08323035671459
"ENSG00000235257",0.082846731286279
"ENSG00000177570",0.0825426831010697
"ENSG00000144736",0.0825392984734937
"ENSG00000287925",0.0824435402977939
"ENSG00000188739",0.0824217489465536
"ENSG00000141985",0.0823369952012341
"ENSG00000130707",0.0823362793650897
"ENSG00000082556",0.0822575620199672
"ENSG00000241388",0.0822562136527281
"ENSG00000116514",0.0818466289409177
"ENSG00000104064",0.0817211665041422
"ENSG00000131351",0.0816769066833561
"ENSG00000101605",0.0815845980603587
"ENSG00000139405",0.0815677158245055
"ENSG00000290450",0.0814076275132401
"ENSG00000146918",0.0811825958033147
"ENSG00000163918",0.0811547847363158
"ENSG00000286013",0.0807023951461704
"ENSG00000263843",0.0806732647267056
"ENSG00000075711",0.0805954972037696
"ENSG00000268903",0.0805886484368584
"ENSG00000140284",0.0803322338473404
"ENSG00000286802",0.0803312263653112
"ENSG00000151883",0.0802132546444017
"ENSG00000102038",0.0801225847597548
"ENSG00000164896",0.07993254362841
"ENSG00000173482",0.0799099055036028
"ENSG00000169330",0.0798428914511212
"ENSG00000179859",0.0794662631814944
"ENSG00000006747",0.0794582982176193
"ENSG00000143149",0.0793866378832463
"ENSG00000248587",0.0789712381944523
"ENSG00000143569",0.0789328060495629
"ENSG00000141127",0.0789284195349415
"ENSG00000175040",0.0789048975715775
"ENSG00000225556",0.078862697297848
"ENSG00000145675",0.0788356537621064
"ENSG00000112062",0.0788322019344461
"ENSG00000177125",0.078778341958254
"ENSG00000126522",0.0787361393408932
"ENSG00000141560",0.0787014190428664
"ENSG00000012963",0.0786775663098129
"ENSG00000088451",0.0785330838804142
"ENSG00000062650",0.0785061642196863
"ENSG00000134070",0.078238229801534
"ENSG00000100926",0.0781597516791685
"ENSG00000280378",0.077902314137448
"ENSG00000076650",0.0778914555606058
"ENSG00000120942",0.0778854613859524
"ENSG00000033011",0.0777974576827864
"ENSG00000196408",0.0777951018452285
"ENSG00000140859",0.077784339500882
"ENSG00000181852",0.0776763909119987
"ENSG00000242950",0.0776474927805983
"ENSG00000232679",0.0775929012320938
"ENSG00000104897",0.0774878275166709
"ENSG00000165271",0.0771003193324815
"ENSG00000187554",0.0770792283295014
"ENSG00000151229",0.0770456359603838
"ENSG00000162437",0.0768759062917546
"ENSG00000290912",0.07672735141242
"ENSG00000188613",0.0767011325460415
"ENSG00000304996",0.0766245269299979
"ENSG00000290033",0.0764772409353863
"ENSG00000188092",0.076362133089837
"ENSG00000127831",0.0762234237294268
"ENSG00000104859",0.0760711200815614
"ENSG00000125834",0.0759153984370417
"ENSG00000233760",0.0758626975787704
"ENSG00000133275",0.075667706473138
"ENSG00000134970",0.0756438713973315
"ENSG00000125954",0.0755282099906581
"ENSG00000076604",0.0755137550290492
"ENSG00000205236",0.0754361904973977
"ENSG00000146477",0.0753630839217493
"ENSG00000136271",0.0753592092796185
"ENSG00000293137",0.0753125461946006
"ENSG00000198108",0.0752258782466989
"ENSG00000287431",0.0751796731287827
"ENSG00000186918",0.0748449833033707
"ENSG00000288198",0.0747989266674051
"ENSG00000162129",0.0747825927380916
"ENSG00000160410",0.07471819729798
"ENSG00000188428",0.0746985356382747
"ENSG00000127022",0.0746433509039997
"ENSG00000102981",0.0745797988599644
"ENSG00000122565",0.0744617139826197
"ENSG00000153574",0.0744206060529264
"ENSG00000281917",0.0742828001567676
"ENSG00000115761",0.0742162692310421
"ENSG00000123472",0.0740951823133846
"ENSG00000109536",0.0740063151312923
"ENSG00000288677",0.073727100112988
"ENSG00000247081",0.0736614032006331
"ENSG00000293697",0.0736536491300533
"ENSG00000185737",0.0735222483295744
"ENSG00000103479",0.073488661521524
"ENSG00000011332",0.0733004752923931
"ENSG00000275226",0.073137167666619
"ENSG00000293813",0.0729664307511988
"ENSG00000288091",0.0729229992590306
"ENSG00000248367",0.072805055526554
"ENSG00000272980",0.0726342478357957
"ENSG00000109943",0.0724648094872308
"ENSG00000163633",0.072464211314634
"ENSG00000261423",0.0724220041114325
"ENSG00000114446",0.0723623013087215
"ENSG00000289164",0.0723536809931435
"ENSG00000147050",0.0722631373027954
"ENSG00000119820",0.0721393859861284
"ENSG00000164825",0.0717826739859614
"ENSG00000290556",0.0717721503379082
"ENSG00000255202",0.0716771221428286
"ENSG00000128849",0.0715170940232012
"ENSG00000259230",0.07149745756331
"ENSG00000247121",0.0712775651445085
"ENSG00000273722",0.0712709722906461
"ENSG00000066468",0.0710624403768264
"ENSG00000163739",0.0710569787611354
"ENSG00000261801",0.0710534049787332
"ENSG00000128298",0.0708593025694685
"ENSG00000177105",0.070783950830001
"ENSG00000248008",0.0706986217754539
"ENSG00000115112",0.0706729227513033
"ENSG00000143387",0.0704866887930189
"ENSG00000174498",0.0703270114228854
"ENSG00000286269",0.0703210957977552
"ENSG00000234684",0.0703041475260818
"ENSG00000232593",0.0702540802911152
"ENSG00000303969",0.070019697266775
"ENSG00000281189",0.0699564507696524
"ENSG00000204588",0.0699238246697406
"ENSG00000118508",0.0698971980954439
"ENSG00000130429",0.069774945019258
"ENSG00000196912",0.0697134333854909
"ENSG00000291064",0.0696328807702562
"ENSG00000232807",0.0695917039809592
"ENSG00000271737",0.0694854564313764
"ENSG00000230753",0.0694632519337906
"ENSG00000162407",0.0691936554183648
"ENSG00000135931",0.0691734562447703
"ENSG00000137168",0.0691689639820614
"ENSG00000204305",0.0691532431435749
"ENSG00000010292",0.0691397041531842
"ENSG00000147408",0.0689196265205047
"ENSG00000184402",0.0689160278398958
"ENSG00000233723",0.0688546842318886
"ENSG00000149131",0.0688043273204575
"ENSG00000113734",0.0687217587127233
"ENSG00000251396",0.0686103220148951
"ENSG00000163694",0.0683586648404739
"ENSG00000100116",0.0679618286651258
"ENSG00000213906",0.0679445897305735
"ENSG00000039123",0.067700203719618
"ENSG00000172264",0.0674861273798578
"ENSG00000103066",0.0674189681730247
"ENSG00000122224",0.0673663084389212
"ENSG00000258354",0.0671051560661932
"ENSG00000185909",0.0669439575626864
"ENSG00000226264",0.0668322546459938
"ENSG00000198860",0.0667773848121375
"ENSG00000276445",0.0667040985676642
"ENSG00000283674",0.066654678876244
"ENSG00000021826",0.0665275636029096
"ENSG00000117859",0.0665099510575685
"ENSG00000165757",0.0663901539069825
"ENSG00000185414",0.0663733175938518
"ENSG00000287978",0.0663643908733888
"ENSG00000125398",0.0663323116093183
"ENSG00000228223",0.0663018597915541
"ENSG00000298027",0.0662540176593851
"ENSG00000172171",0.0662520000589436
"ENSG00000057935",0.0661047517897906
"ENSG00000162836",0.0660793042295841
"ENSG00000177602",0.0659439148606116
"ENSG00000277957",0.0659427777232224
"ENSG00000105516",0.0659090787058706
"ENSG00000279901",0.0656474694081733
"ENSG00000132694",0.0656460363207937
"ENSG00000151690",0.0656182724984342
"ENSG00000106701",0.0655731654194088
"ENSG00000155660",0.0654548664313507
"ENSG00000281649",0.0654421064791237
"ENSG00000282386",0.0653745544400927
"ENSG00000135930",0.0651478264080399
"ENSG00000231966",0.0651165407596128
"ENSG00000280355",0.0650769825070199
"ENSG00000169814",0.0648993113294989
"ENSG00000101868",0.0646773371405506
"ENSG00000206337",0.064521951870064
"ENSG00000159461",0.06446441497419
"ENSG00000147119",0.0644514965132143
"ENSG00000130363",0.0643251665286009
"ENSG00000127399",0.0642362210475734
"ENSG00000148719",0.0642027951575497
"ENSG00000169184",0.0641466966471785
"ENSG00000125089",0.0639536974286972
"ENSG00000260285",0.0638525135363146
"ENSG00000140199",0.0638401964739605
"ENSG00000122986",0.063669143004838
"ENSG00000291154",0.0636469014696707
"ENSG00000167861",0.063285691198593
"ENSG00000233948",0.0632507492797587
"ENSG00000170175",0.0630699413623026
"ENSG00000244041",0.0630118898625109
"ENSG00000290952",0.0629865297382105
"ENSG00000243789",0.0629731294026848
"ENSG00000237357",0.0628185329824628
"ENSG00000260101",0.0628086851349285
"ENSG00000177508",0.0626267508026183
"ENSG00000100888",0.0625539113487452
"ENSG00000163931",0.0624594665611579
"ENSG00000291176",0.0624070605082869
"ENSG00000127511",0.0621489351567556
"ENSG00000186908",0.0619792341601113
"ENSG00000130202",0.0619094914064276
"ENSG00000168904",0.0618873546891481
"ENSG00000235569",0.0618753429572063
"ENSG00000165533",0.0617697526136313
"ENSG00000111203",0.0617162015819289
"ENSG00000174032",0.0616984061847442
"ENSG00000239775",0.0615580741868823
"ENSG00000260805",0.0612816807285652
"ENSG00000224740",0.0612413349505132
"ENSG00000131931",0.0609433007125997
"ENSG00000240563",0.0609035483634016
"ENSG00000247796",0.0605742686166358
"ENSG00000164687",0.0604853230742273
"ENSG00000286966",0.0604796224227185
"ENSG00000100319",0.0602688164901883
"ENSG00000184788",0.0599384958566656
"ENSG00000226330",0.0597169899318686
"ENSG00000048991",0.0596378680912105
"ENSG00000101843",0.059459538489143
"ENSG00000254837",0.0593486896630375
"ENSG00000148248",0.0590522605566289
"ENSG00000172717",0.0589502527902872
"ENSG00000261501",0.0587413165825831
"ENSG00000276565",0.0586329790759615
"ENSG00000182704",0.0586317312723046
"ENSG00000291348",0.0586109688565662
"ENSG00000203435",0.0585886835658603
"ENSG00000149089",0.0583760546131987
"ENSG00000293636",0.0581303163075238
"ENSG00000184368",0.0581229680342349
"ENSG00000267213",0.0580900164853576
"ENSG00000085491",0.0579662726422779
"ENSG00000276761",0.0575952350463537
"ENSG00000140443",0.057572569826141
"ENSG00000101850",0.0574761864742885
"ENSG00000135932",0.057391504860301
"ENSG00000297805",0.057340504294356
"ENSG00000108622",0.0572498467540804
"ENSG00000275367",0.0571635920467765
"ENSG00000196821",0.0570191176306512
"ENSG00000259577",0.0568011283897352
"ENSG00000100784",0.0567428168872376
"ENSG00000250397",0.0566684153981728
"ENSG00000101974",0.0566645471607353
"ENSG00000230733",0.0565686605765468
"ENSG00000233718",0.056507871567197
"ENSG00000099139",0.0564805243218564
"ENSG00000294095",0.0562312309067692
"ENSG00000196151",0.0562090636829801
"ENSG00000089505",0.0561337316429661
"ENSG00000127080",0.055796164230528
"ENSG00000036828",0.0557904344970145
"ENSG00000155792",0.0557658501180091
"ENSG00000186104",0.0556614339273914
"ENSG00000109466",0.0556230054563108
"ENSG00000166394",0.0555711863304472
"ENSG00000167080",0.0555630482346217
"ENSG00000280047",0.0553279999717232
"ENSG00000184697",0.0552305761459622
"ENSG00000258559",0.0551644149279833
"ENSG00000130589",0.0550775207593877
"ENSG00000160298",0.0546415718078865
"ENSG00000181284",0.0543552120300976
"ENSG00000126456",0.0543421232728972
"ENSG00000224505",0.0543265276347125
"ENSG00000128951",0.0542294630123521
"ENSG00000162733",0.0541449521767119
"ENSG00000145743",0.0540760367950163
"ENSG00000287545",0.0539093224783981
"ENSG00000136213",0.053849149950632
"ENSG00000083642",0.0537533364640878
"ENSG00000036672",0.053537520081656
"ENSG00000140987",0.0534563744795371
"ENSG00000082497",0.0532140874173442
"ENSG00000166682",0.0531289030252842
"ENSG00000125814",0.0530907508920128
"ENSG00000288018",0.0530772206650621
"ENSG00000279656",0.0530735144055797
"ENSG00000273149",0.0529261188439872
"ENSG00000102804",0.052752629839266
"ENSG00000173805",0.0526491446240192
"ENSG00000154262",0.0526266268224113
"ENSG00000237222",0.0525416275567673
"ENSG00000167562",0.052464460387867
"ENSG00000259343",0.0523131494489891
"ENSG00000260269",0.0521187869612749
"ENSG00000119574",0.0520759866213259
"ENSG00000230316",0.0519014968429939
"ENSG00000163399",0.0518896747764156
"ENSG00000123064",0.0518173510826983
"ENSG00000273604",0.0517439722664138
"ENSG00000275544",0.051675891676954
"ENSG00000152495",0.0516143523432991
"ENSG00000234373",0.0515231426156072
"ENSG00000147099",0.0514751359277388
"ENSG00000120159",0.0513871390160612
"ENSG00000180257",0.0513782448167652
"ENSG00000198677",0.0513372451368646
"ENSG00000174231",0.0512872948933418
"ENSG00000120658",0.0512754667811723
"ENSG00000180448",0.0512735646067363
"ENSG00000121879",0.0512518388465401
"ENSG00000294461",0.0510694303747477
"ENSG00000125901",0.0508410910589107
"ENSG00000267980",0.0506478329634708
"ENSG00000224271",0.0505939668454403
"ENSG00000139719",0.0503822755328324
"ENSG00000293499",0.050116208022818
"ENSG00000146842",0.0499878138918161
"ENSG00000303764",0.0498418215357194
"ENSG00000138629",0.0496573674121456
"ENSG00000103653",0.0494917630894814
"ENSG00000063761",0.049474429951156
"ENSG00000184588",0.0492729812429979
"ENSG00000267426",0.0492433868309166
"ENSG00000144152",0.0491540985659872
"ENSG00000181045",0.0491438269315358
"ENSG00000133030",0.0491070732367173
"ENSG00000276576",0.0489796540211424
"ENSG00000172590",0.0489630928515726
"ENSG00000308605",0.0489276639822276
"ENSG00000308602",0.0481763862308283
"ENSG00000130159",0.0480500965096173
"ENSG00000308825",0.0479870991625135
"ENSG00000281289",0.0478989334154037
"ENSG00000106927",0.0478091607508031
"ENSG00000289145",0.0477043894266282
"ENSG00000085365",0.0476774087454768
"ENSG00000251562",0.0473756703133202
"ENSG00000075391",0.0473149985437977
"ENSG00000256646",0.0472404864123999
"ENSG00000149357",0.0471675442788017
"ENSG00000153310",0.0470984088017737
"ENSG00000166971",0.0470683900160816
"ENSG00000267056",0.0470638335472313
"ENSG00000197548",0.046998785780821
"ENSG00000110195",0.0468955805563296
"ENSG00000100575",0.0468370227809681
"ENSG00000291068",0.0467710839745851
"ENSG00000092871",0.0467136125525835
"ENSG00000066651",0.0465536672884635
"ENSG00000278872",0.0464920301551124
"ENSG00000282228",0.0463079970587527
"ENSG00000076108",0.0462983010429773
"ENSG00000164109",0.0458562371993916
"ENSG00000175920",0.0458469678123591
"ENSG00000228881",0.0457842454166554
"ENSG00000135698",0.0457385737514107
"ENSG00000284879",0.0456434634355395
"ENSG00000215256",0.0455534603217116
"ENSG00000163053",0.0455396825937449
"ENSG00000198886",0.0455357692059897
"ENSG00000277383",0.045468411901737
"ENSG00000165506",0.0454072787899284
"ENSG00000279953",0.0452738353486829
"ENSG00000149716",0.0452067774398934
"ENSG00000269713",0.0448940877781299
"ENSG00000093009",0.0447821273888878
"ENSG00000005448",0.0447255359009931
"ENSG00000129691",0.0447104887943288
"ENSG00000064787",0.0446480660212719
"ENSG00000165548",0.0446357366887262
"ENSG00000157064",0.0445305072093424
"ENSG00000177189",0.0443755748970414
"ENSG00000129933",0.0438844198341316
"ENSG00000282641",0.0438567172358868
"ENSG00000213793",0.0437919059462192
"ENSG00000175147",0.0437723425219527
"ENSG00000103274",0.0436113143019595
"ENSG00000146587",0.0435995654691265
"ENSG00000197714",0.0435592267470249
"ENSG00000109189",0.0435546705810914
"ENSG00000172354",0.0433927332114025
"ENSG00000186162",0.0433325198201596
"ENSG00000064419",0.0433095204436891
"ENSG00000102886",0.0433067392921966
"ENSG00000184634",0.0432759440761383
"ENSG00000072401",0.0429701046978712
"ENSG00000100372",0.0429462571368989
"ENSG00000133247",0.0429187642167259
"ENSG00000229058",0.0428049544076205
"ENSG00000072849",0.042428563669173
"ENSG00000287093",0.042311308737001
"ENSG00000129749",0.0421224299973615
"ENSG00000011523",0.042067068068464
"ENSG00000160991",0.0418648252368488
"ENSG00000286274",0.041760097792107
"ENSG00000104388",0.0416514602021512
"ENSG00000165046",0.0416080025697265
"ENSG00000296299",0.0415169439405195
"ENSG00000148090",0.0413955520344238
"ENSG00000163093",0.0413552966465209
"ENSG00000121481",0.0413418011209722
"ENSG00000196517",0.0410687314457804
"ENSG00000204524",0.0410662972233413
"ENSG00000196405",0.0409579019508453
"ENSG00000166352",0.0408861916086535
"ENSG00000184617",0.0408650474791169
"ENSG00000113522",0.0407426728820353
"ENSG00000284776",0.0405687386155928
"ENSG00000170919",0.0404977203658746
"ENSG00000260507",0.0404125324857879
"ENSG00000105520",0.0402044779067903
"ENSG00000081052",0.0401862815505927
"ENSG00000237883",0.0398961901510484
"ENSG00000070404",0.0397908417403734
"ENSG00000106305",0.0396317530775089
"ENSG00000143258",0.0395984632900852
"ENSG00000234431",0.0395258618852415
"ENSG00000261618",0.0394650471281012
"ENSG00000275430",0.0393835449204616
"ENSG00000196843",0.0392094472602171
"ENSG00000049245",0.0392084156327746
"ENSG00000103018",0.0392075157998466
"ENSG00000102003",0.0386346716462278
"ENSG00000238058",0.0384061535224416
"ENSG00000175634",0.0383357526900533
"ENSG00000251161",0.0382918563505619
"ENSG00000131944",0.0382568024266546
"ENSG00000226029",0.0382214316109829
"ENSG00000133106",0.0379631902421055
"ENSG00000115073",0.037923931134327
"ENSG00000140943",0.0378374433511513
"ENSG00000277369",0.0378166802762788
"ENSG00000231769",0.0373479532840021
"ENSG00000163635",0.037157558745124
"ENSG00000096093",0.0369549221613976
"ENSG00000125484",0.0368658234162172
"ENSG00000198832",0.0367460619333149
"ENSG00000167842",0.0366278967537579
"ENSG00000068784",0.0364993047437043
"ENSG00000156875",0.0364228671475345
"ENSG00000139433",0.036193212733952
"ENSG00000290584",0.0361571610759096
"ENSG00000118503",0.0361182638783709
"ENSG00000130222",0.0359767128877199
"ENSG00000149084",0.0358898109897987
"ENSG00000280618",0.0356622281421746
"ENSG00000279425",0.0355736136780359
"ENSG00000235661",0.0354574647552803
"ENSG00000133612",0.0353914925447339
"ENSG00000150347",0.0351936620689388
"ENSG00000224411",0.0349696346669589
"ENSG00000288698",0.0349283310359037
"ENSG00000296197",0.0349259889275672
"ENSG00000178952",0.0349114256140139
"ENSG00000293592",0.0347213993817813
"ENSG00000261542",0.0347073873235417
"ENSG00000166920",0.0346299387904041
"ENSG00000279320",0.034613960515933
"ENSG00000265491",0.0345191529635727
"ENSG00000300374",0.0342634144124565
"ENSG00000235092",0.0342422609547925
"ENSG00000115486",0.0341113366705483
"ENSG00000170185",0.033923670933968
"ENSG00000271862",0.0337447008557374
"ENSG00000092853",0.0334767004823083
"ENSG00000107872",0.0333705561659885
"ENSG00000170471",0.0332965529524998
"ENSG00000102096",0.0331203999287453
"ENSG00000289622",0.0329480123900739
"ENSG00000006534",0.0329432855824812
"ENSG00000307599",0.0327087142988182
"ENSG00000115239",0.0322614469694108
"ENSG00000261560",0.0320422031237348
"ENSG00000141698",0.0319122299457532
"ENSG00000257038",0.0318585000243217
"ENSG00000290441",0.0317947955942828
"ENSG00000293164",0.0317050864495015
"ENSG00000115020",0.0316535407177596
"ENSG00000168802",0.0315967528339439
"ENSG00000178307",0.0315251052280085
"ENSG00000214941",0.031330844238849
"ENSG00000106415",0.0312794822189709
"ENSG00000173442",0.0309767070028647
"ENSG00000163468",0.0309489995705603
"ENSG00000168256",0.0307048222136637
"ENSG00000146678",0.0306926743145382
"ENSG00000166192",0.0305959605100384
"ENSG00000139436",0.0303421206212303
"ENSG00000197408",0.0302845927212725
"ENSG00000154358",0.0302403393753457
"ENSG00000213139",0.0302400165580585
"ENSG00000140548",0.0302323906627127
"ENSG00000170961",0.0301131330314551
"ENSG00000258366",0.0301015065051755
"ENSG00000186862",0.0300904102079281
"ENSG00000144852",0.0298951630210073
"ENSG00000305737",0.0298398821912175
"ENSG00000196850",0.0296915096166563
"ENSG00000125538",0.0295615233557909
"ENSG00000221886",0.0295601911032353
"ENSG00000173548",0.0294984519047469
"ENSG00000127666",0.0294572861682602
"ENSG00000250731",0.0293578904085304
"ENSG00000125351",0.029166260345953
"ENSG00000287258",0.0286788640901464
"ENSG00000167695",0.0285773919669554
"ENSG00000089916",0.0285586142952189
"ENSG00000204977",0.0284872814189442
"ENSG00000102539",0.0284309292806812
"ENSG00000115129",0.0283005031027775
"ENSG00000095587",0.0282696156578222
"ENSG00000153898",0.0282465618772282
"ENSG00000114698",0.0282459516456178
"ENSG00000230409",0.0281902495017257
"ENSG00000277142",0.0281670050313366
"ENSG00000170604",0.0281358710002457
"ENSG00000107201",0.0280703712685404
"ENSG00000126106",0.0280474707139584
"ENSG00000250859",0.0280332004653591
"ENSG00000257894",0.0279906135059417
"ENSG00000162377",0.0279364806322407
"ENSG00000253361",0.0279197384291196
"ENSG00000137642",0.0276502633224398
"ENSG00000141905",0.0273471099987518
"ENSG00000077235",0.0271452680155707
"ENSG00000148339",0.0271152461556092
"ENSG00000271913",0.0271010287647665
"ENSG00000115221",0.0269847755622495
"ENSG00000134243",0.0269838776133384
"ENSG00000123684",0.0268370325020176
"ENSG00000253948",0.0268189567920508
"ENSG00000275851",0.0268158812667518
"ENSG00000112561",0.0266385549255384
"ENSG00000223932",0.026475060244667
"ENSG00000136536",0.0263902645977077
"ENSG00000197594",0.0262756432564112
"ENSG00000248971",0.0261587142907996
"ENSG00000169084",0.0261344051751005
"ENSG00000258311",0.0260848585943756
"ENSG00000282057",0.0260534406323881
"ENSG00000269842",0.0259590210769666
"ENSG00000081277",0.0259471544613151
"ENSG00000279118",0.0259164919786904
"ENSG00000300506",0.0258893599607155
"ENSG00000112992",0.0258372050536231
"ENSG00000162069",0.0255624662189042
"ENSG00000176463",0.0255234275241525
"ENSG00000171243",0.0254538335700299
"ENSG00000112079",0.0252036506384396
"ENSG00000131263",0.0249737502416653
"ENSG00000166126",0.0249430661924842
"ENSG00000261071",0.0248490845064501
"ENSG00000165996",0.0248058006418594
"ENSG00000188807",0.0247484320731421
"ENSG00000155621",0.0247078670792113
"ENSG00000110628",0.0246969652062203
"ENSG00000188687",0.0246596222622582
"ENSG00000138794",0.0246190198219925
"ENSG00000138166",0.0244378450077352
"ENSG00000293084",0.0242827134714121
"ENSG00000197608",0.024280630339429
"ENSG00000180155",0.0240844439367529
"ENSG00000118777",0.0239506058235543
"ENSG00000150722",0.023865222195486
"ENSG00000139496",0.0236583063222186
"ENSG00000189376",0.0236258082218103
"ENSG00000101363",0.0234950166325958
"ENSG00000174238",0.0233106535500975
"ENSG00000104313",0.0232504711049449
"ENSG00000164251",0.0230059857053745
"ENSG00000299943",0.0229849085160255
"ENSG00000137700",0.0229486267988295
"ENSG00000225891",0.0228785228928847
"ENSG00000102172",0.0228251425953447
"ENSG00000165457",0.0226911560201564
"ENSG00000236753",0.0226611130522661
"ENSG00000055332",0.0226349061856177
"ENSG00000185420",0.0225086485786026
"ENSG00000243232",0.0224410794688008
"ENSG00000156860",0.0223762401261862
"ENSG00000293539",0.0221413263171619
"ENSG00000240445",0.0220860687694485
"ENSG00000171634",0.0220754386706763
"ENSG00000072756",0.0218661387957319
"ENSG00000162461",0.0218246649517975
"ENSG00000105982",0.0217190442252868
"ENSG00000280285",0.0216439448653685
"ENSG00000205426",0.0215627942017758
"ENSG00000129353",0.0215403927913111
"ENSG00000134440",0.0215022573056507
"ENSG00000285934",0.0213161302067488
"ENSG00000112320",0.0212029107791578
"ENSG00000171119",0.0211727050428328
"ENSG00000248483",0.0209158805537342
"ENSG00000109861",0.0203144349559887
"ENSG00000289929",0.0202991443484934
"ENSG00000259275",0.020186390430644
"ENSG00000273574",0.0201770941504119
"ENSG00000243137",0.020161174890036
"ENSG00000138311",0.0200319240233452
"ENSG00000233966",0.0199753854493661
"ENSG00000005486",0.0199699641545839
"ENSG00000137312",0.0199501466494578
"ENSG00000295864",0.0198254618778723
"ENSG00000172519",0.0198180486789673
"ENSG00000231945",0.0197082896765368
"ENSG00000298710",0.019444043279683
"ENSG00000245060",0.0194350074781002
"ENSG00000155229",0.0191762750733063
"ENSG00000073737",0.0191508124253502
"ENSG00000307773",0.0190719824767501
"ENSG00000181513",0.0188835180576291
"ENSG00000108055",0.018832049712863
"ENSG00000136379",0.018747728339943
"ENSG00000141034",0.0186144779605491
"ENSG00000126464",0.0183076565292698
"ENSG00000269983",0.0182799808892656
"ENSG00000162928",0.017987183882786
"ENSG00000303442",0.0177966851087769
"ENSG00000101150",0.0177221709657018
"ENSG00000254166",0.017460974928545
"ENSG00000136490",0.0173583675333909
"ENSG00000158169",0.0173552379912352
"ENSG00000293838",0.0171312217225482
"ENSG00000280707",0.0170031892888699
"ENSG00000267226",0.0168984918529981
"ENSG00000244503",0.0168179602829535
"ENSG00000288851",0.0166790589758686
"ENSG00000286279",0.0166501588603777
"ENSG00000177685",0.0166274038869876
"ENSG00000100897",0.0161068258777224
"ENSG00000163040",0.0160537446257051
"ENSG00000079739",0.0159433074848788
"ENSG00000149177",0.0158864151880658
"ENSG00000152763",0.0157751318272582
"ENSG00000171291",0.0157711436514698
"ENSG00000280132",0.0157577034504979
"ENSG00000248568",0.015678916791149
"ENSG00000217801",0.0155672440914976
"ENSG00000142910",0.0155362453261111
"ENSG00000145833",0.0154606106984781
"ENSG00000137776",0.0154345870061133
"ENSG00000124313",0.0154337451425029
"ENSG00000267394",0.0151476057336946
"ENSG00000119801",0.0150982342110627
"ENSG00000151500",0.0146913579035964
"ENSG00000306533",0.0146350318843863
"ENSG00000143252",0.0145344222371472
"ENSG00000136279",0.014184167488606
"ENSG00000262788",0.0141018078669933
"ENSG00000165804",0.0139465390555718
"ENSG00000280152",0.0139185011018425
"ENSG00000249884",0.0138928593264383
"ENSG00000113460",0.0137908506072512
"ENSG00000164362",0.0137740366876734
"ENSG00000125462",0.013630321472348
"ENSG00000175806",0.0135808908147349
"ENSG00000260719",0.0134458280191497
"ENSG00000237900",0.0134137092190451
"ENSG00000172006",0.013142198437893
"ENSG00000187735",0.0131274664789102
"ENSG00000217930",0.0130435710926236
"ENSG00000188542",0.0130310915053481
"ENSG00000142330",0.0128682578159578
"ENSG00000152217",0.0127028494473511
"ENSG00000105409",0.0126369781547995
"ENSG00000118495",0.0126227469666224
"ENSG00000205339",0.0125329650027236
"ENSG00000171621",0.0125161031324954
"ENSG00000241058",0.0124361931292031
"ENSG00000010404",0.0123083057809369
"ENSG00000168062",0.012293521619914
"ENSG00000238287",0.0121277934303903
"ENSG00000291141",0.0120267894909388
"ENSG00000305926",0.0119541811439214
"ENSG00000069431",0.0118788497259635
"ENSG00000275494",0.0118112030435896
"ENSG00000130829",0.0118074266004982
"ENSG00000203724",0.0117986677741108
"ENSG00000308579",0.0117913696846292
"ENSG00000143126",0.0117668100420256
"ENSG00000185339",0.0116812198448215
"ENSG00000155542",0.0115931056609369
"ENSG00000270127",0.0115860260829121
"ENSG00000272669",0.0113534790949893
"ENSG00000170634",0.0111583434069435
"ENSG00000169327",0.01111461124335
"ENSG00000225383",0.01111211227453
"ENSG00000162433",0.0107590268219852
"ENSG00000116205",0.0107165003046247
"ENSG00000251349",0.0106813926643738
"ENSG00000144362",0.0105753971883891
"ENSG00000134369",0.0105051233212603
"ENSG00000174599",0.0102954694673705
"ENSG00000026652",0.0102529846868244
"ENSG00000280810",0.010199691583533
"ENSG00000114416",0.010140084369396
"ENSG00000304564",0.0101222358852559
"ENSG00000173210",0.010078829028598
"ENSG00000067082",0.0100562779647408
"ENSG00000257966",0.0100473651095767
"ENSG00000198818",0.0100002479346231
"ENSG00000152380",0.00983294307885815
"ENSG00000153292",0.00959084384885427
"ENSG00000259590",0.00954061983859544
"ENSG00000263680",0.00927131190869197
"ENSG00000221988",0.00922881443689291
"ENSG00000091157",0.00916627427096114
"ENSG00000196083",0.00884969992493391
"ENSG00000065615",0.00881336225837398
"ENSG00000129538",0.00876648810732373
"ENSG00000227704",0.00873044893365993
"ENSG00000288604",0.00860346205491999
"ENSG00000294546",0.0085538196064857
"ENSG00000171067",0.00826087177060484
"ENSG00000185670",0.00813815193833056
"ENSG00000183111",0.00805241996505672
"ENSG00000300700",0.0079990299624573
"ENSG00000153786",0.00783193112754482
"ENSG00000145491",0.00761484680089768
"ENSG00000104381",0.00745711485270582
"ENSG00000163220",0.00745272357067017
"ENSG00000164591",0.00732691676460255
"ENSG00000206446",0.00727406652107745
"ENSG00000149295",0.00726089166870459
"ENSG00000251249",0.00717785085365851
"ENSG00000271824",0.00714574918946888
"ENSG00000183020",0.00709039910975329
"ENSG00000271086",0.00707489279101426
"ENSG00000212747",0.00703508844589039
"ENSG00000166333",0.0070226335097161
"ENSG00000060971",0.00671449633612011
"ENSG00000185049",0.00654199522713198
"ENSG00000290758",0.0064853552201291
"ENSG00000161036",0.00641693564016551
"ENSG00000179833",0.00640056197777727
"ENSG00000270956",0.00636388489220059
"ENSG00000151498",0.0061863862027446
"ENSG00000188486",0.00618474540446893
"ENSG00000163702",0.00604193965475586
"ENSG00000137992",0.00591259147115681
"ENSG00000285531",0.00587199183756003
"ENSG00000103544",0.00586948537878335
"ENSG00000297343",0.00551516696921095
"ENSG00000255690",0.00546822185405241
"ENSG00000160352",0.00544108010733694
"ENSG00000188167",0.00536859650100559
"ENSG00000185267",0.00518428880982271
"ENSG00000169967",0.00512156974700525
"ENSG00000224156",0.00511377433359123
"ENSG00000112130",0.00510926478809546
"ENSG00000115762",0.00461728601720553
"ENSG00000170222",0.00445642457378084
"ENSG00000289589",0.00439093601671618
"ENSG00000240429",0.00427334052090916
"ENSG00000127838",0.00414805720106207
"ENSG00000291060",0.00409657923580953
"ENSG00000146858",0.00407119441821777
"ENSG00000267645",0.00393905560786231
"ENSG00000160049",0.00380604767481983
"ENSG00000111012",0.00373469643495779
"ENSG00000290008",0.0036808368074945
"ENSG00000172172",0.00355453644145536
"ENSG00000170113",0.00349355396784785
"ENSG00000004139",0.0034689098629055
"ENSG00000279790",0.00312928649587049
"ENSG00000168612",0.00302893114911294
"ENSG00000150593",0.00300781959038706
"ENSG00000130544",0.00296699034780049
"ENSG00000135972",0.0027047858639684
"ENSG00000160111",0.002478047672871
"ENSG00000224078",0.0023511892462502
"ENSG00000275223",0.0022422745362474
"ENSG00000213185",0.00208925440065197
"ENSG00000197249",0.00166716205627064
"ENSG00000179133",0.00157502774945729
"ENSG00000157322",0.00146317899634101
"ENSG00000136824",0.00144367015276228
"ENSG00000147041",0.00133138866521892
"ENSG00000147274",0.001318507273205
"ENSG00000289004",0.00126762576941395
"ENSG00000089351",0.00120273768263894
"ENSG00000141401",0.00117079208239313
"ENSG00000137942",0.00115889816707732
"ENSG00000134716",0.00107509282547398
"ENSG00000132670",0.0010503286893709
"ENSG00000134884",0.00102964853735772
"ENSG00000135220",0.000900725626398416
"ENSG00000279692",0.000734118793144096
"ENSG00000186867",0.000653537522708547
"ENSG00000167969",0.000505172084099895
"ENSG00000136925",0.000453458308744898
"ENSG00000138286",0.000320590125429461
"ENSG00000166669",0.00030578667291935
"ENSG00000230825",0.000250159425883416
"ENSG00000168884",0.00022405912179185
"ENSG00000053918",0.000173603829045376
"ENSG00000152061",4.72489479404115e-05
"ENSG00000088325",-4.14778714973971e-05
"ENSG00000152661",-7.60079331354108e-05
"ENSG00000295408",-0.000118100812014229
"ENSG00000120802",-0.000155599412775888
"ENSG00000226742",-0.000162844992644942
"ENSG00000224023",-0.000289420043333093
"ENSG00000285867",-0.00040082936973358
"ENSG00000139800",-0.0009095138613326
"ENSG00000224398",-0.00107193963593674
"ENSG00000295916",-0.00123576002662747
"ENSG00000286019",-0.00143892712434674
"ENSG00000197180",-0.00157264048963172
"ENSG00000165030",-0.00167875519747459
"ENSG00000289889",-0.00173796776603046
"ENSG00000285577",-0.00179050226694565
"ENSG00000308966",-0.00188905774923412
"ENSG00000131236",-0.0019949492252926
"ENSG00000269335",-0.00202251253832487
"ENSG00000104343",-0.0020866254597412
"ENSG00000185104",-0.00216620938094006
"ENSG00000164088",-0.0021788510134829
"ENSG00000204130",-0.00225390776273141
"ENSG00000293057",-0.00230378707878571
"ENSG00000261971",-0.00231923123240145
"ENSG00000138646",-0.00233072563253883
"ENSG00000286408",-0.00256128014394204
"ENSG00000157368",-0.00260995346367132
"ENSG00000161277",-0.0027619749705768
"ENSG00000116560",-0.00278128519734201
"ENSG00000130561",-0.0027815056329099
"ENSG00000141504",-0.00279580021190848
"ENSG00000105700",-0.00279979095960659
"ENSG00000260456",-0.00309801337341053
"ENSG00000151748",-0.00320818264692369
"ENSG00000110925",-0.00327214710027289
"ENSG00000294017",-0.00328161563140308
"ENSG00000129990",-0.00345986997385649
"ENSG00000005238",-0.00351637742579021
"ENSG00000110011",-0.00359896942938692
"ENSG00000264575",-0.00378163098338781
"ENSG00000233024",-0.00387432705769836
"ENSG00000179262",-0.00406764351337906
"ENSG00000260267",-0.00415228101456626
"ENSG00000204634",-0.00420639004408055
"ENSG00000282993",-0.00422321188050825
"ENSG00000162999",-0.0042607281231782
"ENSG00000178026",-0.00429587466569765
"ENSG00000179119",-0.00463258088125807
"ENSG00000162298",-0.00464032846848065
"ENSG00000101639",-0.0046439806342362
"ENSG00000181404",-0.00470427945945118
"ENSG00000301730",-0.00498094212625147
"ENSG00000213801",-0.00504965150563303
"ENSG00000239887",-0.0050836368070812
"ENSG00000076242",-0.00515563034061375
"ENSG00000306277",-0.00532279808164924
"ENSG00000260442",-0.00557190116158588
"ENSG00000106617",-0.00565705301801663
"ENSG00000130270",-0.00566628557227931
"ENSG00000134324",-0.00571204863055946
"ENSG00000241769",-0.00578325968945565
"ENSG00000242612",-0.00603642650652766
"ENSG00000163746",-0.00610850982238548
"ENSG00000186472",-0.00616885207635265
"ENSG00000186660",-0.00618711042480645
"ENSG00000146425",-0.00629292886585694
"ENSG00000204856",-0.00640730869163761
"ENSG00000233223",-0.00658049811669919
"ENSG00000227317",-0.00676331218448375
"ENSG00000259736",-0.00681577648061614
"ENSG00000166855",-0.00691485193779269
"ENSG00000162599",-0.00720191790623972
"ENSG00000117448",-0.00721031782059809
"ENSG00000197658",-0.0072394756523257
"ENSG00000138796",-0.0072989736285014
"ENSG00000205078",-0.00740232641821447
"ENSG00000245812",-0.00753509822827881
"ENSG00000105479",-0.00762632006022123
"ENSG00000259642",-0.00762742947166567
"ENSG00000115718",-0.00771495829393369
"ENSG00000291038",-0.00794728587581524
"ENSG00000145545",-0.00802205161586759
"ENSG00000117586",-0.00818861670900451
"ENSG00000113648",-0.00822243714133002
"ENSG00000268889",-0.00833650341150256
"ENSG00000126261",-0.00838223755263289
"ENSG00000168286",-0.00874884427425806
"ENSG00000279348",-0.00875895065434943
"ENSG00000293455",-0.00903046562375272
"ENSG00000104312",-0.00910107052365358
"ENSG00000168994",-0.00913910497723279
"ENSG00000132911",-0.00926294096480597
"ENSG00000159958",-0.00939672928978504
"ENSG00000225890",-0.00941594050028853
"ENSG00000253865",-0.0094993704679326
"ENSG00000248333",-0.00951575304038811
"ENSG00000149658",-0.00965788002112048
"ENSG00000279792",-0.00996011958865902
"ENSG00000288584",-0.0102453071761352
"ENSG00000087111",-0.0103048815633576
"ENSG00000170927",-0.0104160481020333
"ENSG00000176024",-0.0104319421744936
"ENSG00000117569",-0.0104880707960958
"ENSG00000173349",-0.0106751847562646
"ENSG00000196684",-0.0107915108788585
"ENSG00000163900",-0.0108466104345596
"ENSG00000123268",-0.0108630010467101
"ENSG00000082701",-0.0109646578021761
"ENSG00000269743",-0.0110098477032973
"ENSG00000196396",-0.0111840357703702
"ENSG00000138617",-0.011234938714127
"ENSG00000159055",-0.0112702452372977
"ENSG00000176399",-0.0114384706487193
"ENSG00000105784",-0.0114708144676145
"ENSG00000050327",-0.0115507793208139
"ENSG00000157911",-0.0115878402621809
"ENSG00000291153",-0.0117250841868271
"ENSG00000100316",-0.0117730072107134
"ENSG00000108389",-0.0119547435785115
"ENSG00000286652",-0.0120364097776961
"ENSG00000196428",-0.0123829287009197
"ENSG00000164266",-0.0124203671161165
"ENSG00000215068",-0.012480102231313
"ENSG00000260643",-0.0126551273794413
"ENSG00000172062",-0.0127413702346105
"ENSG00000002726",-0.0127413984689944
"ENSG00000136628",-0.0129196261346831
"ENSG00000260018",-0.0130487454469411
"ENSG00000241889",-0.0131940479330393
"ENSG00000145088",-0.0132052339131996
"ENSG00000290865",-0.0134601292148765
"ENSG00000271826",-0.0135569544196205
"ENSG00000181378",-0.0137218578944685
"ENSG00000146411",-0.0139437403945312
"ENSG00000228065",-0.0139763048295482
"ENSG00000253710",-0.0140624585900499
"ENSG00000290469",-0.0140680417369971
"ENSG00000165280",-0.0141296875307749
"ENSG00000239523",-0.0141908305255941
"ENSG00000124222",-0.0142174126476805
"ENSG00000077092",-0.0143125047249533
"ENSG00000103194",-0.0143893424414005
"ENSG00000238113",-0.0143960559866179
"ENSG00000165886",-0.0144597443403179
"ENSG00000143303",-0.0146084551623598
"ENSG00000286443",-0.0147104987817012
"ENSG00000293422",-0.014819431797736
"ENSG00000198081",-0.0151299968532831
"ENSG00000155463",-0.0151336577030509
"ENSG00000185947",-0.0151544612332687
"ENSG00000293190",-0.0152941495543796
"ENSG00000260953",-0.0153739455003314
"ENSG00000214787",-0.0154592097688994
"ENSG00000111052",-0.0157409172750799
"ENSG00000138829",-0.0158530332117383
"ENSG00000235078",-0.015930478211574
"ENSG00000213339",-0.0159448797514687
"ENSG00000138100",-0.0160932009151459
"ENSG00000117069",-0.0164606006028792
"ENSG00000225824",-0.0164781069643165
"ENSG00000242711",-0.0165006916244452
"ENSG00000065809",-0.0168131241614832
"ENSG00000198912",-0.0168630347750698
"ENSG00000277879",-0.0169225934363595
"ENSG00000175215",-0.0169834434992502
"ENSG00000090661",-0.0170407111751972
"ENSG00000255224",-0.0175397294931034
"ENSG00000289469",-0.01768903956242
"ENSG00000160877",-0.0176969795636631
"ENSG00000284738",-0.0176980834141975
"ENSG00000225989",-0.017778752194546
"ENSG00000140830",-0.0178336360186716
"ENSG00000145623",-0.0178439572266106
"ENSG00000175874",-0.0180134289810119
"ENSG00000266308",-0.0181630258312201
"ENSG00000135535",-0.0182723171765661
"ENSG00000146216",-0.0185243813459768
"ENSG00000188488",-0.019075176609086
"ENSG00000148219",-0.0191833921527599
"ENSG00000234492",-0.0194443895873049
"ENSG00000178996",-0.019494329824074
"ENSG00000237499",-0.0195992361036058
"ENSG00000163006",-0.0196897527041836
"ENSG00000215018",-0.0197004109983819
"ENSG00000132613",-0.0198185241416734
"ENSG00000162959",-0.0199500056223206
"ENSG00000174804",-0.0200726946370524
"ENSG00000213699",-0.020134776269296
"ENSG00000103472",-0.020160085145078
"ENSG00000173928",-0.0204858233842817
"ENSG00000198960",-0.0205932938339688
"ENSG00000125821",-0.0207665055849694
"ENSG00000118600",-0.0208242332607499
"ENSG00000243155",-0.0209045245135167
"ENSG00000271869",-0.0209696532762895
"ENSG00000295447",-0.021087670054731
"ENSG00000108406",-0.0211124022214276
"ENSG00000165102",-0.0211635870235608
"ENSG00000148842",-0.0216762881431723
"ENSG00000205835",-0.0218015137120029
"ENSG00000227533",-0.021839172465183
"ENSG00000147853",-0.0219354707606111
"ENSG00000290810",-0.0221607895510553
"ENSG00000064225",-0.0221677726803871
"ENSG00000175213",-0.0224783484734285
"ENSG00000181240",-0.0225043355886212
"ENSG00000287260",-0.0225732329044686
"ENSG00000293147",-0.0228348848553897
"ENSG00000100038",-0.0229200275714215
"ENSG00000276107",-0.0229637365590431
"ENSG00000108953",-0.022987607450998
"ENSG00000164970",-0.0230669504951245
"ENSG00000273247",-0.0231820020370402
"ENSG00000164430",-0.0233084768884676
"ENSG00000133639",-0.0234508927922912
"ENSG00000115414",-0.0237184568031208
"ENSG00000145414",-0.0239205913295834
"ENSG00000236423",-0.0240739960587163
"ENSG00000144785",-0.0240864583090474
"ENSG00000271503",-0.0241137491956019
"ENSG00000123154",-0.0242187262479324
"ENSG00000096968",-0.0242262324670766
"ENSG00000308452",-0.0243361566024167
"ENSG00000165105",-0.0243803739336174
"ENSG00000301424",-0.0244916979600975
"ENSG00000163807",-0.024510661553953
"ENSG00000153283",-0.0245544725271326
"ENSG00000125618",-0.0245721217144914
"ENSG00000160781",-0.0247151894873709
"ENSG00000130413",-0.024732598192362
"ENSG00000196576",-0.0247531552455061
"ENSG00000259727",-0.024831975058847
"ENSG00000169981",-0.0251104017361059
"ENSG00000164932",-0.0252550752950185
"ENSG00000121766",-0.0255023748078383
"ENSG00000157933",-0.0255371198108366
"ENSG00000178852",-0.026113693608116
"ENSG00000293957",-0.0262585172500415
"ENSG00000308555",-0.0263357926876208
"ENSG00000310566",-0.0265307836987808
"ENSG00000119640",-0.0266919936013095
"ENSG00000228198",-0.0268590945214899
"ENSG00000285943",-0.0269976586396725
"ENSG00000270066",-0.0270467436265328
"ENSG00000086189",-0.0271341329569548
"ENSG00000145715",-0.0271841412702034
"ENSG00000297224",-0.0272137400450176
"ENSG00000298156",-0.0273324115429285
"ENSG00000197037",-0.0273487400414723
"ENSG00000134852",-0.0273739543629501
"ENSG00000111962",-0.027445707073494
"ENSG00000120910",-0.0275154454611857
"ENSG00000249859",-0.0275595170872247
"ENSG00000100241",-0.0278266556909154
"ENSG00000179889",-0.0279723805676191
"ENSG00000260230",-0.0281502237303978
"ENSG00000106355",-0.0282549577236037
"ENSG00000111913",-0.0282777606781937
"ENSG00000301488",-0.028326612640869
"ENSG00000073150",-0.0284226916377012
"ENSG00000285796",-0.0286014279920828
"ENSG00000102908",-0.0287103413286826
"ENSG00000263080",-0.0287165297686651
"ENSG00000156735",-0.0287309564301042
"ENSG00000170385",-0.0287646380578121
"ENSG00000272221",-0.028962839154744
"ENSG00000242622",-0.0290439770009793
"ENSG00000114861",-0.0290926432840998
"ENSG00000130545",-0.0292062120238804
"ENSG00000257497",-0.0293699920429951
"ENSG00000163634",-0.0293780706661519
"ENSG00000280594",-0.029771280586872
"ENSG00000142065",-0.0299112475215435
"ENSG00000234465",-0.0301288970090042
"ENSG00000134574",-0.0303450604543666
"ENSG00000204469",-0.0305085055362976
"ENSG00000269190",-0.0305690105392085
"ENSG00000177352",-0.0305853502466746
"ENSG00000258441",-0.0306851306655128
"ENSG00000184227",-0.0308491807625576
"ENSG00000266962",-0.0309111570780693
"ENSG00000100196",-0.0310215618456263
"ENSG00000291207",-0.0310394200817224
"ENSG00000260879",-0.0310751681555692
"ENSG00000174748",-0.0311097627386988
"ENSG00000103549",-0.0312978744820328
"ENSG00000148411",-0.0314721621256575
"ENSG00000113448",-0.0315906528234117
"ENSG00000148426",-0.0316839534356164
"ENSG00000171425",-0.0317743062185398
"ENSG00000183891",-0.032017764515463
"ENSG00000253910",-0.0320750065777535
"ENSG00000289356",-0.0321695359183959
"ENSG00000134901",-0.0321998218805262
"ENSG00000289700",-0.0322890976392079
"ENSG00000158301",-0.0323429238732838
"ENSG00000104892",-0.0323786972563027
"ENSG00000186235",-0.0323969856983169
"ENSG00000165702",-0.032569160915715
"ENSG00000147533",-0.0327957375255135
"ENSG00000146576",-0.0329782277194178
"ENSG00000129518",-0.0331306455832429
"ENSG00000227292",-0.0333288999118018
"ENSG00000288324",-0.033362081451119
"ENSG00000171903",-0.0333641166426118
"ENSG00000290576",-0.0335132756477689
"ENSG00000164849",-0.0335159750185878
"ENSG00000241360",-0.0338422009161513
"ENSG00000060656",-0.0341569276349961
"ENSG00000083444",-0.034182145369491
"ENSG00000105135",-0.0342236739435052
"ENSG00000308641",-0.0343708109423756
"ENSG00000112578",-0.0345011350312112
"ENSG00000301639",-0.0347805460589527
"ENSG00000139531",-0.0349395556524419
"ENSG00000055208",-0.0349957170437859
"ENSG00000168003",-0.0352216171896814
"ENSG00000107984",-0.035264636942126
"ENSG00000110395",-0.035308448093144
"ENSG00000125149",-0.0354218522562073
"ENSG00000117984",-0.0354662108907618
"ENSG00000292378",-0.0355479280199542
"ENSG00000215915",-0.0356444892494041
"ENSG00000150459",-0.03566106827534
"ENSG00000162738",-0.0359079092062739
"ENSG00000105552",-0.0362414451103498
"ENSG00000143036",-0.0362638838635821
"ENSG00000228080",-0.0364156900412811
"ENSG00000262152",-0.0364423343223932
"ENSG00000273748",-0.0364454984642553
"ENSG00000121644",-0.0364921333752736
"ENSG00000134186",-0.0367179747996234
"ENSG00000266340",-0.0370551031981696
"ENSG00000131771",-0.0370821804284811
"ENSG00000112029",-0.0371400244382817
"ENSG00000260086",-0.0373369794697711
"ENSG00000304218",-0.0375292945325714
"ENSG00000040608",-0.037631495069532
"ENSG00000291050",-0.037833772970686
"ENSG00000128266",-0.0378763412075998
"ENSG00000182446",-0.0378813054251718
"ENSG00000279246",-0.0379822610462982
"ENSG00000248663",-0.0379990385526644
"ENSG00000180861",-0.038045270437854
"ENSG00000248243",-0.0383470040234758
"ENSG00000309043",-0.0388797552036025
"ENSG00000267383",-0.0389787706593335
"ENSG00000126821",-0.0390129305384263
"ENSG00000283041",-0.0390962963654437
"ENSG00000234078",-0.0391052166927487
"ENSG00000268061",-0.0391058907288765
"ENSG00000170439",-0.039128197002325
"ENSG00000276184",-0.0392229708215975
"ENSG00000163584",-0.0392316058249387
"ENSG00000267549",-0.039259539440007
"ENSG00000279741",-0.0393966823903534
"ENSG00000293317",-0.0395685733979415
"ENSG00000132326",-0.0397472843903761
"ENSG00000146859",-0.040109351590066
"ENSG00000102934",-0.0401247949320523
"ENSG00000125772",-0.0402116269844096
"ENSG00000144214",-0.0402357707599102
"ENSG00000082014",-0.0402428445514787
"ENSG00000203711",-0.0403348349151818
"ENSG00000109762",-0.0403432669155256
"ENSG00000289009",-0.0407173353742099
"ENSG00000178988",-0.0407460172839404
"ENSG00000255330",-0.0409054571479009
"ENSG00000106263",-0.0409526441488774
"ENSG00000177045",-0.0413061190823101
"ENSG00000273802",-0.0415278682675222
"ENSG00000277897",-0.0415575715257801
"ENSG00000185298",-0.0417043372285574
"ENSG00000186132",-0.0418154842302243
"ENSG00000178764",-0.041895609721494
"ENSG00000132005",-0.0422985894479417
"ENSG00000143776",-0.0423546939554814
"ENSG00000127418",-0.0424793950621683
"ENSG00000069424",-0.0425970870780831
"ENSG00000276791",-0.04263226383205
"ENSG00000198901",-0.0427108187507869
"ENSG00000111206",-0.0427210757578078
"ENSG00000166012",-0.0427893592827877
"ENSG00000165792",-0.0428947069701049
"ENSG00000059145",-0.0430960021813373
"ENSG00000170348",-0.0432379432334868
"ENSG00000073584",-0.043371117447544
"ENSG00000113575",-0.0434267049075004
"ENSG00000276787",-0.0434786727285628
"ENSG00000150764",-0.0434841570922423
"ENSG00000288979",-0.043547108576585
"ENSG00000186723",-0.0438303490163396
"ENSG00000012232",-0.0439044159858388
"ENSG00000242147",-0.0440088511467217
"ENSG00000156162",-0.0440096780576735
"ENSG00000243069",-0.0441186425860216
"ENSG00000163328",-0.0441260784220775
"ENSG00000258740",-0.0443506712217789
"ENSG00000163517",-0.0444374148104672
"ENSG00000278175",-0.0445059753503589
"ENSG00000164695",-0.0446093509824845
"ENSG00000293751",-0.0448125564061938
"ENSG00000225968",-0.0448336875628784
"ENSG00000276272",-0.044884462105823
"ENSG00000231418",-0.0450236352540497
"ENSG00000131127",-0.0452374740915031
"ENSG00000173598",-0.0452407853903871
"ENSG00000286358",-0.0452809707103202
"ENSG00000137656",-0.0454071912882437
"ENSG00000140993",-0.0454748167152283
"ENSG00000283977",-0.0456584337679628
"ENSG00000134453",-0.0458262950059702
"ENSG00000178502",-0.0460907050050049
"ENSG00000236200",-0.0461563736567623
"ENSG00000174007",-0.0466760384406184
"ENSG00000157483",-0.0467141673711464
"ENSG00000089123",-0.0468313346955308
"ENSG00000161558",-0.0470449515358495
"ENSG00000163521",-0.047176766759581
"ENSG00000250365",-0.0472386949949041
"ENSG00000304745",-0.0473766693312634
"ENSG00000269911",-0.047539493200021
"ENSG00000156509",-0.0478625006273632
"ENSG00000108100",-0.047949463607575
"ENSG00000178974",-0.0484925922458535
"ENSG00000198585",-0.0486471390843114
"ENSG00000249252",-0.0486528772968289
"ENSG00000184436",-0.0486745730085398
"ENSG00000284948",-0.0487675750090154
"ENSG00000298622",-0.0488377503687673
"ENSG00000187243",-0.0489171060334261
"ENSG00000243746",-0.0490935388696327
"ENSG00000067057",-0.04913209769704
"ENSG00000105717",-0.0492017583360805
"ENSG00000085433",-0.0492681878653164
"ENSG00000115524",-0.0493305977030699
"ENSG00000128165",-0.0493760197268378
"ENSG00000127870",-0.0495236101685681
"ENSG00000254602",-0.0495609708256388
"ENSG00000235220",-0.0496290210534693
"ENSG00000177875",-0.0496852697450196
"ENSG00000198113",-0.0502106393995834
"ENSG00000122574",-0.0502145016494002
"ENSG00000203392",-0.0502614843012608
"ENSG00000292390",-0.0503301371306284
"ENSG00000239282",-0.0503587180903904
"ENSG00000177000",-0.0505281579084725
"ENSG00000304552",-0.0505406009711233
"ENSG00000068308",-0.0505788421123929
"ENSG00000169251",-0.050731421285627
"ENSG00000105865",-0.0508751412247956
"ENSG00000285756",-0.0508787033557621
"ENSG00000280670",-0.0508841158608495
"ENSG00000234286",-0.0508964140054729
"ENSG00000232654",-0.0509156855341213
"ENSG00000187953",-0.0509192447039306
"ENSG00000071127",-0.0510957046125526
"ENSG00000240809",-0.0512533048126889
"ENSG00000156345",-0.051750807946213
"ENSG00000305679",-0.0518342928074942
"ENSG00000261652",-0.0520361227686561
"ENSG00000251602",-0.0521943914403115
"ENSG00000066084",-0.0523200473200292
"ENSG00000137218",-0.0523846743578599
"ENSG00000128602",-0.0524244108776581
"ENSG00000184678",-0.0526065540715125
"ENSG00000163884",-0.0528195991162526
"ENSG00000050344",-0.0528251634657351
"ENSG00000164308",-0.0529328821496725
"ENSG00000131475",-0.0529556181846555
"ENSG00000152766",-0.0529838043510967
"ENSG00000164815",-0.0529975462055362
"ENSG00000172748",-0.0530410874401783
"ENSG00000157540",-0.0531807676388958
"ENSG00000128340",-0.0531913005272756
"ENSG00000293493",-0.0532438458208573
"ENSG00000132031",-0.0534107127180478
"ENSG00000140386",-0.0534451700157899
"ENSG00000293855",-0.0535812741117161
"ENSG00000125124",-0.053646040045517
"ENSG00000268836",-0.0536982627741121
"ENSG00000269486",-0.0537372454480999
"ENSG00000135480",-0.0537388886038567
"ENSG00000153093",-0.0537981487078543
"ENSG00000304313",-0.0539492520343444
"ENSG00000188321",-0.0540306759587668
"ENSG00000073050",-0.0540346164154365
"ENSG00000164309",-0.0543146133783566
"ENSG00000110711",-0.0545583022328479
"ENSG00000116815",-0.054620340637376
"ENSG00000163380",-0.0546737004643954
"ENSG00000111305",-0.0547079083551213
"ENSG00000096872",-0.0547562517508678
"ENSG00000295873",-0.0548193257376394
"ENSG00000088179",-0.0548379712952923
"ENSG00000262050",-0.0549856289059014
"ENSG00000075407",-0.0550498286684448
"ENSG00000290880",-0.0550810670447481
"ENSG00000133627",-0.0550895444978693
"ENSG00000122863",-0.0551715056634522
"ENSG00000157837",-0.0552072690874697
"ENSG00000171960",-0.0552875143422979
"ENSG00000224415",-0.055304983855439
"ENSG00000181523",-0.0553323343855075
"ENSG00000167460",-0.0554578004349723
"ENSG00000151743",-0.0554848420712133
"ENSG00000170365",-0.0554950389529205
"ENSG00000310422",-0.0555543839131794
"ENSG00000235986",-0.0559673366705119
"ENSG00000300884",-0.0561343745879241
"ENSG00000179085",-0.0562203948427876
"ENSG00000287565",-0.0563338833639194
"ENSG00000225434",-0.0563456478775801
"ENSG00000110074",-0.0564775086372762
"ENSG00000123992",-0.0565266420092863
"ENSG00000295702",-0.0565339291223325
"ENSG00000185515",-0.056552482451848
"ENSG00000215472",-0.0566647800712672
"ENSG00000275882",-0.0566993123582187
"ENSG00000167191",-0.0567400051344157
"ENSG00000123892",-0.0567756053420675
"ENSG00000297251",-0.0568265937133127
"ENSG00000090861",-0.0570333628528223
"ENSG00000085832",-0.0572496017825429
"ENSG00000100347",-0.0573482363923405
"ENSG00000250120",-0.0573560004990513
"ENSG00000116685",-0.0573845218214389
"ENSG00000161513",-0.0573875307128241
"ENSG00000275618",-0.0574545325559463
"ENSG00000164323",-0.0574954476644911
"ENSG00000148840",-0.0576267355157263
"ENSG00000151835",-0.057915226519297
"ENSG00000143630",-0.0579243434575859
"ENSG00000164442",-0.0579677566270136
"ENSG00000290546",-0.0580034850000675
"ENSG00000240857",-0.0580230039519492
"ENSG00000083838",-0.0580642996347311
"ENSG00000257084",-0.0581053342185781
"ENSG00000114867",-0.0581843619775797
"ENSG00000046604",-0.0584199358847552
"ENSG00000303311",-0.058424188640503
"ENSG00000110660",-0.0584938921186832
"ENSG00000278488",-0.0585086686071946
"ENSG00000112238",-0.0585396411277946
"ENSG00000117118",-0.0585597553029285
"ENSG00000290994",-0.058740966402921
"ENSG00000167653",-0.0587556233844401
"ENSG00000079156",-0.0589343160558125
"ENSG00000289643",-0.0590897767580164
"ENSG00000275945",-0.0591459532935211
"ENSG00000096401",-0.0591612312094093
"ENSG00000267673",-0.0592214019558048
"ENSG00000198342",-0.059249357474265
"ENSG00000236751",-0.0592509967983061
"ENSG00000146700",-0.0594205275868157
"ENSG00000242288",-0.0594336092075738
"ENSG00000136514",-0.0595057257665595
"ENSG00000070882",-0.0595192232217836
"ENSG00000269955",-0.0595595052724827
"ENSG00000267248",-0.0596577303933024
"ENSG00000160256",-0.0597710402701592
"ENSG00000078304",-0.0599834881763422
"ENSG00000196586",-0.0600265742266612
"ENSG00000307942",-0.0601569309287838
"ENSG00000046647",-0.0601762722339657
"ENSG00000179632",-0.0602617583966241
"ENSG00000267904",-0.0602949251091876
"ENSG00000170275",-0.0603384182558115
"ENSG00000308875",-0.0605834709983766
"ENSG00000215375",-0.0606300565784948
"ENSG00000171302",-0.060759094875486
"ENSG00000289089",-0.0610275375686037
"ENSG00000269416",-0.0613442123047674
"ENSG00000102760",-0.061363683737924
"ENSG00000141646",-0.0614777998013905
"ENSG00000102362",-0.0617453204395691
"ENSG00000123213",-0.0617765776929808
"ENSG00000146376",-0.0618086454843448
"ENSG00000160447",-0.0618799551689367
"ENSG00000163156",-0.0619030760344787
"ENSG00000163638",-0.0620370545132915
"ENSG00000273032",-0.0625180667940487
"ENSG00000185238",-0.0626071489864474
"ENSG00000103507",-0.0626973881697983
"ENSG00000188042",-0.0627465909970824
"ENSG00000119411",-0.0627837722689418
"ENSG00000196544",-0.0629555024434477
"ENSG00000229124",-0.0629609755383282
"ENSG00000172260",-0.0630321932972362
"ENSG00000175309",-0.0631090228719601
"ENSG00000108813",-0.0631336385853394
"ENSG00000281706",-0.0631955382562958
"ENSG00000138400",-0.0632640238152098
"ENSG00000274653",-0.0632818425686771
"ENSG00000275297",-0.0633249766301047
"ENSG00000275734",-0.0633622731135386
"ENSG00000167371",-0.0636351715209344
"ENSG00000241779",-0.0638227252350514
"ENSG00000156697",-0.0638415775662154
"ENSG00000134809",-0.0638424652415522
"ENSG00000092098",-0.0640101668802932
"ENSG00000177613",-0.0641763193213626
"ENSG00000237484",-0.0642695848332041
"ENSG00000136731",-0.0643960533338961
"ENSG00000184203",-0.0644840669264062
"ENSG00000243708",-0.064578926875801
"ENSG00000196204",-0.0646721813806467
"ENSG00000108691",-0.064770849287363
"ENSG00000064607",-0.0648067593682535
"ENSG00000170759",-0.0648849157758642
"ENSG00000293076",-0.0650261411338403
"ENSG00000117543",-0.0650265057446126
"ENSG00000278216",-0.0650773327058876
"ENSG00000293279",-0.0651295244240647
"ENSG00000215717",-0.0654194350407189
"ENSG00000011052",-0.0654288799118802
"ENSG00000079387",-0.0654302583733481
"ENSG00000108306",-0.0654417660091461
"ENSG00000250501",-0.0655120362478865
"ENSG00000120055",-0.0656823723600598
"ENSG00000130177",-0.0659146792344886
"ENSG00000291042",-0.065926766522255
"ENSG00000137868",-0.065987457458505
"ENSG00000147457",-0.0661678763782035
"ENSG00000148730",-0.0663158395031032
"ENSG00000293150",-0.0665051433611958
"ENSG00000109089",-0.066861138116171
"ENSG00000164061",-0.0669005570832712
"ENSG00000072818",-0.066943000523678
"ENSG00000136982",-0.0669735614090447
"ENSG00000135119",-0.0670039074792018
"ENSG00000258938",-0.0671788367635186
"ENSG00000127481",-0.0674054081561038
"ENSG00000162188",-0.0674077762429014
"ENSG00000271147",-0.0674422583567912
"ENSG00000112078",-0.0674572405663894
"ENSG00000247271",-0.0674778407270379
"ENSG00000307490",-0.0675137520881104
"ENSG00000243896",-0.0675509638031919
"ENSG00000288961",-0.0680655501343576
"ENSG00000173011",-0.0684015651088292
"ENSG00000145217",-0.0684366683461192
"ENSG00000271781",-0.0684713814934773
"ENSG00000289688",-0.0685558760883822
"ENSG00000100908",-0.0686201776272597
"ENSG00000269958",-0.0686243904575899
"ENSG00000294889",-0.0686248624655979
"ENSG00000298052",-0.0686623390857734
"ENSG00000248019",-0.0687877866031582
"ENSG00000135045",-0.0688892958457458
"ENSG00000180530",-0.0690554236943429
"ENSG00000131023",-0.0690752717202025
"ENSG00000116785",-0.0692161531399065
"ENSG00000253877",-0.0693760485979471
"ENSG00000135749",-0.0693898105802343
"ENSG00000153914",-0.0695266437559999
"ENSG00000059122",-0.069543544599951
"ENSG00000105671",-0.0696359515486683
"ENSG00000268858",-0.0696439778019905
"ENSG00000281026",-0.0696513020233097
"ENSG00000288670",-0.0699473829154315
"ENSG00000224810",-0.0699498985672417
"ENSG00000088766",-0.0700172694098853
"ENSG00000101911",-0.0701330382539321
"ENSG00000109805",-0.0701577333384083
"ENSG00000100814",-0.070230294490877
"ENSG00000277649",-0.070272839625787
"ENSG00000110693",-0.0705933937232437
"ENSG00000105419",-0.0706055320651993
"ENSG00000133328",-0.0707276487056145
"ENSG00000306718",-0.0707484542685561
"ENSG00000278270",-0.070861099375493
"ENSG00000248323",-0.0710068685476312
"ENSG00000137501",-0.0710297797014408
"ENSG00000270885",-0.0712408436767007
"ENSG00000011295",-0.0712582263617023
"ENSG00000197927",-0.071439925554162
"ENSG00000162981",-0.071469826737189
"ENSG00000033170",-0.0716173163248786
"ENSG00000168952",-0.0716355713639873
"ENSG00000142149",-0.0721924045425097
"ENSG00000147454",-0.0722699601128162
"ENSG00000242028",-0.0723758440870199
"ENSG00000213533",-0.0724324865278845
"ENSG00000143013",-0.0725537377360433
"ENSG00000148153",-0.0725769539246961
"ENSG00000239653",-0.0725905116545175
"ENSG00000268069",-0.072806427546037
"ENSG00000169228",-0.0728676924715324
"ENSG00000230716",-0.0729529724884205
"ENSG00000171365",-0.0729721196540034
"ENSG00000257176",-0.0730796663502034
"ENSG00000147852",-0.0730946881058274
"ENSG00000269374",-0.0732616711388739
"ENSG00000152767",-0.0733489538072582
"ENSG00000129682",-0.0733526635109703
"ENSG00000176401",-0.0733535784348186
"ENSG00000164120",-0.0733660004894461
"ENSG00000291137",-0.0735146841855471
"ENSG00000117115",-0.0739896890141675
"ENSG00000288696",-0.0739977855326621
"ENSG00000270277",-0.0742704553597295
"ENSG00000223665",-0.0743807457337311
"ENSG00000260944",-0.0744614967955444
"ENSG00000258603",-0.0745044870331455
"ENSG00000196436",-0.0749770889337621
"ENSG00000163661",-0.0750207252120032
"ENSG00000135473",-0.0755520411579553
"ENSG00000239382",-0.0756315345375608
"ENSG00000230445",-0.075829612638933
"ENSG00000133135",-0.076292241266649
"ENSG00000111269",-0.0763037575417056
"ENSG00000103485",-0.0766882580065529
"ENSG00000163161",-0.0768012248805102
"ENSG00000278987",-0.0770139578244857
"ENSG00000184047",-0.0770183286525059
"ENSG00000137714",-0.077059268187635
"ENSG00000291149",-0.0771996204600593
"ENSG00000089195",-0.0772089302577799
"ENSG00000223802",-0.0772525926122896
"ENSG00000181788",-0.0772695459424373
"ENSG00000079462",-0.0773172337767004
"ENSG00000244067",-0.0773362997989858
"ENSG00000130307",-0.0773497901550214
"ENSG00000276559",-0.0773590370524522
"ENSG00000110851",-0.0774893670407227
"ENSG00000174446",-0.0774949853361544
"ENSG00000173818",-0.077602619313865
"ENSG00000141497",-0.0776369746210914
"ENSG00000151376",-0.0777160571948924
"ENSG00000100644",-0.0778897493136053
"ENSG00000145293",-0.0779997190533779
"ENSG00000123415",-0.0780903898012922
"ENSG00000088826",-0.0783534271244889
"ENSG00000028277",-0.0783618304404281
"ENSG00000156050",-0.0785203418872095
"ENSG00000148483",-0.0788890538646725
"ENSG00000135744",-0.0789117215424913
"ENSG00000205544",-0.0789291197170851
"ENSG00000169208",-0.0789335909758331
"ENSG00000227486",-0.0789686069824118
"ENSG00000172053",-0.0792849954541673
"ENSG00000175581",-0.0793761731415754
"ENSG00000077782",-0.079532264341453
"ENSG00000298665",-0.07970219103182
"ENSG00000280202",-0.0797689565307557
"ENSG00000120318",-0.0797984573392373
"ENSG00000250506",-0.0798266985144181
"ENSG00000196569",-0.0801897166693022
"ENSG00000185650",-0.080237140465296
"ENSG00000268104",-0.0802818036101638
"ENSG00000139899",-0.0802878557024093
"ENSG00000232977",-0.0803596033302603
"ENSG00000141424",-0.0804064732083175
"ENSG00000134461",-0.0805064057150489
"ENSG00000293107",-0.0805358201164852
"ENSG00000134824",-0.0805698042908938
"ENSG00000306764",-0.0807780668360173
"ENSG00000213523",-0.081086074515302
"ENSG00000154229",-0.0812044490367422
"ENSG00000152332",-0.0813596808703954
"ENSG00000163888",-0.0814575742206427
"ENSG00000075415",-0.0815065886179179
"ENSG00000182324",-0.0815624744240864
"ENSG00000137571",-0.0815766463956549
"ENSG00000107077",-0.0816897700146657
"ENSG00000170291",-0.0817912638698901
"ENSG00000205683",-0.081808782389416
"ENSG00000123908",-0.0818097982545213
"ENSG00000155265",-0.0818386102835571
"ENSG00000264635",-0.0820373428450263
"ENSG00000171236",-0.0823544046595763
"ENSG00000149781",-0.0825840848628853
"ENSG00000291237",-0.0826580582881206
"ENSG00000296830",-0.0827547581559431
"ENSG00000105248",-0.0827810650564724
"ENSG00000166897",-0.0827973687593493
"ENSG00000183684",-0.0828697814334203
"ENSG00000300022",-0.0829130486314011
"ENSG00000119760",-0.0829763419453917
"ENSG00000256128",-0.0829865602196805
"ENSG00000173926",-0.0830666839267845
"ENSG00000112378",-0.0832682680870371
"ENSG00000162409",-0.0833599095477344
"ENSG00000131370",-0.083360632373524
"ENSG00000308088",-0.0836887481599944
"ENSG00000093010",-0.0837700745319348
"ENSG00000175745",-0.0838017019879431
"ENSG00000157741",-0.0838580421763475
"ENSG00000307990",-0.0840059106911099
"ENSG00000158769",-0.084042990535409
"ENSG00000165912",-0.0841364716725134
"ENSG00000157259",-0.0843095384849771
"ENSG00000203999",-0.0844015574371042
"ENSG00000008083",-0.0844479751226744
"ENSG00000155304",-0.0846890437700667
"ENSG00000129810",-0.084833775768242
"ENSG00000091009",-0.0848730565571541
"ENSG00000197978",-0.0850112859971957
"ENSG00000260063",-0.085012403792635
"ENSG00000038382",-0.0852242274574923
"ENSG00000101558",-0.085310433123814
"ENSG00000261789",-0.0853526404217503
"ENSG00000169727",-0.0855038211440377
"ENSG00000141499",-0.0855393427109162
"ENSG00000253284",-0.0855799147419993
"ENSG00000237520",-0.0856157586730601
"ENSG00000174791",-0.0856840214182514
"ENSG00000115970",-0.0857043267369467
"ENSG00000138430",-0.0858440505311459
"ENSG00000104946",-0.0859283733403699
"ENSG00000152133",-0.0859662327718004
"ENSG00000289519",-0.086150011265501
"ENSG00000112562",-0.0861723412384116
"ENSG00000228889",-0.0862918504601542
"ENSG00000085415",-0.0864768656641226
"ENSG00000122026",-0.0866685407857713
"ENSG00000243289",-0.086700150985828
"ENSG00000165730",-0.0867580630482033
"ENSG00000077463",-0.086895959299099
"ENSG00000181467",-0.0869259234665449
"ENSG00000244509",-0.086940254055845
"ENSG00000204965",-0.0869409705438626
"ENSG00000130414",-0.0869542639433327
"ENSG00000059573",-0.0872434161786257
"ENSG00000189369",-0.0874206803102656
"ENSG00000204970",-0.0875732850062922
"ENSG00000225377",-0.0877181238064637
"ENSG00000272667",-0.087744104084938
"ENSG00000257390",-0.0878386237935238
"ENSG00000198513",-0.0882955944511616
"ENSG00000170775",-0.0883866654562055
"ENSG00000135074",-0.0884499179169898
"ENSG00000177731",-0.0884620627682814
"ENSG00000183308",-0.0885038697894399
"ENSG00000125375",-0.0885659105955338
"ENSG00000114455",-0.0885773808206164
"ENSG00000103343",-0.0892103359003019
"ENSG00000110880",-0.0892339766557782
"ENSG00000126550",-0.0894085571177836
"ENSG00000104413",-0.0894994014135164
"ENSG00000158882",-0.0895278360863935
"ENSG00000231427",-0.0895455053810754
"ENSG00000167074",-0.0896024636922882
"ENSG00000163602",-0.0896854847003919
"ENSG00000224143",-0.0898394342597976
"ENSG00000137106",-0.0898583507421422
"ENSG00000100242",-0.0899533907151534
"ENSG00000250519",-0.0899723562747612
"ENSG00000125730",-0.0900673444183476
"ENSG00000288184",-0.090087629698926
"ENSG00000255872",-0.0901333758665073
"ENSG00000116237",-0.0901531483193787
"ENSG00000203865",-0.0901888597642456
"ENSG00000143515",-0.0902620932850171
"ENSG00000104177",-0.0903616318352318
"ENSG00000067334",-0.090451581211177
"ENSG00000309500",-0.0907029490825147
"ENSG00000222009",-0.0908449816728953
"ENSG00000308370",-0.0908563965518424
"ENSG00000176842",-0.0909768671587976
"ENSG00000087253",-0.0911034363057688
"ENSG00000293440",-0.0911360991582098
"ENSG00000036530",-0.0913521407293627
"ENSG00000275326",-0.0913879882129084
"ENSG00000160124",-0.0917792857675751
"ENSG00000303946",-0.0917997101565661
"ENSG00000100425",-0.091893986245253
"ENSG00000158691",-0.0919430568026772
"ENSG00000086062",-0.0920027579632606
"ENSG00000154764",-0.0921025680217958
"ENSG00000171204",-0.0921415672299518
"ENSG00000147687",-0.0922318915935769
"ENSG00000161011",-0.0927899512723404
"ENSG00000285999",-0.0932090027839772
"ENSG00000251485",-0.0933154478774772
"ENSG00000169682",-0.0935880449623871
"ENSG00000236618",-0.0939621996512944
"ENSG00000214575",-0.0940484229644793
"ENSG00000086065",-0.0942265001575597
"ENSG00000115317",-0.0943775397342341
"ENSG00000296618",-0.0944621049548859
"ENSG00000278385",-0.0944936871328196
"ENSG00000100221",-0.0947333714373845
"ENSG00000079435",-0.0947354887356618
"ENSG00000211584",-0.094780500495827
"ENSG00000288852",-0.094862632495459
"ENSG00000104447",-0.0949360718905028
"ENSG00000303579",-0.095020497137157
"ENSG00000080189",-0.095184635063334
"ENSG00000121966",-0.095310573075422
"ENSG00000125817",-0.0955179192190613
"ENSG00000235885",-0.0955705908319862
"ENSG00000169379",-0.0955990060237299
"ENSG00000053900",-0.0960522783402296
"ENSG00000232973",-0.0962372677771118
"ENSG00000075275",-0.0962577004496953
"ENSG00000136867",-0.0963552188255692
"ENSG00000091483",-0.0963654388147155
"ENSG00000092445",-0.0964379314574842
"ENSG00000130227",-0.0965424807962235
"ENSG00000258708",-0.0966293903863254
"ENSG00000109738",-0.0966489689877291
"ENSG00000214146",-0.0966664490952796
"ENSG00000188976",-0.096672450233707
"ENSG00000131620",-0.0968403227026176
"ENSG00000163462",-0.0968653785805508
"ENSG00000290948",-0.0968932464050779
"ENSG00000143333",-0.0969909715260259
"ENSG00000100354",-0.0970296375811608
"ENSG00000259112",-0.0970499335185731
"ENSG00000237424",-0.0970983878917564
"ENSG00000306315",-0.0971157172391087
"ENSG00000120149",-0.0971255536233781
"ENSG00000251369",-0.0971543667408484
"ENSG00000304231",-0.097172559581561
"ENSG00000279504",-0.0974320691727678
"ENSG00000164136",-0.0974467713208393
"ENSG00000133250",-0.0976020114485257
"ENSG00000204991",-0.0976980737467902
"ENSG00000290631",-0.0977029084916358
"ENSG00000119650",-0.0977112938837267
"ENSG00000166963",-0.0977471247262163
"ENSG00000085978",-0.097767097377168
"ENSG00000276547",-0.0978757012500409
"ENSG00000142687",-0.0979104671006771
"ENSG00000304236",-0.098109840527176
"ENSG00000285702",-0.0981439250798923
"ENSG00000179023",-0.0981856307989737
"ENSG00000291234",-0.0982610558536135
"ENSG00000179546",-0.0982721985156522
"ENSG00000291092",-0.0984542599708932
"ENSG00000171815",-0.0985066817831807
"ENSG00000109458",-0.0986179438063429
"ENSG00000177548",-0.0986796515888215
"ENSG00000102030",-0.0989758511061387
"ENSG00000286480",-0.0990647862198573
"ENSG00000179943",-0.0990692633437164
"ENSG00000069764",-0.0990710135668225
"ENSG00000175854",-0.0991350861648767
"ENSG00000169213",-0.0991910556825537
"ENSG00000101210",-0.0996209639352096
"ENSG00000175793",-0.0997671351274947
"ENSG00000268401",-0.099822471760311
"ENSG00000289056",-0.0999942916428432
"ENSG00000136630",-0.10011439206131
"ENSG00000163141",-0.100403733721831
"ENSG00000286241",-0.10040402770192
"ENSG00000112357",-0.100732085709988
"ENSG00000259354",-0.100811371905024
"ENSG00000142731",-0.101011858279887
"ENSG00000143612",-0.101083089400179
"ENSG00000175066",-0.101114899625611
"ENSG00000260877",-0.101151567793488
"ENSG00000103150",-0.10118364378869
"ENSG00000197622",-0.101240509407037
"ENSG00000135722",-0.101387877605763
"ENSG00000290098",-0.10140637295691
"ENSG00000266173",-0.101445918140226
"ENSG00000123143",-0.101525705821613
"ENSG00000213160",-0.101664145698548
"ENSG00000237515",-0.101674176054983
"ENSG00000117242",-0.101837364704139
"ENSG00000145882",-0.101884908643852
"ENSG00000206965",-0.101902850074329
"ENSG00000164086",-0.101958790658385
"ENSG00000100031",-0.102156683448502
"ENSG00000137161",-0.102232072887117
"ENSG00000141294",-0.10237548602442
"ENSG00000148690",-0.102415470379245
"ENSG00000291087",-0.102451329007132
"ENSG00000171843",-0.102608136683708
"ENSG00000224165",-0.102746344048051
"ENSG00000177917",-0.102763956310315
"ENSG00000117153",-0.103088907109341
"ENSG00000185955",-0.103151397866458
"ENSG00000144028",-0.103153989399802
"ENSG00000090612",-0.103189012215726
"ENSG00000129480",-0.103246855085775
"ENSG00000196372",-0.103408825384399
"ENSG00000180822",-0.103421243976823
"ENSG00000143575",-0.103503501614841
"ENSG00000290366",-0.103511721486541
"ENSG00000060339",-0.103525205922076
"ENSG00000261175",-0.103593180630993
"ENSG00000120458",-0.103680406490174
"ENSG00000103995",-0.103700577877443
"ENSG00000196220",-0.103701057630353
"ENSG00000143842",-0.103999841217699
"ENSG00000149311",-0.104061011770944
"ENSG00000224979",-0.104120924772564
"ENSG00000263893",-0.104177692462486
"ENSG00000078487",-0.104555727084477
"ENSG00000271303",-0.104765970467783
"ENSG00000108984",-0.104981776204192
"ENSG00000277001",-0.105065456545528
"ENSG00000105514",-0.105258483224579
"ENSG00000287808",-0.105297362628141
"ENSG00000278376",-0.105468753723803
"ENSG00000153885",-0.105507352002647
"ENSG00000147027",-0.105596862709373
"ENSG00000176473",-0.10564748996342
"ENSG00000113396",-0.105695701335916
"ENSG00000139428",-0.105813403663454
"ENSG00000264041",-0.105915582217599
"ENSG00000178537",-0.106059492626823
"ENSG00000294531",-0.106112846094424
"ENSG00000286122",-0.106146749808553
"ENSG00000170619",-0.106556689833067
"ENSG00000293316",-0.106768929894519
"ENSG00000228705",-0.106862745831832
"ENSG00000287733",-0.106875244535945
"ENSG00000275131",-0.106956300766314
"ENSG00000157538",-0.107011580069086
"ENSG00000217825",-0.107181251170837
"ENSG00000225648",-0.107364698924669
"ENSG00000225526",-0.107400943925852
"ENSG00000236107",-0.107488979972409
"ENSG00000198453",-0.107505792248343
"ENSG00000111885",-0.107507877458002
"ENSG00000258325",-0.107518181364837
"ENSG00000257027",-0.107551131325857
"ENSG00000113356",-0.10769039241955
"ENSG00000242861",-0.107854002302963
"ENSG00000047249",-0.107939900626656
"ENSG00000127989",-0.108107229890076
"ENSG00000153015",-0.108134281695211
"ENSG00000139679",-0.108167064325287
"ENSG00000131469",-0.108259302538941
"ENSG00000137474",-0.108327836485652
"ENSG00000107679",-0.108497756331989
"ENSG00000275176",-0.108587189980517
"ENSG00000172059",-0.108766405573876
"ENSG00000146535",-0.10877082218596
"ENSG00000246898",-0.108819113595293
"ENSG00000229719",-0.108867724079212
"ENSG00000188070",-0.108871557650882
"ENSG00000138670",-0.108999679824606
"ENSG00000110871",-0.109006319692604
"ENSG00000185022",-0.109037508548303
"ENSG00000185379",-0.109075584579603
"ENSG00000087903",-0.109076581188385
"ENSG00000133265",-0.109147554852249
"ENSG00000159753",-0.109301972973921
"ENSG00000273175",-0.10932324410235
"ENSG00000174953",-0.109370059212503
"ENSG00000271971",-0.109402718125071
"ENSG00000117036",-0.109432438078099
"ENSG00000157429",-0.109506064450964
"ENSG00000105048",-0.109699905262071
"ENSG00000276016",-0.109917393640365
"ENSG00000073921",-0.109944287045766
"ENSG00000096717",-0.109955135923584
"ENSG00000279696",-0.109974400799233
"ENSG00000128311",-0.110014183162769
"ENSG00000205045",-0.110086671232452
"ENSG00000171703",-0.1100982154353
"ENSG00000105146",-0.110154036445629
"ENSG00000182362",-0.110251129246794
"ENSG00000182809",-0.110517238476751
"ENSG00000267416",-0.110663641133636
"ENSG00000168071",-0.110798699331002
"ENSG00000180900",-0.110834005608973
"ENSG00000072958",-0.110923134087111
"ENSG00000266278",-0.111024291621445
"ENSG00000154001",-0.111037806034814
"ENSG00000310521",-0.111121405887866
"ENSG00000095139",-0.111219107914922
"ENSG00000236895",-0.111612630492941
"ENSG00000168491",-0.111650391299533
"ENSG00000284095",-0.111814676088227
"ENSG00000183773",-0.111937049265008
"ENSG00000291219",-0.111997992880807
"ENSG00000304961",-0.112289917280249
"ENSG00000229370",-0.112340830370708
"ENSG00000154065",-0.112342346248812
"ENSG00000081692",-0.112370218484051
"ENSG00000279058",-0.112393242418443
"ENSG00000116874",-0.11271274372613
"ENSG00000158623",-0.113126880203791
"ENSG00000227070",-0.113150794570129
"ENSG00000138802",-0.113268522688511
"ENSG00000186352",-0.113275000501414
"ENSG00000286451",-0.11341100779104
"ENSG00000231822",-0.113549273755098
"ENSG00000108244",-0.113751855651612
"ENSG00000163823",-0.113761670450985
"ENSG00000246985",-0.113793002393024
"ENSG00000198429",-0.113977948174045
"ENSG00000175606",-0.113996777071664
"ENSG00000234495",-0.114087635389837
"ENSG00000123395",-0.114188068822873
"ENSG00000283128",-0.114764285945706
"ENSG00000129103",-0.114815995050369
"ENSG00000055732",-0.114820864347668
"ENSG00000112812",-0.115012322765109
"ENSG00000135736",-0.115067029592152
"ENSG00000122188",-0.115142732180352
"ENSG00000302039",-0.115269892447719
"ENSG00000132002",-0.11527246106759
"ENSG00000158470",-0.11530238283188
"ENSG00000255073",-0.115336597686963
"ENSG00000071655",-0.115474679318926
"ENSG00000196917",-0.115589073116184
"ENSG00000108592",-0.115838632242573
"ENSG00000258359",-0.116435901967513
"ENSG00000162645",-0.116506064431121
"ENSG00000022277",-0.116510464296518
"ENSG00000279500",-0.11651055829337
"ENSG00000103942",-0.116742089201739
"ENSG00000104524",-0.116878038458512
"ENSG00000136436",-0.117177167844577
"ENSG00000164031",-0.117307869509493
"ENSG00000294462",-0.117426950066191
"ENSG00000168872",-0.117434932346373
"ENSG00000154839",-0.117928283130852
"ENSG00000160094",-0.118187846521538
"ENSG00000309012",-0.118225017098542
"ENSG00000282024",-0.118235857994958
"ENSG00000289727",-0.11826149084435
"ENSG00000103489",-0.118407344291167
"ENSG00000284770",-0.118742730631836
"ENSG00000164897",-0.119044689170327
"ENSG00000067836",-0.119407782268784
"ENSG00000084731",-0.119600509208151
"ENSG00000286910",-0.119696358153423
"ENSG00000120686",-0.119756106387943
"ENSG00000272970",-0.119800011430529
"ENSG00000121351",-0.119828741564354
"ENSG00000116120",-0.119844735502472
"ENSG00000114026",-0.119953592972678
"ENSG00000100227",-0.119975238364812
"ENSG00000298065",-0.120097742173488
"ENSG00000155324",-0.120475484133072
"ENSG00000189079",-0.120532573790477
"ENSG00000309772",-0.12061967589761
"ENSG00000164742",-0.120658536182141
"ENSG00000169902",-0.120691212810109
"ENSG00000189241",-0.120692943057629
"ENSG00000171206",-0.120795749979683
"ENSG00000278632",-0.120810737975896
"ENSG00000242808",-0.120854313285205
"ENSG00000128585",-0.121006887449872
"ENSG00000172037",-0.12102561977887
"ENSG00000278133",-0.121081999063095
"ENSG00000085644",-0.121163425396559
"ENSG00000229431",-0.121192253662389
"ENSG00000063241",-0.121193011124842
"ENSG00000169957",-0.121285293334355
"ENSG00000105655",-0.12130103867903
"ENSG00000159259",-0.121658749427907
"ENSG00000162413",-0.122070594834626
"ENSG00000059691",-0.122089244642957
"ENSG00000270207",-0.122391393537066
"ENSG00000293485",-0.12245401435668
"ENSG00000107864",-0.122486745849673
"ENSG00000228649",-0.122561791060071
"ENSG00000306402",-0.122601765268407
"ENSG00000166441",-0.122885673119588
"ENSG00000084636",-0.123034090324885
"ENSG00000261098",-0.123199752442376
"ENSG00000236826",-0.123375592230592
"ENSG00000272654",-0.123428792703145
"ENSG00000183307",-0.123458906192534
"ENSG00000125827",-0.123610311809811
"ENSG00000160932",-0.123792422186896
"ENSG00000057757",-0.123944252937466
"ENSG00000268583",-0.124023428588592
"ENSG00000175311",-0.124153002038438
"ENSG00000253917",-0.124313925944397
"ENSG00000163867",-0.124366102739766
"ENSG00000167325",-0.124369833815256
"ENSG00000164647",-0.124771196223585
"ENSG00000196126",-0.125134410241569
"ENSG00000164002",-0.125418882975923
"ENSG00000275079",-0.125468498910156
"ENSG00000186056",-0.125472353514942
"ENSG00000176945",-0.125649159606834
"ENSG00000143653",-0.125660144551829
"ENSG00000165752",-0.126015704477921
"ENSG00000173557",-0.126121220471892
"ENSG00000273814",-0.126202272775132
"ENSG00000166797",-0.126414058276979
"ENSG00000111445",-0.126434712972241
"ENSG00000305716",-0.126451805363041
"ENSG00000154545",-0.12645195508034
"ENSG00000065357",-0.12650601962437
"ENSG00000151726",-0.126721341893056
"ENSG00000116141",-0.126810857733444
"ENSG00000107949",-0.126972852060511
"ENSG00000289507",-0.12699603891247
"ENSG00000285562",-0.127010288015865
"ENSG00000146592",-0.12703533371322
"ENSG00000213079",-0.127289151306014
"ENSG00000106460",-0.127352053811983
"ENSG00000290940",-0.127384753911224
"ENSG00000243477",-0.127416532388778
"ENSG00000107551",-0.127479071247188
"ENSG00000285815",-0.127548537602419
"ENSG00000141485",-0.127620824167237
"ENSG00000145908",-0.127636249892902
"ENSG00000144224",-0.1276849320823
"ENSG00000094661",-0.127700465482954
"ENSG00000273001",-0.127737402953025
"ENSG00000226363",-0.127783100963937
"ENSG00000101347",-0.127892352511682
"ENSG00000253719",-0.127940552465533
"ENSG00000165416",-0.128083392527302
"ENSG00000181773",-0.128241516611042
"ENSG00000104899",-0.128472736828202
"ENSG00000306340",-0.128766675683843
"ENSG00000254109",-0.128865663145752
"ENSG00000015479",-0.128943471862996
"ENSG00000134250",-0.129102719747329
"ENSG00000122873",-0.129308876579328
"ENSG00000170837",-0.12941533409036
"ENSG00000275185",-0.129710256777907
"ENSG00000184361",-0.129775591818124
"ENSG00000149305",-0.129865408454262
"ENSG00000140835",-0.129870814970146
"ENSG00000286707",-0.130179350000599
"ENSG00000072954",-0.130329419552721
"ENSG00000066654",-0.130358238205801
"ENSG00000104863",-0.130696078478453
"ENSG00000137210",-0.130769811752724
"ENSG00000235899",-0.13089617882968
"ENSG00000270964",-0.130899828144494
"ENSG00000180891",-0.131013459364675
"ENSG00000171861",-0.131182458194216
"ENSG00000280206",-0.131402602155448
"ENSG00000254004",-0.131464596229021
"ENSG00000179604",-0.131631408401902
"ENSG00000116128",-0.131897298453355
"ENSG00000139508",-0.132036200792746
"ENSG00000257556",-0.132161351159439
"ENSG00000187123",-0.132163765188494
"ENSG00000239945",-0.132347578600412
"ENSG00000299645",-0.132463927521467
"ENSG00000262633",-0.13260106919647
"ENSG00000214193",-0.132672809944877
"ENSG00000277443",-0.132931080099397
"ENSG00000198826",-0.132939721659098
"ENSG00000177888",-0.133186825794864
"ENSG00000197568",-0.133294593451492
"ENSG00000181191",-0.133542947590475
"ENSG00000130433",-0.133648904291948
"ENSG00000243943",-0.133767181021781
"ENSG00000052723",-0.134175462089934
"ENSG00000116678",-0.13422626722293
"ENSG00000178467",-0.134385790357887
"ENSG00000156650",-0.134567618971074
"ENSG00000196466",-0.134661872526365
"ENSG00000132170",-0.134897652154311
"ENSG00000185666",-0.135011466247571
"ENSG00000204356",-0.135135533036925
"ENSG00000129245",-0.135511050830061
"ENSG00000115966",-0.135604280673288
"ENSG00000196459",-0.135740679610987
"ENSG00000152270",-0.136016164856728
"ENSG00000287672",-0.136060426317525
"ENSG00000256235",-0.136075179287283
"ENSG00000161791",-0.136205049271446
"ENSG00000064205",-0.136239036633961
"ENSG00000092421",-0.136398682696372
"ENSG00000176678",-0.136592257101243
"ENSG00000125734",-0.13661059384408
"ENSG00000223387",-0.136688950667242
"ENSG00000162032",-0.136750694220886
"ENSG00000272142",-0.136760857319855
"ENSG00000260711",-0.136761123034949
"ENSG00000283341",-0.13680644325532
"ENSG00000189339",-0.13686264183185
"ENSG00000164169",-0.136903710807745
"ENSG00000297156",-0.137082598110139
"ENSG00000066230",-0.137125238484695
"ENSG00000123124",-0.137153269559375
"ENSG00000065268",-0.137160645898372
"ENSG00000278605",-0.137188214845698
"ENSG00000232233",-0.137220799843473
"ENSG00000274349",-0.137222698634022
"ENSG00000082146",-0.137251552994215
"ENSG00000266469",-0.137354468251118
"ENSG00000175893",-0.137763555600608
"ENSG00000176731",-0.13791521893576
"ENSG00000146282",-0.137960105552027
"ENSG00000256940",-0.137965916744612
"ENSG00000102796",-0.13803443398617
"ENSG00000236130",-0.13809340209008
"ENSG00000231663",-0.138131289446841
"ENSG00000286782",-0.13824860462813
"ENSG00000136111",-0.13826438093807
"ENSG00000133985",-0.138559541065495
"ENSG00000100505",-0.138786847408145
"ENSG00000296610",-0.138862878441145
"ENSG00000272686",-0.139031487599915
"ENSG00000142046",-0.139081056522684
"ENSG00000261732",-0.139095051660697
"ENSG00000232788",-0.139106927609691
"ENSG00000288597",-0.1391215143118
"ENSG00000083937",-0.139149686632387
"ENSG00000214184",-0.139439773989582
"ENSG00000214562",-0.140332518085838
"ENSG00000132879",-0.140402602132298
"ENSG00000260852",-0.140460435196042
"ENSG00000151576",-0.140480796884165
"ENSG00000066933",-0.140566865024304
"ENSG00000290971",-0.140755792759499
"ENSG00000187672",-0.140759503922281
"ENSG00000143498",-0.140850254842873
"ENSG00000295063",-0.141043310064565
"ENSG00000106404",-0.14113927006224
"ENSG00000227674",-0.141487944159065
"ENSG00000136243",-0.141702808979737
"ENSG00000176732",-0.141786883944755
"ENSG00000105127",-0.141896738862681
"ENSG00000213199",-0.14198594539194
"ENSG00000279147",-0.14235032575553
"ENSG00000287539",-0.142405228308461
"ENSG00000234487",-0.142454754091266
"ENSG00000053524",-0.142799634793043
"ENSG00000285156",-0.142805823567098
"ENSG00000274211",-0.142870490942921
"ENSG00000105889",-0.14301461506056
"ENSG00000173041",-0.143032778986376
"ENSG00000166377",-0.14304306359983
"ENSG00000206341",-0.143163284208277
"ENSG00000235744",-0.143365093994073
"ENSG00000065135",-0.14357103408788
"ENSG00000129696",-0.143583036733654
"ENSG00000118193",-0.143585921546646
"ENSG00000295591",-0.143588108311064
"ENSG00000204613",-0.143762894617976
"ENSG00000282749",-0.144044023655795
"ENSG00000271789",-0.144070796566374
"ENSG00000289260",-0.14409924597435
"ENSG00000269821",-0.144130867449914
"ENSG00000163535",-0.14413913157294
"ENSG00000165209",-0.144300703132716
"ENSG00000145362",-0.144475461341345
"ENSG00000289153",-0.144664062360794
"ENSG00000124134",-0.144759883432425
"ENSG00000289494",-0.14476970023398
"ENSG00000198879",-0.144814187436648
"ENSG00000235859",-0.144855380108138
"ENSG00000218175",-0.14486380293612
"ENSG00000137970",-0.144880786634107
"ENSG00000111300",-0.144916120229277
"ENSG00000124587",-0.144917452964063
"ENSG00000204392",-0.145017569945775
"ENSG00000182831",-0.145038629821213
"ENSG00000287966",-0.145096459520701
"ENSG00000285572",-0.145143708975825
"ENSG00000161860",-0.145212631067783
"ENSG00000095752",-0.145453705869665
"ENSG00000157014",-0.145531326905227
"ENSG00000151348",-0.145567925488598
"ENSG00000207181",-0.145897883894659
"ENSG00000164920",-0.145988212208074
"ENSG00000227477",-0.14604504048029
"ENSG00000189060",-0.146146488577299
"ENSG00000303745",-0.146213642123267
"ENSG00000166224",-0.146262672483887
"ENSG00000127533",-0.146285846071975
"ENSG00000119878",-0.146461679706819
"ENSG00000126254",-0.146474693330864
"ENSG00000224914",-0.146858340318371
"ENSG00000153064",-0.146893227323067
"ENSG00000163359",-0.147006021882901
"ENSG00000100263",-0.147194958498085
"ENSG00000266412",-0.147249155803515
"ENSG00000188559",-0.147308310424723
"ENSG00000102531",-0.147424880364479
"ENSG00000235314",-0.147493334809753
"ENSG00000145246",-0.147644550347041
"ENSG00000034693",-0.147722475593607
"ENSG00000286551",-0.147752303197033
"ENSG00000241316",-0.1477532365762
"ENSG00000167693",-0.147767811899403
"ENSG00000307341",-0.147893772423951
"ENSG00000275035",-0.147899966415643
"ENSG00000291317",-0.147969270885181
"ENSG00000237009",-0.148246427672503
"ENSG00000213145",-0.14831063729703
"ENSG00000179454",-0.148351370539688
"ENSG00000101350",-0.148507227852545
"ENSG00000168306",-0.148707100964603
"ENSG00000163810",-0.148722123267628
"ENSG00000148019",-0.148844906318136
"ENSG00000178093",-0.148929863492009
"ENSG00000248275",-0.148933651274909
"ENSG00000064601",-0.148955463417339
"ENSG00000145191",-0.149027089287847
"ENSG00000168724",-0.149122920473992
"ENSG00000087266",-0.149201975221138
"ENSG00000309051",-0.149276501730676
"ENSG00000230042",-0.149282163584715
"ENSG00000174721",-0.149797452717376
"ENSG00000120324",-0.150022677147429
"ENSG00000276541",-0.150180304916345
"ENSG00000123080",-0.150234430192394
"ENSG00000198856",-0.150501686466141
"ENSG00000183283",-0.150544661644939
"ENSG00000064489",-0.150640933073436
"ENSG00000282936",-0.150644086974125
"ENSG00000100105",-0.150839837058884
"ENSG00000224080",-0.150875228972586
"ENSG00000119688",-0.150892783909029
"ENSG00000230574",-0.15198909071293
"ENSG00000152990",-0.152058375003458
"ENSG00000150768",-0.152273075227821
"ENSG00000289127",-0.15238289207529
"ENSG00000197157",-0.152391199074007
"ENSG00000205277",-0.152529677898783
"ENSG00000245146",-0.152705364614702
"ENSG00000184517",-0.152852073563117
"ENSG00000146410",-0.152901330497121
"ENSG00000306498",-0.153080948525693
"ENSG00000134802",-0.153174819451482
"ENSG00000257218",-0.153213297939928
"ENSG00000182544",-0.153268332121735
"ENSG00000148677",-0.153326161837735
"ENSG00000170043",-0.153387625427966
"ENSG00000100767",-0.153502977233255
"ENSG00000274422",-0.153602850434945
"ENSG00000260000",-0.153811269474914
"ENSG00000111817",-0.153839329113249
"ENSG00000298775",-0.153940528183047
"ENSG00000183484",-0.154020737729363
"ENSG00000280187",-0.154358491299939
"ENSG00000006695",-0.154475220444002
"ENSG00000183347",-0.154595544778666
"ENSG00000167703",-0.154654007424317
"ENSG00000156876",-0.154727823033145
"ENSG00000118707",-0.154836245083086
"ENSG00000113163",-0.154986541077596
"ENSG00000112541",-0.155012530911634
"ENSG00000167705",-0.155193502765141
"ENSG00000128245",-0.155237049356711
"ENSG00000147065",-0.155282573437509
"ENSG00000231074",-0.155291065713442
"ENSG00000180329",-0.155427685795002
"ENSG00000165480",-0.155602681985965
"ENSG00000184979",-0.155639705130107
"ENSG00000279789",-0.155647021106877
"ENSG00000110108",-0.155708133647315
"ENSG00000307441",-0.155796152692026
"ENSG00000048828",-0.15597270255781
"ENSG00000027075",-0.156036124560209
"ENSG00000177283",-0.15613322992805
"ENSG00000164221",-0.156297327309127
"ENSG00000293588",-0.156909311767492
"ENSG00000217929",-0.156971352338143
"ENSG00000129521",-0.157125742808489
"ENSG00000177646",-0.157128647773026
"ENSG00000288878",-0.157143629096327
"ENSG00000186395",-0.157228131934073
"ENSG00000100982",-0.157566060264286
"ENSG00000291945",-0.15766875867263
"ENSG00000137871",-0.157691950680105
"ENSG00000215571",-0.157698343453203
"ENSG00000169621",-0.157737158036293
"ENSG00000119335",-0.157758674752712
"ENSG00000196159",-0.157873838749186
"ENSG00000031691",-0.158038788380826
"ENSG00000008382",-0.158111281103741
"ENSG00000147955",-0.15814833499961
"ENSG00000065534",-0.158308202435189
"ENSG00000147697",-0.158636131113742
"ENSG00000171241",-0.158742206374723
"ENSG00000142784",-0.158915784166537
"ENSG00000213937",-0.158943501125392
"ENSG00000217128",-0.158978590656181
"ENSG00000203875",-0.159031478618796
"ENSG00000288191",-0.159214847329072
"ENSG00000276657",-0.159282318094426
"ENSG00000235750",-0.159330535851748
"ENSG00000197279",-0.159345686696295
"ENSG00000295842",-0.159351070785776
"ENSG00000277586",-0.159373992685327
"ENSG00000233527",-0.159740081273346
"ENSG00000143207",-0.159985016834076
"ENSG00000121858",-0.160467792299445
"ENSG00000159884",-0.160585914814161
"ENSG00000178718",-0.160667090685378
"ENSG00000121207",-0.160725283769937
"ENSG00000155097",-0.160768856790294
"ENSG00000180423",-0.160818047382935
"ENSG00000121892",-0.160983441135113
"ENSG00000114638",-0.161004119425262
"ENSG00000111726",-0.161387708591056
"ENSG00000267395",-0.161574621200005
"ENSG00000236598",-0.161955342507004
"ENSG00000151893",-0.161959381214536
"ENSG00000134184",-0.162057241607818
"ENSG00000134108",-0.162067487150688
"ENSG00000099812",-0.162092237111759
"ENSG00000185250",-0.162241656593478
"ENSG00000187626",-0.162256938934765
"ENSG00000178752",-0.162282688785446
"ENSG00000179148",-0.162670182174496
"ENSG00000105429",-0.163068064923116
"ENSG00000131844",-0.163265730657044
"ENSG00000146731",-0.163551661195937
"ENSG00000267317",-0.163706623454524
"ENSG00000171476",-0.163773366533302
"ENSG00000289212",-0.163776943479747
"ENSG00000154473",-0.16386297340701
"ENSG00000223829",-0.163985656718006
"ENSG00000131711",-0.164333425483949
"ENSG00000163072",-0.164529982533394
"ENSG00000298862",-0.164597135439315
"ENSG00000289410",-0.164678914738729
"ENSG00000148120",-0.164730092367666
"ENSG00000068489",-0.164813258499791
"ENSG00000203288",-0.164929728083072
"ENSG00000146540",-0.16495992732222
"ENSG00000298000",-0.165007850765407
"ENSG00000144048",-0.165195148335786
"ENSG00000144485",-0.16546460481654
"ENSG00000119522",-0.165625339090141
"ENSG00000263293",-0.165670374369202
"ENSG00000140941",-0.165718779138766
"ENSG00000172922",-0.165869976720446
"ENSG00000076513",-0.165871680309765
"ENSG00000197223",-0.166226294919552
"ENSG00000185507",-0.166520092930467
"ENSG00000105281",-0.166667812121098
"ENSG00000154548",-0.166714235428665
"ENSG00000111011",-0.166758241450694
"ENSG00000246777",-0.166863703167399
"ENSG00000088727",-0.16692002959214
"ENSG00000237155",-0.167032708587458
"ENSG00000197191",-0.167130430285937
"ENSG00000168282",-0.167236004053382
"ENSG00000162694",-0.167242720356178
"ENSG00000172765",-0.16730294836615
"ENSG00000281930",-0.167393047964493
"ENSG00000104783",-0.167510364318333
"ENSG00000275437",-0.16753210452486
"ENSG00000168569",-0.167563665772779
"ENSG00000295196",-0.167579667867119
"ENSG00000206427",-0.167779534254739
"ENSG00000114650",-0.168110499297203
"ENSG00000099992",-0.168229130924764
"ENSG00000280296",-0.168427927045375
"ENSG00000227057",-0.168428380540612
"ENSG00000261200",-0.168500377487248
"ENSG00000144063",-0.168625678964832
"ENSG00000197912",-0.169100882240343
"ENSG00000112984",-0.169119857853558
"ENSG00000176410",-0.169199033669118
"ENSG00000284428",-0.169212068174949
"ENSG00000134684",-0.169327277899163
"ENSG00000128683",-0.169397905359478
"ENSG00000197363",-0.169464525452455
"ENSG00000223959",-0.169467926115009
"ENSG00000290086",-0.169529132179681
"ENSG00000166860",-0.169535124128739
"ENSG00000112299",-0.169561144736885
"ENSG00000127083",-0.169984466724216
"ENSG00000106028",-0.170042740751875
"ENSG00000203666",-0.170116756788588
"ENSG00000084693",-0.170236057396522
"ENSG00000271225",-0.170255839825822
"ENSG00000295260",-0.170330058042762
"ENSG00000149292",-0.17034109605275
"ENSG00000100228",-0.170437597681836
"ENSG00000236318",-0.170459309856011
"ENSG00000108510",-0.170512726589043
"ENSG00000239779",-0.170795756217725
"ENSG00000229422",-0.170842441663744
"ENSG00000241313",-0.171083034111931
"ENSG00000197496",-0.171266522167021
"ENSG00000278718",-0.171273969552517
"ENSG00000168228",-0.171367026026894
"ENSG00000163870",-0.171475929102255
"ENSG00000168056",-0.171532991221601
"ENSG00000088038",-0.171575911306588
"ENSG00000300496",-0.17160069855082
"ENSG00000162378",-0.171651222505263
"ENSG00000158941",-0.171722412338691
"ENSG00000136754",-0.171797559742582
"ENSG00000152102",-0.171939578648722
"ENSG00000141012",-0.172106796684733
"ENSG00000225131",-0.172122244104734
"ENSG00000185324",-0.172166909095884
"ENSG00000061938",-0.172220243734125
"ENSG00000280809",-0.172248147274784
"ENSG00000198763",-0.172278038824796
"ENSG00000180730",-0.172284411991416
"ENSG00000280099",-0.172310388651035
"ENSG00000103994",-0.172352166172189
"ENSG00000169689",-0.172364912845118
"ENSG00000228789",-0.172832597670641
"ENSG00000132109",-0.172921864479081
"ENSG00000288899",-0.173440507832551
"ENSG00000274719",-0.173660981402239
"ENSG00000163874",-0.17367077514058
"ENSG00000259129",-0.173684859054331
"ENSG00000305807",-0.173916517688566
"ENSG00000173457",-0.173955857095817
"ENSG00000140854",-0.173982184037087
"ENSG00000159658",-0.174038082942264
"ENSG00000221994",-0.174210726252661
"ENSG00000250182",-0.174286454448901
"ENSG00000170100",-0.17433837973294
"ENSG00000181004",-0.174493621119194
"ENSG00000253819",-0.174615114577557
"ENSG00000011426",-0.174682649466344
"ENSG00000118402",-0.174707855774131
"ENSG00000244036",-0.174744735236106
"ENSG00000159459",-0.175018445855401
"ENSG00000277782",-0.175078076413759
"ENSG00000159640",-0.175101113633957
"ENSG00000073060",-0.175158194122858
"ENSG00000198648",-0.175174343179137
"ENSG00000151461",-0.175237499917475
"ENSG00000068120",-0.17532688355737
"ENSG00000267571",-0.175454060000271
"ENSG00000141384",-0.175472798358964
"ENSG00000214756",-0.175563179241211
"ENSG00000132329",-0.1755660802113
"ENSG00000244239",-0.17593656505488
"ENSG00000132256",-0.176003178890757
"ENSG00000168765",-0.176069942447174
"ENSG00000306023",-0.176257512006536
"ENSG00000229782",-0.176540007238655
"ENSG00000206455",-0.176596070575067
"ENSG00000165669",-0.176620402530209
"ENSG00000127311",-0.17664382460404
"ENSG00000104808",-0.176683687263649
"ENSG00000147647",-0.176734134593845
"ENSG00000134899",-0.17703353486376
"ENSG00000133789",-0.177042612361922
"ENSG00000168481",-0.177215914257856
"ENSG00000110218",-0.177461569078034
"ENSG00000238197",-0.177672132986514
"ENSG00000148835",-0.177950377437669
"ENSG00000105447",-0.178081595799615
"ENSG00000290437",-0.17823364018146
"ENSG00000285634",-0.17824479649457
"ENSG00000186907",-0.178273566473529
"ENSG00000095485",-0.178289318019652
"ENSG00000143363",-0.178400376031677
"ENSG00000009335",-0.178429347009863
"ENSG00000286366",-0.178646637900249
"ENSG00000133422",-0.179044841043781
"ENSG00000196550",-0.179144934669974
"ENSG00000293194",-0.179307259494083
"ENSG00000277594",-0.179315209932497
"ENSG00000183674",-0.179334952382361
"ENSG00000255121",-0.179446968134542
"ENSG00000139323",-0.179455356581575
"ENSG00000125864",-0.179510860741287
"ENSG00000087470",-0.179642769915766
"ENSG00000166266",-0.179664918794553
"ENSG00000163481",-0.179832351956435
"ENSG00000254402",-0.179833137539304
"ENSG00000230590",-0.179835781440139
"ENSG00000168385",-0.180120504741354
"ENSG00000188785",-0.180197534344823
"ENSG00000250138",-0.180604108602133
"ENSG00000167984",-0.18066162266375
"ENSG00000198382",-0.180665387499516
"ENSG00000198876",-0.180718354444942
"ENSG00000108840",-0.18140067591506
"ENSG00000280433",-0.181406991488693
"ENSG00000269720",-0.181411542703805
"ENSG00000157927",-0.181462083892409
"ENSG00000164885",-0.181529796118034
"ENSG00000075461",-0.181869196794109
"ENSG00000250327",-0.181943128762983
"ENSG00000213399",-0.181977229911907
"ENSG00000260563",-0.182008889634558
"ENSG00000158825",-0.182028537890612
"ENSG00000124466",-0.182196919794436
"ENSG00000115649",-0.182379005513307
"ENSG00000213412",-0.182779675518857
"ENSG00000305609",-0.182875351908455
"ENSG00000205937",-0.183011332829859
"ENSG00000198915",-0.183067289255151
"ENSG00000108515",-0.183080765006277
"ENSG00000089048",-0.183273961027119
"ENSG00000279464",-0.18334335011555
"ENSG00000131652",-0.183362806226958
"ENSG00000116285",-0.183636772552597
"ENSG00000182158",-0.183779982830316
"ENSG00000276600",-0.183899533688046
"ENSG00000171858",-0.183902817952126
"ENSG00000131069",-0.183924620690209
"ENSG00000288663",-0.183948163920384
"ENSG00000102897",-0.184042876237323
"ENSG00000111666",-0.184093261770132
"ENSG00000146350",-0.184117906910449
"ENSG00000289890",-0.184157520421629
"ENSG00000260260",-0.184274743206083
"ENSG00000047315",-0.184302441000948
"ENSG00000105697",-0.184318728324711
"ENSG00000249624",-0.184396950984228
"ENSG00000154099",-0.184641306427649
"ENSG00000254405",-0.184818656117129
"ENSG00000291179",-0.184870141629744
"ENSG00000259605",-0.184960023044796
"ENSG00000129083",-0.185014671737643
"ENSG00000295501",-0.185195626870879
"ENSG00000308813",-0.185411000422253
"ENSG00000152455",-0.185489587866377
"ENSG00000231327",-0.185734718909068
"ENSG00000291071",-0.185841309265435
"ENSG00000173890",-0.185895657536376
"ENSG00000248846",-0.18593134102248
"ENSG00000197102",-0.186008373841768
"ENSG00000135525",-0.186013438428151
"ENSG00000166171",-0.186095591006184
"ENSG00000205559",-0.186139222785627
"ENSG00000008294",-0.186309943671457
"ENSG00000176125",-0.186449815901277
"ENSG00000233539",-0.186536172017609
"ENSG00000118518",-0.186548751005625
"ENSG00000113552",-0.186613077296789
"ENSG00000257921",-0.186802701690807
"ENSG00000264343",-0.18694206972019
"ENSG00000230834",-0.186949702839564
"ENSG00000257139",-0.187445963190007
"ENSG00000302344",-0.187517522059221
"ENSG00000143061",-0.187750662255628
"ENSG00000184164",-0.187858580484276
"ENSG00000232046",-0.187899228843169
"ENSG00000111676",-0.187900666282978
"ENSG00000172086",-0.188006515722634
"ENSG00000138193",-0.188078734064378
"ENSG00000198841",-0.188114572589553
"ENSG00000165934",-0.188280531003145
"ENSG00000163697",-0.188316796790718
"ENSG00000276480",-0.188374537978104
"ENSG00000306707",-0.188419438033214
"ENSG00000293925",-0.188485260925476
"ENSG00000176903",-0.18850586231442
"ENSG00000186615",-0.188847829484907
"ENSG00000099385",-0.188899698892983
"ENSG00000131669",-0.189095685127547
"ENSG00000130066",-0.189765712546209
"ENSG00000277159",-0.190324453136158
"ENSG00000198729",-0.190736273528934
"ENSG00000064726",-0.19074999073588
"ENSG00000127920",-0.190770484118009
"ENSG00000087274",-0.190873872092847
"ENSG00000102996",-0.190889582452247
"ENSG00000226053",-0.190896751748988
"ENSG00000100162",-0.190923090175486
"ENSG00000115053",-0.191096421870438
"ENSG00000149932",-0.191205393729715
"ENSG00000115841",-0.191345139564416
"ENSG00000181929",-0.191443776726534
"ENSG00000182504",-0.191482515660485
"ENSG00000308091",-0.191539165040216
"ENSG00000100330",-0.191630688678117
"ENSG00000223496",-0.191957168391557
"ENSG00000159069",-0.192013460006015
"ENSG00000221909",-0.192269281563469
"ENSG00000306721",-0.192347340204821
"ENSG00000164237",-0.192508589379964
"ENSG00000204442",-0.192553162987824
"ENSG00000189195",-0.192609085493391
"ENSG00000176236",-0.192677693889351
"ENSG00000171970",-0.192771498225849
"ENSG00000278000",-0.192912906157849
"ENSG00000121390",-0.193066525249844
"ENSG00000233573",-0.193457049537327
"ENSG00000308203",-0.193480141481706
"ENSG00000111275",-0.193607414290633
"ENSG00000166260",-0.193653468674744
"ENSG00000145740",-0.19374510658019
"ENSG00000132612",-0.193897732923204
"ENSG00000176273",-0.193969351791849
"ENSG00000168350",-0.194413164174949
"ENSG00000305326",-0.194463476048329
"ENSG00000224536",-0.194600543531566
"ENSG00000156599",-0.194610582581398
"ENSG00000028839",-0.194982648250499
"ENSG00000261572",-0.195258163122887
"ENSG00000165661",-0.195304829361098
"ENSG00000164587",-0.195341935869007
"ENSG00000185345",-0.195398971123898
"ENSG00000293210",-0.19544277700982
"ENSG00000103245",-0.195445365223753
"ENSG00000103047",-0.195545830497226
"ENSG00000293142",-0.195660444138806
"ENSG00000287725",-0.195804406924673
"ENSG00000242086",-0.195888734100855
"ENSG00000280399",-0.196067509711379
"ENSG00000162241",-0.196129228387524
"ENSG00000127616",-0.196143214347742
"ENSG00000121903",-0.196275580110502
"ENSG00000181751",-0.196338100958906
"ENSG00000105613",-0.196431311795792
"ENSG00000115145",-0.196545696430725
"ENSG00000143819",-0.196602734121867
"ENSG00000233912",-0.196762477036148
"ENSG00000291130",-0.196976607591767
"ENSG00000243568",-0.197265324757371
"ENSG00000175591",-0.197267988458458
"ENSG00000288829",-0.197399962382409
"ENSG00000013364",-0.197437890719335
"ENSG00000196636",-0.197449757141619
"ENSG00000161939",-0.197497227705531
"ENSG00000243081",-0.197560020593771
"ENSG00000110057",-0.197617594474915
"ENSG00000293360",-0.197647093889201
"ENSG00000102174",-0.197688497722313
"ENSG00000185808",-0.197722433437108
"ENSG00000299155",-0.19782091599639
"ENSG00000114383",-0.198041450575355
"ENSG00000099203",-0.198160908247073
"ENSG00000138134",-0.198324454661734
"ENSG00000278518",-0.198377346406219
"ENSG00000210144",-0.198615625482354
"ENSG00000175611",-0.198798035838223
"ENSG00000148950",-0.19905768302549
"ENSG00000277400",-0.199111062965028
"ENSG00000229689",-0.199184493554365
"ENSG00000115339",-0.19922637230894
"ENSG00000198929",-0.199369485362662
"ENSG00000197324",-0.199421533930218
"ENSG00000204261",-0.199709540113426
"ENSG00000293517",-0.199739308936272
"ENSG00000282221",-0.199890301485514
"ENSG00000183496",-0.199909479600037
"ENSG00000153558",-0.19991901911776
"ENSG00000274332",-0.19998534496636
"ENSG00000109381",-0.200121824700726
"ENSG00000225733",-0.200138011062788
"ENSG00000250644",-0.200226356289158
"ENSG00000196743",-0.200520485383419
"ENSG00000136542",-0.200531622939272
"ENSG00000119725",-0.200855964365534
"ENSG00000104529",-0.200884298957611
"ENSG00000249855",-0.200886999938388
"ENSG00000160551",-0.20110541346346
"ENSG00000140299",-0.201315417532289
"ENSG00000167272",-0.201874663818223
"ENSG00000259087",-0.20193880278909
"ENSG00000144026",-0.201966598340193
"ENSG00000198863",-0.202225716840931
"ENSG00000272716",-0.202246145581841
"ENSG00000116991",-0.202308479832858
"ENSG00000251141",-0.202398937568594
"ENSG00000030110",-0.202787304832153
"ENSG00000121413",-0.203172678296282
"ENSG00000005436",-0.20321158562885
"ENSG00000165092",-0.203343714790807
"ENSG00000168077",-0.203577518631031
"ENSG00000198060",-0.203731455864555
"ENSG00000173083",-0.203778304172484
"ENSG00000182993",-0.203779611115514
"ENSG00000286240",-0.204843736062849
"ENSG00000197885",-0.205018063912206
"ENSG00000309591",-0.205032770119905
"ENSG00000276340",-0.205078609567578
"ENSG00000135631",-0.20515144498879
"ENSG00000096654",-0.205265282227353
"ENSG00000158161",-0.205450306298225
"ENSG00000122390",-0.205464425316539
"ENSG00000003137",-0.205650507616406
"ENSG00000148429",-0.205651026690883
"ENSG00000231887",-0.205671471994405
"ENSG00000269937",-0.205744495937307
"ENSG00000170906",-0.205974374012232
"ENSG00000157765",-0.206009869089464
"ENSG00000039537",-0.206028201885694
"ENSG00000221883",-0.206129405193156
"ENSG00000185340",-0.206232392969286
"ENSG00000182224",-0.206282495749916
"ENSG00000203797",-0.206608380050392
"ENSG00000158773",-0.206795958420846
"ENSG00000291583",-0.206914128852954
"ENSG00000279662",-0.207171082512366
"ENSG00000173227",-0.207256726810583
"ENSG00000182541",-0.207383510172513
"ENSG00000146021",-0.207573356594141
"ENSG00000095574",-0.207676709223612
"ENSG00000231298",-0.20807599634271
"ENSG00000088899",-0.208117110203177
"ENSG00000308283",-0.208192059275734
"ENSG00000162989",-0.208212550944897
"ENSG00000233806",-0.208247417515509
"ENSG00000113327",-0.208389758143776
"ENSG00000175073",-0.208403425537527
"ENSG00000302351",-0.208673396476048
"ENSG00000181610",-0.208708811177132
"ENSG00000101400",-0.208793377490493
"ENSG00000291040",-0.20891023355429
"ENSG00000305681",-0.2092153340974
"ENSG00000012504",-0.209258793691531
"ENSG00000231742",-0.209327634827012
"ENSG00000152601",-0.209341130778481
"ENSG00000213606",-0.209487323171699
"ENSG00000102218",-0.20949745490754
"ENSG00000289086",-0.209553383060604
"ENSG00000166181",-0.209881068163727
"ENSG00000118523",-0.209901288615629
"ENSG00000185158",-0.209953569138326
"ENSG00000077312",-0.209962638648572
"ENSG00000247596",-0.210093972478726
"ENSG00000213904",-0.210292781254212
"ENSG00000006015",-0.210358804841272
"ENSG00000166923",-0.210437332268636
"ENSG00000213888",-0.210575428254326
"ENSG00000164327",-0.210624348221586
"ENSG00000126790",-0.210771628323176
"ENSG00000293993",-0.210822634136651
"ENSG00000137825",-0.210964493885004
"ENSG00000258744",-0.210987418001894
"ENSG00000124570",-0.211046682279477
"ENSG00000153896",-0.211095366213468
"ENSG00000152443",-0.211109885990799
"ENSG00000254363",-0.211191801614051
"ENSG00000288971",-0.211221467629479
"ENSG00000085788",-0.211534483780296
"ENSG00000182866",-0.211585066786363
"ENSG00000262619",-0.211646668903869
"ENSG00000160208",-0.211962534049483
"ENSG00000151148",-0.212141020982544
"ENSG00000146729",-0.212241360234364
"ENSG00000280007",-0.212261128984328
"ENSG00000128654",-0.212393083186817
"ENSG00000167641",-0.212618455615227
"ENSG00000296880",-0.212629224072845
"ENSG00000163466",-0.212821123286883
"ENSG00000268738",-0.212922785288106
"ENSG00000272274",-0.212985162703923
"ENSG00000107929",-0.213268846016308
"ENSG00000102921",-0.21333074129695
"ENSG00000261557",-0.213395512534402
"ENSG00000002587",-0.213491043734464
"ENSG00000105650",-0.213498313978503
"ENSG00000206435",-0.213606715864529
"ENSG00000254842",-0.213691556049758
"ENSG00000103035",-0.2137760440021
"ENSG00000122644",-0.213778794015409
"ENSG00000204531",-0.213804213825185
"ENSG00000231764",-0.213943239461572
"ENSG00000203879",-0.214384083366386
"ENSG00000236447",-0.214411845887215
"ENSG00000276836",-0.214585436274457
"ENSG00000112276",-0.214593147781719
"ENSG00000293314",-0.214637870559634
"ENSG00000160404",-0.215015917064037
"ENSG00000123179",-0.215175234531341
"ENSG00000100290",-0.215175609266711
"ENSG00000259120",-0.21520154960559
"ENSG00000111424",-0.215209232932008
"ENSG00000069329",-0.215213720608865
"ENSG00000292234",-0.215228722963871
"ENSG00000272405",-0.215319508396186
"ENSG00000261104",-0.215320337259206
"ENSG00000153975",-0.215469928995167
"ENSG00000122970",-0.215837175625463
"ENSG00000290821",-0.216072902791643
"ENSG00000104626",-0.216073609850667
"ENSG00000173930",-0.216098057284515
"ENSG00000149554",-0.216213986876914
"ENSG00000101751",-0.216245151164415
"ENSG00000128886",-0.216285375660005
"ENSG00000124787",-0.21661000862282
"ENSG00000100246",-0.216709643331305
"ENSG00000179523",-0.21703963185835
"ENSG00000101361",-0.217080604603644
"ENSG00000119541",-0.217100130625222
"ENSG00000265688",-0.217304108701535
"ENSG00000224531",-0.217479859640606
"ENSG00000152253",-0.217721033718994
"ENSG00000218891",-0.217752325957965
"ENSG00000169035",-0.217752363167936
"ENSG00000246174",-0.217797824630334
"ENSG00000170161",-0.217969072091388
"ENSG00000189283",-0.218119299801411
"ENSG00000197498",-0.218153527002683
"ENSG00000242265",-0.218390851411499
"ENSG00000290002",-0.218435981883575
"ENSG00000133872",-0.218493069521978
"ENSG00000012171",-0.218536474451871
"ENSG00000291136",-0.2186222871749
"ENSG00000105808",-0.219014456597693
"ENSG00000113721",-0.21920035928501
"ENSG00000257298",-0.219217829978497
"ENSG00000122545",-0.21923301724524
"ENSG00000135521",-0.219276567921778
"ENSG00000272563",-0.2192819908417
"ENSG00000198920",-0.21933584771025
"ENSG00000261115",-0.219754584364778
"ENSG00000289019",-0.220026945678628
"ENSG00000112769",-0.220226487623829
"ENSG00000041880",-0.220475662391432
"ENSG00000118412",-0.220584814496582
"ENSG00000183018",-0.220617353085949
"ENSG00000226137",-0.221107826708999
"ENSG00000105649",-0.221150476395397
"ENSG00000037749",-0.221211888293733
"ENSG00000299712",-0.221240536381267
"ENSG00000132522",-0.221243916279691
"ENSG00000198899",-0.221603354448978
"ENSG00000163527",-0.22166243637531
"ENSG00000128596",-0.221713226274334
"ENSG00000293710",-0.221786954392519
"ENSG00000259856",-0.221797496875722
"ENSG00000231023",-0.221955763465647
"ENSG00000148700",-0.222135768897364
"ENSG00000196218",-0.222212673325244
"ENSG00000280234",-0.222257296676255
"ENSG00000179950",-0.222277924915292
"ENSG00000106392",-0.22232104439084
"ENSG00000157514",-0.22239236088591
"ENSG00000206258",-0.222447365236437
"ENSG00000113240",-0.222447651170109
"ENSG00000157873",-0.222448064474281
"ENSG00000143344",-0.222527753991005
"ENSG00000065518",-0.222570451850794
"ENSG00000082153",-0.222702469027523
"ENSG00000115998",-0.222808585109574
"ENSG00000112782",-0.222915215042713
"ENSG00000151470",-0.223187231129638
"ENSG00000267249",-0.22323533751332
"ENSG00000145103",-0.223468032554577
"ENSG00000276931",-0.223494297680372
"ENSG00000186174",-0.223537799365939
"ENSG00000163453",-0.223667912864779
"ENSG00000137269",-0.223696728391556
"ENSG00000141298",-0.223827262217304
"ENSG00000177721",-0.223915779275511
"ENSG00000176946",-0.224016580140147
"ENSG00000171564",-0.224038193510363
"ENSG00000107242",-0.224081263031037
"ENSG00000114200",-0.224392253580849
"ENSG00000187601",-0.224485546316196
"ENSG00000134759",-0.224615854747089
"ENSG00000289604",-0.224944403253017
"ENSG00000235660",-0.225112902975059
"ENSG00000070718",-0.225180940611187
"ENSG00000197766",-0.225275670049767
"ENSG00000083093",-0.225427793130513
"ENSG00000122035",-0.225541500294654
"ENSG00000182472",-0.225677607664077
"ENSG00000266990",-0.225770872870732
"ENSG00000197635",-0.225898945567133
"ENSG00000172831",-0.225970809763057
"ENSG00000090372",-0.226130458151728
"ENSG00000138030",-0.226273365647793
"ENSG00000176723",-0.226373596679632
"ENSG00000164051",-0.226538021380667
"ENSG00000078246",-0.226577483147248
"ENSG00000111142",-0.226612679189302
"ENSG00000132661",-0.226652366268854
"ENSG00000163617",-0.226802560107284
"ENSG00000307342",-0.226964786220572
"ENSG00000164008",-0.227002489754133
"ENSG00000235703",-0.227267840699393
"ENSG00000174013",-0.227412922821755
"ENSG00000257379",-0.227483981768212
"ENSG00000254443",-0.227504032958966
"ENSG00000075336",-0.227568617654887
"ENSG00000154997",-0.227758501476213
"ENSG00000286918",-0.227844128320441
"ENSG00000154144",-0.228005443182462
"ENSG00000143314",-0.228061323214826
"ENSG00000213920",-0.228159976500903
"ENSG00000144741",-0.228304863004358
"ENSG00000171792",-0.228438844016302
"ENSG00000183793",-0.228592764424088
"ENSG00000110107",-0.228646733320105
"ENSG00000234678",-0.228702861623619
"ENSG00000248360",-0.228832923269561
"ENSG00000139438",-0.228929014836534
"ENSG00000151093",-0.229274162929129
"ENSG00000141569",-0.22937283061602
"ENSG00000099204",-0.229445794294288
"ENSG00000170017",-0.229911124332337
"ENSG00000088356",-0.230091279541139
"ENSG00000178719",-0.230137597348234
"ENSG00000112559",-0.230359477526509
"ENSG00000132591",-0.230429356079427
"ENSG00000213397",-0.230469950389159
"ENSG00000171806",-0.230494188937461
"ENSG00000173409",-0.230594011925321
"ENSG00000301691",-0.230699682775914
"ENSG00000304501",-0.230708353455666
"ENSG00000166716",-0.231510546116654
"ENSG00000175305",-0.231561205842895
"ENSG00000276855",-0.231744373520425
"ENSG00000000460",-0.231879082556365
"ENSG00000100387",-0.231899869454105
"ENSG00000102034",-0.231939132672723
"ENSG00000108960",-0.232050973309429
"ENSG00000136937",-0.232697095707617
"ENSG00000183199",-0.232782269690104
"ENSG00000213189",-0.233086358852279
"ENSG00000174327",-0.233143202912559
"ENSG00000307251",-0.233318330860017
"ENSG00000037474",-0.233412198609134
"ENSG00000196305",-0.23342804872658
"ENSG00000259291",-0.233549101363722
"ENSG00000248544",-0.233816711741201
"ENSG00000064199",-0.23420843165267
"ENSG00000139726",-0.234221090184635
"ENSG00000224952",-0.234232477293431
"ENSG00000040531",-0.23446285228464
"ENSG00000090581",-0.23458903866169
"ENSG00000078142",-0.234600781653945
"ENSG00000161960",-0.234603177125902
"ENSG00000086232",-0.234942403701309
"ENSG00000223442",-0.23496451243401
"ENSG00000266053",-0.235043949401629
"ENSG00000198270",-0.235188840583404
"ENSG00000139722",-0.235447034791507
"ENSG00000196914",-0.235611689650286
"ENSG00000157657",-0.23562089006821
"ENSG00000230773",-0.235719625846948
"ENSG00000138336",-0.236072364436438
"ENSG00000270504",-0.236281757330081
"ENSG00000148358",-0.236383256658335
"ENSG00000147804",-0.23676523464845
"ENSG00000012174",-0.23691395979156
"ENSG00000167105",-0.237058770336043
"ENSG00000272606",-0.237127179394979
"ENSG00000261488",-0.237201636799281
"ENSG00000260464",-0.237352277940167
"ENSG00000204070",-0.237353286419104
"ENSG00000248771",-0.237608545329748
"ENSG00000103496",-0.237689604278072
"ENSG00000275835",-0.23769825295926
"ENSG00000171492",-0.237848537637091
"ENSG00000168283",-0.238109656263419
"ENSG00000280798",-0.238828888087037
"ENSG00000172977",-0.238912327632585
"ENSG00000103540",-0.239113184959873
"ENSG00000114631",-0.239142033598461
"ENSG00000227217",-0.239203047971718
"ENSG00000186522",-0.239226121909298
"ENSG00000231728",-0.239297138461623
"ENSG00000233611",-0.239377493906676
"ENSG00000073849",-0.239416030303697
"ENSG00000084463",-0.239503130606507
"ENSG00000112309",-0.239506315882881
"ENSG00000108639",-0.239617731084759
"ENSG00000113966",-0.23987950535528
"ENSG00000285958",-0.240047524287229
"ENSG00000237172",-0.240073435343664
"ENSG00000288611",-0.240095446271553
"ENSG00000028116",-0.240231552334552
"ENSG00000110013",-0.240331413118313
"ENSG00000167889",-0.240333286990892
"ENSG00000160345",-0.240450563263482
"ENSG00000239415",-0.240533704960314
"ENSG00000224616",-0.240539504540172
"ENSG00000133895",-0.240774087022387
"ENSG00000092931",-0.24080373685168
"ENSG00000230337",-0.240837251692124
"ENSG00000175390",-0.241069722510658
"ENSG00000291140",-0.241088731453686
"ENSG00000134057",-0.241125230758439
"ENSG00000229021",-0.241164294834258
"ENSG00000134755",-0.241218593156979
"ENSG00000249853",-0.241257105011306
"ENSG00000143375",-0.241278371006977
"ENSG00000186364",-0.241282638311827
"ENSG00000117640",-0.241319167243425
"ENSG00000112343",-0.241329759506871
"ENSG00000293460",-0.241375531803802
"ENSG00000233237",-0.241658487460985
"ENSG00000005893",-0.241691602080947
"ENSG00000156521",-0.24176988851457
"ENSG00000188611",-0.241789986361716
"ENSG00000152558",-0.241854330359579
"ENSG00000130813",-0.241989399103408
"ENSG00000227258",-0.242206248925009
"ENSG00000184785",-0.242511834335622
"ENSG00000145375",-0.242576001167439
"ENSG00000071859",-0.242898930900777
"ENSG00000279722",-0.242995641692926
"ENSG00000167965",-0.243008435544053
"ENSG00000184887",-0.243381588469587
"ENSG00000139684",-0.243517064948572
"ENSG00000122033",-0.243627420950892
"ENSG00000008853",-0.243665817943996
"ENSG00000140848",-0.243731546734044
"ENSG00000306539",-0.243822010299914
"ENSG00000253452",-0.244216347531519
"ENSG00000181830",-0.244384816546471
"ENSG00000072803",-0.24447092988719
"ENSG00000136147",-0.244553153731462
"ENSG00000183479",-0.244648432509945
"ENSG00000137878",-0.244675081869024
"ENSG00000100353",-0.24474953182833
"ENSG00000226648",-0.244822449781959
"ENSG00000180233",-0.244935442754428
"ENSG00000163832",-0.244936648925715
"ENSG00000247516",-0.244949293973476
"ENSG00000277585",-0.245088062506337
"ENSG00000136869",-0.24511463822429
"ENSG00000260534",-0.245208123259244
"ENSG00000102837",-0.245487544627929
"ENSG00000114790",-0.245955583451429
"ENSG00000171160",-0.246480926786753
"ENSG00000294537",-0.246522566844109
"ENSG00000188013",-0.246578554364189
"ENSG00000171766",-0.246624020802163
"ENSG00000234530",-0.246642073637606
"ENSG00000171574",-0.246876309519652
"ENSG00000225792",-0.247118529207944
"ENSG00000187837",-0.24749442186196
"ENSG00000172493",-0.247573375770822
"ENSG00000141582",-0.247573579869533
"ENSG00000056998",-0.247669379319823
"ENSG00000182545",-0.247939424053319
"ENSG00000259529",-0.248169210823746
"ENSG00000261857",-0.248516563105468
"ENSG00000290983",-0.248843159581267
"ENSG00000186314",-0.248974447101666
"ENSG00000280011",-0.248976177487916
"ENSG00000162441",-0.249198800662517
"ENSG00000285976",-0.249293371040454
"ENSG00000104960",-0.249381394696433
"ENSG00000099377",-0.249575920080609
"ENSG00000290114",-0.249657981243104
"ENSG00000245556",-0.249935637716984
"ENSG00000106346",-0.249957141545446
"ENSG00000105072",-0.249985785416617
"ENSG00000269069",-0.250098840241937
"ENSG00000184304",-0.250164120285703
"ENSG00000138075",-0.250182853733066
"ENSG00000255176",-0.250275213607208
"ENSG00000118620",-0.250310784136181
"ENSG00000064666",-0.250418080302206
"ENSG00000284606",-0.250462675680141
"ENSG00000306812",-0.250531826886898
"ENSG00000196711",-0.250618538077403
"ENSG00000267801",-0.250718808810779
"ENSG00000106261",-0.250799755875442
"ENSG00000254759",-0.250806162726727
"ENSG00000145919",-0.250960827944269
"ENSG00000169564",-0.251077968168963
"ENSG00000187118",-0.251179540168875
"ENSG00000291231",-0.25123545368283
"ENSG00000134757",-0.251454772724498
"ENSG00000136521",-0.25164793794322
"ENSG00000293332",-0.251668019624046
"ENSG00000174109",-0.251755269379258
"ENSG00000116698",-0.251963694483495
"ENSG00000089050",-0.252270975748644
"ENSG00000183145",-0.252617757801568
"ENSG00000134046",-0.25267943535503
"ENSG00000235360",-0.252857705665317
"ENSG00000275700",-0.252967072132893
"ENSG00000118407",-0.252982556158908
"ENSG00000102805",-0.253046765680811
"ENSG00000168679",-0.253095521819299
"ENSG00000228253",-0.253122439800856
"ENSG00000253348",-0.253247242482288
"ENSG00000310134",-0.253279484612869
"ENSG00000117477",-0.253351975801268
"ENSG00000297140",-0.25335702215697
"ENSG00000289755",-0.25344163041565
"ENSG00000105523",-0.253542661619022
"ENSG00000114126",-0.253572878476176
"ENSG00000089022",-0.253645618117025
"ENSG00000266094",-0.253690085988463
"ENSG00000183311",-0.253690366536926
"ENSG00000290926",-0.253711960615911
"ENSG00000064652",-0.253737272923942
"ENSG00000135124",-0.25373764316934
"ENSG00000181274",-0.25393337872427
"ENSG00000186496",-0.254022840959314
"ENSG00000275600",-0.254098704579509
"ENSG00000289483",-0.254498979400638
"ENSG00000304244",-0.254509513745298
"ENSG00000178965",-0.254510481477058
"ENSG00000162174",-0.254649204242294
"ENSG00000105755",-0.254681548719475
"ENSG00000117280",-0.254822721884667
"ENSG00000042429",-0.2551216335438
"ENSG00000162438",-0.255192186029469
"ENSG00000181104",-0.255224644903011
"ENSG00000174939",-0.25526325937318
"ENSG00000122490",-0.25526965350942
"ENSG00000147650",-0.255302207797595
"ENSG00000185567",-0.255341978993146
"ENSG00000054116",-0.255550677624836
"ENSG00000173674",-0.255656679712069
"ENSG00000229337",-0.255734994314
"ENSG00000040199",-0.256221564844629
"ENSG00000230082",-0.256445945985537
"ENSG00000080200",-0.256542836883604
"ENSG00000276802",-0.256758521467226
"ENSG00000187792",-0.256857780191143
"ENSG00000228697",-0.257045960377881
"ENSG00000299784",-0.25733312870055
"ENSG00000165630",-0.257469273087089
"ENSG00000270659",-0.25761095490731
"ENSG00000272899",-0.257697847035634
"ENSG00000282744",-0.257717313245362
"ENSG00000178229",-0.257841844851301
"ENSG00000147164",-0.257893861720103
"ENSG00000293465",-0.257916920475833
"ENSG00000029725",-0.258066530080128
"ENSG00000223459",-0.258343339893039
"ENSG00000146457",-0.258395919119161
"ENSG00000124767",-0.258487287411722
"ENSG00000076944",-0.258657425670074
"ENSG00000160813",-0.258667385146927
"ENSG00000301450",-0.258691962204012
"ENSG00000182272",-0.258928241329243
"ENSG00000249669",-0.258935456382777
"ENSG00000178096",-0.259128404091151
"ENSG00000137699",-0.259188618048679
"ENSG00000269858",-0.259316567587684
"ENSG00000163157",-0.259386722179452
"ENSG00000244513",-0.260092620143621
"ENSG00000115457",-0.260203676124848
"ENSG00000169118",-0.260524884043125
"ENSG00000117054",-0.260710222182894
"ENSG00000134851",-0.261449812089992
"ENSG00000275349",-0.261614704151802
"ENSG00000213928",-0.261652105774174
"ENSG00000198053",-0.261655577525804
"ENSG00000293319",-0.261874124908308
"ENSG00000120539",-0.261939180886327
"ENSG00000092439",-0.262021712044557
"ENSG00000165527",-0.262026073545529
"ENSG00000235692",-0.262068623005119
"ENSG00000173653",-0.2621741715918
"ENSG00000109654",-0.262232027598143
"ENSG00000225190",-0.262358111396936
"ENSG00000291102",-0.262657374407897
"ENSG00000164509",-0.262784507757592
"ENSG00000120805",-0.262826384400507
"ENSG00000283149",-0.262830041272751
"ENSG00000171017",-0.263145716410507
"ENSG00000125266",-0.263189377287394
"ENSG00000142546",-0.263234836141698
"ENSG00000165929",-0.263452526273486
"ENSG00000242474",-0.263856015311351
"ENSG00000163818",-0.263986965390474
"ENSG00000177614",-0.264011975440502
"ENSG00000123349",-0.264111243719052
"ENSG00000136261",-0.264176405661573
"ENSG00000181722",-0.26418576857447
"ENSG00000290833",-0.264220553658696
"ENSG00000140406",-0.264292587986247
"ENSG00000229951",-0.264516575277775
"ENSG00000125503",-0.264623538925966
"ENSG00000101040",-0.264666203956178
"ENSG00000077232",-0.264688860556627
"ENSG00000100997",-0.264854277185983
"ENSG00000196620",-0.264883081056487
"ENSG00000286037",-0.264889482467868
"ENSG00000102119",-0.265267879494963
"ENSG00000282367",-0.265303642898413
"ENSG00000291039",-0.265310018634434
"ENSG00000066855",-0.265343495397991
"ENSG00000006837",-0.265738819120233
"ENSG00000116584",-0.265744232120736
"ENSG00000177225",-0.265982635349873
"ENSG00000277938",-0.265982639978182
"ENSG00000158014",-0.266183578459517
"ENSG00000230624",-0.266315323858183
"ENSG00000072571",-0.266390221761486
"ENSG00000166886",-0.266391533475513
"ENSG00000243725",-0.266501843100013
"ENSG00000272502",-0.266627890058061
"ENSG00000100294",-0.266639410843689
"ENSG00000228232",-0.266681939342283
"ENSG00000125779",-0.266697384124171
"ENSG00000129084",-0.266721728011485
"ENSG00000144034",-0.266757573854679
"ENSG00000272841",-0.266782747876455
"ENSG00000113645",-0.266838397919618
"ENSG00000125970",-0.266907838951066
"ENSG00000131015",-0.266957106254778
"ENSG00000256683",-0.267238896514926
"ENSG00000177879",-0.26731768822662
"ENSG00000162623",-0.267414591345837
"ENSG00000150527",-0.267738922665487
"ENSG00000139194",-0.267919663255823
"ENSG00000162512",-0.267985154090359
"ENSG00000170855",-0.267995988721941
"ENSG00000152193",-0.268223576805472
"ENSG00000117697",-0.268290136840075
"ENSG00000290559",-0.268587834521092
"ENSG00000142675",-0.269384625902625
"ENSG00000268201",-0.269715236611279
"ENSG00000180917",-0.270110973705138
"ENSG00000230612",-0.270230102624363
"ENSG00000166450",-0.270267569440823
"ENSG00000174292",-0.270315519133517
"ENSG00000107897",-0.270407257387583
"ENSG00000196230",-0.270458442396755
"ENSG00000198590",-0.270629640307176
"ENSG00000274523",-0.270727077650968
"ENSG00000289502",-0.27093399471831
"ENSG00000107742",-0.271271630013639
"ENSG00000303324",-0.271290554011305
"ENSG00000152952",-0.271318955077823
"ENSG00000120265",-0.271372650287601
"ENSG00000121310",-0.271675268051252
"ENSG00000288781",-0.271860648771224
"ENSG00000280800",-0.271879617158297
"ENSG00000237611",-0.271936148980681
"ENSG00000243279",-0.271961142656857
"ENSG00000159692",-0.271996595152818
"ENSG00000118873",-0.272076672884467
"ENSG00000164933",-0.272207804789489
"ENSG00000102316",-0.272274447787398
"ENSG00000197620",-0.272321269797724
"ENSG00000301612",-0.272476318155885
"ENSG00000250333",-0.272647513075099
"ENSG00000167644",-0.272960699366879
"ENSG00000245498",-0.273145311243343
"ENSG00000148484",-0.273197246933661
"ENSG00000103978",-0.273261931362156
"ENSG00000186446",-0.273307349800855
"ENSG00000126247",-0.273463429357354
"ENSG00000277111",-0.273550830303428
"ENSG00000162882",-0.273950299275804
"ENSG00000251670",-0.27397629100015
"ENSG00000139350",-0.274023833935591
"ENSG00000112685",-0.274071488586149
"ENSG00000287288",-0.274077252884441
"ENSG00000258634",-0.274295990332795
"ENSG00000233476",-0.274309105051839
"ENSG00000293264",-0.274391784145289
"ENSG00000155016",-0.274476328654343
"ENSG00000182389",-0.274749158115031
"ENSG00000112218",-0.274940118997599
"ENSG00000142512",-0.274963326423333
"ENSG00000203993",-0.275032868026699
"ENSG00000278126",-0.275101488763836
"ENSG00000143815",-0.275150949790752
"ENSG00000168505",-0.275290273231204
"ENSG00000196503",-0.275341507818627
"ENSG00000158258",-0.275408450932427
"ENSG00000293721",-0.275554688488783
"ENSG00000229140",-0.27573451139985
"ENSG00000112312",-0.275930397336039
"ENSG00000134072",-0.276015726784001
"ENSG00000124875",-0.276073340124241
"ENSG00000258689",-0.276074817835872
"ENSG00000116329",-0.276363887065794
"ENSG00000197043",-0.276532978434942
"ENSG00000241155",-0.276559035533205
"ENSG00000115484",-0.276597585415316
"ENSG00000101457",-0.276603422331773
"ENSG00000102024",-0.27660353354757
"ENSG00000294870",-0.276642639329293
"ENSG00000273382",-0.276726517870778
"ENSG00000179292",-0.276768142004139
"ENSG00000206454",-0.276882342650517
"ENSG00000157326",-0.276946964052499
"ENSG00000064012",-0.2771217016853
"ENSG00000132823",-0.277303083946293
"ENSG00000267655",-0.277555466933935
"ENSG00000267254",-0.277611907523065
"ENSG00000189056",-0.277794389947392
"ENSG00000145040",-0.277894065389238
"ENSG00000166925",-0.277912773398503
"ENSG00000104824",-0.277948483653823
"ENSG00000196268",-0.27829895418543
"ENSG00000112837",-0.278305280484787
"ENSG00000170889",-0.278651467647755
"ENSG00000166439",-0.27874528315006
"ENSG00000184481",-0.278751654176073
"ENSG00000236432",-0.278888828523281
"ENSG00000227718",-0.27949298621862
"ENSG00000271646",-0.279569121849656
"ENSG00000189223",-0.279675856005047
"ENSG00000100014",-0.279754215386102
"ENSG00000136897",-0.279837474889332
"ENSG00000126767",-0.280094341290243
"ENSG00000253187",-0.28022972323338
"ENSG00000198612",-0.280248062746171
"ENSG00000134627",-0.280314067458625
"ENSG00000258677",-0.28070463627178
"ENSG00000107821",-0.280779901445702
"ENSG00000111832",-0.28087969066559
"ENSG00000178449",-0.280939085969485
"ENSG00000103319",-0.281166712803219
"ENSG00000185467",-0.281320055197431
"ENSG00000171295",-0.281505547343732
"ENSG00000158467",-0.281547205801297
"ENSG00000169604",-0.281630383094287
"ENSG00000121210",-0.281697422611489
"ENSG00000238045",-0.281721181416567
"ENSG00000278016",-0.281779414607423
"ENSG00000305133",-0.281905119677628
"ENSG00000117308",-0.282232235283243
"ENSG00000007341",-0.282283485341351
"ENSG00000196437",-0.282298986976321
"ENSG00000210184",-0.282428098468115
"ENSG00000108848",-0.282453694157548
"ENSG00000244274",-0.282467731367203
"ENSG00000121864",-0.282620677110361
"ENSG00000204934",-0.282786945900306
"ENSG00000136574",-0.282979913153604
"ENSG00000205531",-0.283088752936604
"ENSG00000204314",-0.28337690408319
"ENSG00000102109",-0.283396507425409
"ENSG00000119328",-0.283405913182108
"ENSG00000300168",-0.283532993519269
"ENSG00000293555",-0.283667870509226
"ENSG00000058091",-0.28433545414867
"ENSG00000090621",-0.28435782338267
"ENSG00000205710",-0.284440566399761
"ENSG00000120675",-0.284591556882785
"ENSG00000254986",-0.284802842562909
"ENSG00000274425",-0.284860557431484
"ENSG00000225077",-0.285006379388411
"ENSG00000293161",-0.285028473510167
"ENSG00000132530",-0.2850342465429
"ENSG00000278993",-0.285398166552241
"ENSG00000245105",-0.285560518842531
"ENSG00000113456",-0.285664377328614
"ENSG00000290867",-0.28605768317506
"ENSG00000212916",-0.286154089653527
"ENSG00000214900",-0.286242506788574
"ENSG00000169896",-0.286360883593227
"ENSG00000135362",-0.28637788824465
"ENSG00000198246",-0.286397257542753
"ENSG00000198517",-0.286445578771409
"ENSG00000299324",-0.286472849064986
"ENSG00000164199",-0.286507684435139
"ENSG00000125843",-0.286791059566671
"ENSG00000136875",-0.286794098758577
"ENSG00000068028",-0.286827745290527
"ENSG00000265354",-0.286853918217394
"ENSG00000076716",-0.286931449213951
"ENSG00000273909",-0.286940177528548
"ENSG00000108094",-0.287101422852498
"ENSG00000278220",-0.287111864214246
"ENSG00000169093",-0.28754926007507
"ENSG00000246560",-0.287641714766709
"ENSG00000167487",-0.287713665129882
"ENSG00000270084",-0.28777333458556
"ENSG00000288453",-0.287905899760899
"ENSG00000274015",-0.28800665210829
"ENSG00000066697",-0.288295816886575
"ENSG00000082458",-0.288563569730541
"ENSG00000117305",-0.288582368726098
"ENSG00000074582",-0.288910801042519
"ENSG00000171126",-0.288961086127124
"ENSG00000167286",-0.289085279970418
"ENSG00000244754",-0.289138709307147
"ENSG00000160214",-0.289155498783281
"ENSG00000258727",-0.289424746575783
"ENSG00000198873",-0.289503293749518
"ENSG00000156171",-0.289537124796943
"ENSG00000286070",-0.289626281635553
"ENSG00000140463",-0.289945044583535
"ENSG00000138380",-0.290175533450552
"ENSG00000238072",-0.290740931120032
"ENSG00000083896",-0.290760697847175
"ENSG00000251442",-0.290915432553095
"ENSG00000104805",-0.291133603263066
"ENSG00000054392",-0.291210447505017
"ENSG00000135063",-0.291919224469766
"ENSG00000088888",-0.292034496639896
"ENSG00000000971",-0.292307116219642
"ENSG00000282019",-0.292355571254629
"ENSG00000177981",-0.292498242118413
"ENSG00000092094",-0.292699030212438
"ENSG00000278165",-0.292814590511227
"ENSG00000130032",-0.293004938121263
"ENSG00000288485",-0.293067483057236
"ENSG00000206077",-0.293097532269853
"ENSG00000185065",-0.293148364052883
"ENSG00000109339",-0.293178155135297
"ENSG00000188322",-0.293476948868114
"ENSG00000175548",-0.293505093679891
"ENSG00000105643",-0.293551672368368
"ENSG00000230615",-0.293577472472121
"ENSG00000165119",-0.293700782846799
"ENSG00000140563",-0.293715857002361
"ENSG00000188910",-0.29388228658955
"ENSG00000262771",-0.293894789180911
"ENSG00000177200",-0.293946783360566
"ENSG00000156103",-0.294143002774585
"ENSG00000010810",-0.294176293127143
"ENSG00000130517",-0.294331562132363
"ENSG00000243811",-0.294528134139546
"ENSG00000142327",-0.294652626388355
"ENSG00000119684",-0.29469005307708
"ENSG00000162613",-0.294835057793348
"ENSG00000096155",-0.294896305136445
"ENSG00000090432",-0.295053867739537
"ENSG00000158716",-0.295206596677077
"ENSG00000259780",-0.295331954491767
"ENSG00000122085",-0.295660324002122
"ENSG00000279265",-0.295740727065305
"ENSG00000303231",-0.295829633969165
"ENSG00000126777",-0.295880927827758
"ENSG00000308263",-0.296045637388804
"ENSG00000126249",-0.296459711096583
"ENSG00000268129",-0.296610358555114
"ENSG00000141642",-0.296674754241126
"ENSG00000111145",-0.296802023033813
"ENSG00000137261",-0.297063383787785
"ENSG00000148450",-0.297195771239257
"ENSG00000127585",-0.297208317480759
"ENSG00000099381",-0.297676510590408
"ENSG00000162777",-0.298078586817797
"ENSG00000264619",-0.298229929229253
"ENSG00000175137",-0.298263807153668
"ENSG00000255946",-0.298542599532055
"ENSG00000119782",-0.298593643745129
"ENSG00000025770",-0.298685391745349
"ENSG00000276672",-0.298921027292596
"ENSG00000275632",-0.298962107831308
"ENSG00000168118",-0.298971665128841
"ENSG00000267520",-0.299166043169271
"ENSG00000284869",-0.299331387638548
"ENSG00000113569",-0.299480922250956
"ENSG00000136770",-0.299615335637533
"ENSG00000156990",-0.299783413266898
"ENSG00000256364",-0.299896445969864
"ENSG00000166262",-0.299913837915591
"ENSG00000120693",-0.29993554383992
"ENSG00000277496",-0.300027017144774
"ENSG00000186230",-0.300197350193799
"ENSG00000290917",-0.300249305492577
"ENSG00000170122",-0.30026641303348
"ENSG00000047662",-0.300741823146461
"ENSG00000270074",-0.300768737546664
"ENSG00000259976",-0.300851847692196
"ENSG00000060237",-0.300939158595579
"ENSG00000107014",-0.301011371043835
"ENSG00000182512",-0.301107673162697
"ENSG00000182557",-0.301204003766731
"ENSG00000120327",-0.301375515442592
"ENSG00000307172",-0.301447814605552
"ENSG00000204525",-0.30147725409061
"ENSG00000094804",-0.30166306852598
"ENSG00000273893",-0.301688889728288
"ENSG00000171345",-0.301766776598471
"ENSG00000185798",-0.301836966218831
"ENSG00000120053",-0.301912431884586
"ENSG00000290835",-0.30205980986341
"ENSG00000298172",-0.302212611785126
"ENSG00000177868",-0.302239555076299
"ENSG00000273033",-0.302270698771783
"ENSG00000100304",-0.302378156141071
"ENSG00000081087",-0.302380742473074
"ENSG00000110063",-0.302416528979963
"ENSG00000141858",-0.302543469231332
"ENSG00000297599",-0.302748702717295
"ENSG00000137288",-0.302832976200403
"ENSG00000205476",-0.302985694625237
"ENSG00000084112",-0.303380611382907
"ENSG00000130713",-0.303419358358931
"ENSG00000196411",-0.30343136107713
"ENSG00000272906",-0.303452423840386
"ENSG00000160055",-0.303637301113563
"ENSG00000261008",-0.30378049755777
"ENSG00000184574",-0.303810201518563
"ENSG00000145824",-0.303965518989501
"ENSG00000145358",-0.304323185917685
"ENSG00000150873",-0.304326801026073
"ENSG00000172456",-0.304360684893883
"ENSG00000232803",-0.304388097618633
"ENSG00000125650",-0.304410881104405
"ENSG00000254860",-0.304739057771931
"ENSG00000144182",-0.305189953254693
"ENSG00000168393",-0.305196653414994
"ENSG00000115241",-0.305304884895981
"ENSG00000106025",-0.305344339027711
"ENSG00000230479",-0.305357025097126
"ENSG00000140688",-0.305378664596333
"ENSG00000198646",-0.305396548831998
"ENSG00000174827",-0.30540688429799
"ENSG00000290712",-0.305547444389137
"ENSG00000147234",-0.30586962979121
"ENSG00000010438",-0.305906490631784
"ENSG00000116701",-0.306161590522322
"ENSG00000143543",-0.306221836834098
"ENSG00000114030",-0.306329122286087
"ENSG00000165424",-0.306366290569586
"ENSG00000196976",-0.30651930786879
"ENSG00000288871",-0.306527885189512
"ENSG00000085377",-0.306590644226709
"ENSG00000134955",-0.306956975617678
"ENSG00000109332",-0.307064277830891
"ENSG00000009844",-0.307212631981984
"ENSG00000204054",-0.307442514893781
"ENSG00000137955",-0.307448589280805
"ENSG00000111331",-0.307541906757521
"ENSG00000101546",-0.307630466842848
"ENSG00000116353",-0.307658143668196
"ENSG00000162139",-0.30790386987965
"ENSG00000138207",-0.307908088064286
"ENSG00000215784",-0.308184873822088
"ENSG00000144671",-0.30825395536328
"ENSG00000102287",-0.308345894103263
"ENSG00000287929",-0.30851833482588
"ENSG00000164162",-0.308534146378416
"ENSG00000310059",-0.30867909323373
"ENSG00000112695",-0.308717229318691
"ENSG00000115520",-0.308733413288065
"ENSG00000125885",-0.309037941340299
"ENSG00000011143",-0.309080340603804
"ENSG00000253741",-0.309145406615108
"ENSG00000176720",-0.309179438096218
"ENSG00000264070",-0.309233485474105
"ENSG00000289839",-0.309452161405631
"ENSG00000028137",-0.309540429364478
"ENSG00000248206",-0.309678236963281
"ENSG00000300051",-0.309849997624199
"ENSG00000168038",-0.309937885006629
"ENSG00000126787",-0.310277794667324
"ENSG00000285304",-0.310295499575199
"ENSG00000226445",-0.31037845708089
"ENSG00000132600",-0.310651604299963
"ENSG00000110756",-0.310704373250218
"ENSG00000074800",-0.310834085866657
"ENSG00000253320",-0.310874535754135
"ENSG00000237649",-0.310907282580719
"ENSG00000275031",-0.310913210702277
"ENSG00000064995",-0.310925394336884
"ENSG00000141404",-0.310938021310782
"ENSG00000291224",-0.311002278366514
"ENSG00000049449",-0.311231406926708
"ENSG00000114439",-0.311351175480933
"ENSG00000226033",-0.311366337574253
"ENSG00000114127",-0.311425587680115
"ENSG00000290487",-0.311466599320189
"ENSG00000198492",-0.311654001710373
"ENSG00000280383",-0.311667316475951
"ENSG00000010803",-0.311750798959559
"ENSG00000164182",-0.311804660129357
"ENSG00000129968",-0.311843665100688
"ENSG00000228300",-0.311933968650441
"ENSG00000034677",-0.312036059606282
"ENSG00000134780",-0.312054087599556
"ENSG00000185658",-0.312219757467125
"ENSG00000237149",-0.312248639453158
"ENSG00000134013",-0.312275370746285
"ENSG00000119333",-0.312303815860315
"ENSG00000235663",-0.312534950980026
"ENSG00000137747",-0.312640513792224
"ENSG00000114378",-0.31272868114218
"ENSG00000288675",-0.312788031367631
"ENSG00000141098",-0.312893005345451
"ENSG00000288398",-0.313197467313533
"ENSG00000229589",-0.31336730150751
"ENSG00000146833",-0.313441472265618
"ENSG00000293004",-0.313502885687496
"ENSG00000146701",-0.313634985546063
"ENSG00000270012",-0.313881282950978
"ENSG00000137193",-0.313952699561709
"ENSG00000012061",-0.314207458934397
"ENSG00000037897",-0.314286449345014
"ENSG00000111860",-0.314292409531387
"ENSG00000070423",-0.314654087551248
"ENSG00000178104",-0.31467899326956
"ENSG00000127530",-0.314937173710325
"ENSG00000100889",-0.314990069938581
"ENSG00000257790",-0.315025900388045
"ENSG00000072609",-0.315186074950747
"ENSG00000143228",-0.315237500795579
"ENSG00000297708",-0.315279936492076
"ENSG00000183161",-0.315315173252216
"ENSG00000310050",-0.315441787854602
"ENSG00000141524",-0.31551217665963
"ENSG00000185585",-0.315515956254331
"ENSG00000308585",-0.315516741498887
"ENSG00000198918",-0.315548690275627
"ENSG00000276851",-0.315633434201469
"ENSG00000114115",-0.315650803276616
"ENSG00000232587",-0.315768191571765
"ENSG00000168517",-0.315777178857174
"ENSG00000291839",-0.31612018990938
"ENSG00000141934",-0.316231383298352
"ENSG00000089327",-0.316502364918994
"ENSG00000166747",-0.316659641793338
"ENSG00000112137",-0.316789115885296
"ENSG00000178234",-0.316973851851308
"ENSG00000139998",-0.317008682850826
"ENSG00000136114",-0.317200483795946
"ENSG00000289513",-0.31721009732376
"ENSG00000186787",-0.317225413709294
"ENSG00000259584",-0.317361785695213
"ENSG00000291313",-0.31736206606966
"ENSG00000298868",-0.317447960013513
"ENSG00000276061",-0.317881503826026
"ENSG00000153404",-0.31802089998306
"ENSG00000224520",-0.31832936441235
"ENSG00000302457",-0.318458119194455
"ENSG00000259065",-0.318664044245449
"ENSG00000066427",-0.318705209150711
"ENSG00000156639",-0.318957010691833
"ENSG00000230454",-0.319219318224486
"ENSG00000302968",-0.319510173489081
"ENSG00000132680",-0.319577483977476
"ENSG00000143367",-0.319764635162393
"ENSG00000165655",-0.319819173503322
"ENSG00000116127",-0.319863964938194
"ENSG00000115211",-0.320022863846481
"ENSG00000151422",-0.320278185524298
"ENSG00000274414",-0.320280917270761
"ENSG00000283761",-0.320282609327574
"ENSG00000130312",-0.320611964729156
"ENSG00000112249",-0.320707689679374
"ENSG00000276517",-0.320721607430159
"ENSG00000105996",-0.321472158206986
"ENSG00000115415",-0.321596323413674
"ENSG00000085721",-0.321611952413204
"ENSG00000289971",-0.321621348700591
"ENSG00000225345",-0.322111038868581
"ENSG00000049883",-0.322596274143663
"ENSG00000122884",-0.322629731686823
"ENSG00000085733",-0.323052620084481
"ENSG00000184857",-0.323093213226023
"ENSG00000169429",-0.323456283531675
"ENSG00000107651",-0.323534777128092
"ENSG00000258655",-0.323578480940277
"ENSG00000164209",-0.323614885928612
"ENSG00000279917",-0.324272102067393
"ENSG00000133703",-0.324373783723684
"ENSG00000239789",-0.324401160973486
"ENSG00000240184",-0.324493954082266
"ENSG00000265055",-0.324696655323763
"ENSG00000237813",-0.32472248062716
"ENSG00000185721",-0.324797114442957
"ENSG00000260231",-0.324957801732981
"ENSG00000134717",-0.324988501423964
"ENSG00000166246",-0.325118221202555
"ENSG00000001036",-0.325128552399841
"ENSG00000230341",-0.325144598280544
"ENSG00000141570",-0.325294951011348
"ENSG00000130821",-0.32539167064113
"ENSG00000267855",-0.325490869877884
"ENSG00000066136",-0.325702218738717
"ENSG00000223617",-0.325894954923024
"ENSG00000152465",-0.325951362664516
"ENSG00000237757",-0.325999009679833
"ENSG00000172530",-0.326237645152031
"ENSG00000101276",-0.326586031198331
"ENSG00000204179",-0.32661377569333
"ENSG00000233079",-0.326732677337553
"ENSG00000164342",-0.326757749358304
"ENSG00000285793",-0.32682476540946
"ENSG00000176386",-0.32685071094331
"ENSG00000296343",-0.327003416264449
"ENSG00000230389",-0.327090681068617
"ENSG00000178691",-0.327446014506739
"ENSG00000184838",-0.32748963351553
"ENSG00000131043",-0.327527432255079
"ENSG00000179965",-0.327529207389921
"ENSG00000162894",-0.327589208310185
"ENSG00000179091",-0.327593392605186
"ENSG00000182359",-0.327641102848995
"ENSG00000213886",-0.327785431549496
"ENSG00000205208",-0.327794774745861
"ENSG00000124357",-0.327920319471163
"ENSG00000236915",-0.328046749521488
"ENSG00000084072",-0.328067469511697
"ENSG00000108602",-0.328105809920647
"ENSG00000064042",-0.328396790824468
"ENSG00000140057",-0.328412442377138
"ENSG00000118058",-0.328501530643063
"ENSG00000249307",-0.328576026857784
"ENSG00000196367",-0.329297302592919
"ENSG00000276463",-0.329330386157026
"ENSG00000115661",-0.329495779708421
"ENSG00000112539",-0.329594773388768
"ENSG00000169372",-0.329641741097427
"ENSG00000169696",-0.329887334643183
"ENSG00000163689",-0.329922467918408
"ENSG00000268790",-0.329965791310038
"ENSG00000126581",-0.330165578825751
"ENSG00000238793",-0.330169557439402
"ENSG00000248538",-0.330253428452656
"ENSG00000188681",-0.330385210329992
"ENSG00000128989",-0.330438756521028
"ENSG00000291041",-0.330620320074225
"ENSG00000289511",-0.330671936372828
"ENSG00000289574",-0.330681518497388
"ENSG00000117461",-0.33093297094427
"ENSG00000042317",-0.330959414205145
"ENSG00000174405",-0.331112960693131
"ENSG00000260329",-0.331123947907403
"ENSG00000279088",-0.331254258123328
"ENSG00000177459",-0.33136581465065
"ENSG00000287117",-0.331741863614864
"ENSG00000102710",-0.331919223827987
"ENSG00000148735",-0.331990941505762
"ENSG00000302966",-0.332498098860446
"ENSG00000197114",-0.332579357758631
"ENSG00000236251",-0.332604394902297
"ENSG00000256060",-0.332607099440511
"ENSG00000128829",-0.332620024916388
"ENSG00000270959",-0.333306479130869
"ENSG00000306663",-0.333317271258896
"ENSG00000138413",-0.333466229170828
"ENSG00000101213",-0.33352973042324
"ENSG00000233435",-0.333728112990309
"ENSG00000284752",-0.333810180778578
"ENSG00000273796",-0.334018078928291
"ENSG00000108821",-0.334251258855241
"ENSG00000104763",-0.33428856996434
"ENSG00000130958",-0.334332900808811
"ENSG00000280994",-0.334678384477012
"ENSG00000162946",-0.334771362126525
"ENSG00000231528",-0.334827318470969
"ENSG00000229300",-0.335096256244307
"ENSG00000281060",-0.335370209270681
"ENSG00000189306",-0.33571693754882
"ENSG00000167912",-0.335724047955823
"ENSG00000177335",-0.335784943164311
"ENSG00000259153",-0.335785748123352
"ENSG00000255306",-0.335837591401299
"ENSG00000107798",-0.335864014198625
"ENSG00000198055",-0.335887417245571
"ENSG00000186416",-0.336123045396686
"ENSG00000138231",-0.336234392982207
"ENSG00000226562",-0.33637070768864
"ENSG00000122692",-0.336376457774039
"ENSG00000171813",-0.336380716168744
"ENSG00000242268",-0.336457552401286
"ENSG00000163349",-0.336735245959531
"ENSG00000304574",-0.337270156912017
"ENSG00000253738",-0.337274029892883
"ENSG00000288868",-0.337376064510369
"ENSG00000170854",-0.33754104631639
"ENSG00000180992",-0.337584364470235
"ENSG00000164332",-0.33772464832891
"ENSG00000271383",-0.33774411445842
"ENSG00000184897",-0.337929920242172
"ENSG00000104047",-0.337948099014135
"ENSG00000259305",-0.338114428199151
"ENSG00000254929",-0.338273990890688
"ENSG00000278545",-0.338274101439849
"ENSG00000105323",-0.338424770914868
"ENSG00000175832",-0.338544838748151
"ENSG00000110944",-0.338845041188636
"ENSG00000089157",-0.338911336914635
"ENSG00000274296",-0.338967772070782
"ENSG00000175727",-0.339075336072751
"ENSG00000113971",-0.339105324585573
"ENSG00000183049",-0.339145863200447
"ENSG00000169045",-0.339441932660023
"ENSG00000198586",-0.339566004339309
"ENSG00000197106",-0.339576059016005
"ENSG00000310240",-0.339598418814316
"ENSG00000214770",-0.339621676197981
"ENSG00000149269",-0.33965876454433
"ENSG00000197702",-0.339682464291004
"ENSG00000117899",-0.339726285123973
"ENSG00000172731",-0.339944582812401
"ENSG00000160862",-0.340018225835073
"ENSG00000049192",-0.340200366484399
"ENSG00000234420",-0.340278022521035
"ENSG00000023892",-0.340308344563095
"ENSG00000104936",-0.340405652479173
"ENSG00000206286",-0.340441201266585
"ENSG00000267080",-0.340537187747777
"ENSG00000125445",-0.341032385424971
"ENSG00000124256",-0.341179592484729
"ENSG00000105793",-0.341200284103325
"ENSG00000150456",-0.34130022080632
"ENSG00000275199",-0.341310948987834
"ENSG00000181666",-0.341584511370287
"ENSG00000106541",-0.341639252502836
"ENSG00000140939",-0.341678300196038
"ENSG00000223685",-0.341887844994658
"ENSG00000166902",-0.342063168496683
"ENSG00000119431",-0.342086319256944
"ENSG00000131375",-0.342157167781171
"ENSG00000204758",-0.342450619096669
"ENSG00000156671",-0.342674645641441
"ENSG00000149591",-0.342873930763811
"ENSG00000289353",-0.34288904062682
"ENSG00000184005",-0.343071301824509
"ENSG00000226453",-0.343303310628829
"ENSG00000163794",-0.343341562474243
"ENSG00000122483",-0.34354673761497
"ENSG00000148468",-0.343795946347665
"ENSG00000135314",-0.343914764246115
"ENSG00000228981",-0.344662442287131
"ENSG00000164506",-0.344692542942283
"ENSG00000163626",-0.344934801508435
"ENSG00000103528",-0.345044302476904
"ENSG00000163904",-0.345159027022009
"ENSG00000136932",-0.345177672338649
"ENSG00000091986",-0.345521014214744
"ENSG00000125966",-0.345533655706103
"ENSG00000136122",-0.345673033877649
"ENSG00000255837",-0.345788164245986
"ENSG00000166801",-0.346035439629671
"ENSG00000111596",-0.346240574808077
"ENSG00000247746",-0.346356624268609
"ENSG00000198890",-0.346370488431932
"ENSG00000104299",-0.346465880336615
"ENSG00000181097",-0.346632212564472
"ENSG00000267335",-0.346649481775946
"ENSG00000224420",-0.346742086666625
"ENSG00000290501",-0.346761303143798
"ENSG00000282269",-0.346787851822795
"ENSG00000278191",-0.346907394484599
"ENSG00000277258",-0.347012873059278
"ENSG00000023734",-0.347031078324801
"ENSG00000130332",-0.347068314105649
"ENSG00000272599",-0.347099240656503
"ENSG00000249637",-0.347349529745024
"ENSG00000170004",-0.347461912081128
"ENSG00000057149",-0.347472877023185
"ENSG00000142102",-0.347495868853286
"ENSG00000168412",-0.347517427596048
"ENSG00000144118",-0.347750425105202
"ENSG00000228299",-0.347795555367218
"ENSG00000171443",-0.347841909582165
"ENSG00000289546",-0.347900782786738
"ENSG00000275837",-0.347935897446017
"ENSG00000170423",-0.348050313021559
"ENSG00000131480",-0.348135082975151
"ENSG00000021574",-0.348163287804551
"ENSG00000196104",-0.348292102701311
"ENSG00000170469",-0.348571808746167
"ENSG00000185989",-0.348712087786279
"ENSG00000305495",-0.348915433934047
"ENSG00000262327",-0.349417468241578
"ENSG00000079482",-0.349553734630632
"ENSG00000105829",-0.34960871738267
"ENSG00000149761",-0.349808197141342
"ENSG00000177830",-0.349872306370721
"ENSG00000143771",-0.349933396220387
"ENSG00000135801",-0.349943656070134
"ENSG00000023608",-0.350201837588906
"ENSG00000163209",-0.350267893438416
"ENSG00000136950",-0.350281583495734
"ENSG00000187790",-0.350295976986454
"ENSG00000150093",-0.350340276865539
"ENSG00000131094",-0.350448665662596
"ENSG00000291177",-0.350507095402981
"ENSG00000112514",-0.350637703696184
"ENSG00000258057",-0.350703566211377
"ENSG00000095002",-0.350728845801268
"ENSG00000196935",-0.350807551847416
"ENSG00000181634",-0.350851639773761
"ENSG00000280341",-0.350994857169803
"ENSG00000169067",-0.351032424873568
"ENSG00000144935",-0.351104630087656
"ENSG00000075618",-0.35118561504828
"ENSG00000291122",-0.351313576234821
"ENSG00000111850",-0.351382901133192
"ENSG00000285109",-0.351413948455798
"ENSG00000100053",-0.351567881544615
"ENSG00000309660",-0.35157867610557
"ENSG00000286753",-0.351615662567787
"ENSG00000257511",-0.351685906022852
"ENSG00000158560",-0.351787385363342
"ENSG00000214309",-0.35181287845377
"ENSG00000081803",-0.351837031100113
"ENSG00000101825",-0.351846132285311
"ENSG00000116857",-0.352154266462403
"ENSG00000292227",-0.352252279559005
"ENSG00000273594",-0.352476384617406
"ENSG00000177692",-0.352576645681587
"ENSG00000293110",-0.352674916062165
"ENSG00000264113",-0.353056676197707
"ENSG00000151164",-0.353178802546176
"ENSG00000245322",-0.35331063647444
"ENSG00000181472",-0.353328692512817
"ENSG00000115290",-0.353389487787258
"ENSG00000258947",-0.353410531010769
"ENSG00000196787",-0.353525344718638
"ENSG00000172201",-0.353616160371267
"ENSG00000160633",-0.353782497819163
"ENSG00000138190",-0.353811322566528
"ENSG00000104450",-0.353821486008401
"ENSG00000105810",-0.353853716979769
"ENSG00000109854",-0.353988179140471
"ENSG00000128563",-0.354060735446812
"ENSG00000249264",-0.354186154785007
"ENSG00000186318",-0.35419455111494
"ENSG00000024862",-0.354263482856553
"ENSG00000164117",-0.354270163645313
"ENSG00000227147",-0.354436896319405
"ENSG00000125656",-0.354477191995175
"ENSG00000108106",-0.354496044359334
"ENSG00000114423",-0.355090433375916
"ENSG00000231113",-0.355098191782719
"ENSG00000171720",-0.355117720586211
"ENSG00000160948",-0.355213770282533
"ENSG00000150776",-0.355263318860455
"ENSG00000118690",-0.355327239092388
"ENSG00000091317",-0.355561185616619
"ENSG00000109911",-0.355750236778105
"ENSG00000286219",-0.355773620249121
"ENSG00000182253",-0.355870799424856
"ENSG00000106400",-0.355965383880298
"ENSG00000305363",-0.356133910601428
"ENSG00000175567",-0.356285978740389
"ENSG00000291316",-0.356385969443967
"ENSG00000167306",-0.35649935603402
"ENSG00000145730",-0.356606869307229
"ENSG00000111224",-0.356691511434571
"ENSG00000145022",-0.356707024670776
"ENSG00000014164",-0.35685296950048
"ENSG00000290600",-0.356993454587446
"ENSG00000081377",-0.35702350688304
"ENSG00000242110",-0.357127764140709
"ENSG00000056291",-0.357151121072192
"ENSG00000130921",-0.35722467414759
"ENSG00000164172",-0.357431503847822
"ENSG00000106299",-0.3575859153275
"ENSG00000089280",-0.357808473415725
"ENSG00000139514",-0.357854985565824
"ENSG00000164056",-0.357915245831857
"ENSG00000286373",-0.358017299115941
"ENSG00000242574",-0.358038423218037
"ENSG00000283085",-0.358043958909818
"ENSG00000179299",-0.358071479581395
"ENSG00000165887",-0.35811750642305
"ENSG00000124098",-0.358157140258051
"ENSG00000197971",-0.358246091257167
"ENSG00000163348",-0.358628110381039
"ENSG00000226733",-0.358892410074265
"ENSG00000103876",-0.358906578942966
"ENSG00000134463",-0.359004939432756
"ENSG00000255248",-0.359011625640282
"ENSG00000132749",-0.359157745715368
"ENSG00000266947",-0.359252593594006
"ENSG00000258077",-0.359330741247474
"ENSG00000143393",-0.359331057615524
"ENSG00000156983",-0.359384514761938
"ENSG00000244687",-0.359533360805091
"ENSG00000176476",-0.359722373307622
"ENSG00000301249",-0.359893706047906
"ENSG00000287222",-0.359938612402177
"ENSG00000257718",-0.359986488079893
"ENSG00000258537",-0.360139740897671
"ENSG00000291186",-0.360350046485895
"ENSG00000124279",-0.360706939067932
"ENSG00000128463",-0.3607281548765
"ENSG00000278540",-0.360902877656651
"ENSG00000073969",-0.361066882900432
"ENSG00000176919",-0.361069874555368
"ENSG00000262814",-0.361167892351382
"ENSG00000289551",-0.361242103585471
"ENSG00000117408",-0.361279916154534
"ENSG00000278949",-0.361378425202549
"ENSG00000168522",-0.361577008923055
"ENSG00000168701",-0.361614432803036
"ENSG00000112759",-0.361617597986906
"ENSG00000085511",-0.361832930293485
"ENSG00000196299",-0.361860399556023
"ENSG00000213551",-0.361898453548615
"ENSG00000232450",-0.361920504095896
"ENSG00000278903",-0.362035065978009
"ENSG00000261286",-0.362069405869002
"ENSG00000089723",-0.362097138035846
"ENSG00000149054",-0.362208147129104
"ENSG00000293902",-0.362258965419239
"ENSG00000241322",-0.362355639621156
"ENSG00000270231",-0.36240623845
"ENSG00000272666",-0.362454331257737
"ENSG00000132196",-0.36253253702223
"ENSG00000236098",-0.362608672645342
"ENSG00000164944",-0.362727325112594
"ENSG00000309428",-0.362776439787715
"ENSG00000163029",-0.362794077568284
"ENSG00000289562",-0.362826606945635
"ENSG00000154529",-0.363034090144833
"ENSG00000213235",-0.363212652728853
"ENSG00000259488",-0.363452910895526
"ENSG00000068001",-0.363662474025017
"ENSG00000134352",-0.363677699090582
"ENSG00000111554",-0.363789143240252
"ENSG00000249673",-0.363903183984773
"ENSG00000287833",-0.363940723507276
"ENSG00000104714",-0.364083994665594
"ENSG00000104140",-0.364325967028283
"ENSG00000135469",-0.364474951615988
"ENSG00000140265",-0.364507326809867
"ENSG00000273559",-0.364549894432804
"ENSG00000293399",-0.364690274967488
"ENSG00000163322",-0.364828034135601
"ENSG00000175792",-0.364862113436834
"ENSG00000072201",-0.364930145333816
"ENSG00000270761",-0.36500423237748
"ENSG00000136167",-0.36505228291503
"ENSG00000187266",-0.365055804296195
"ENSG00000171488",-0.365082902226694
"ENSG00000153237",-0.36510980204222
"ENSG00000110318",-0.365375244106224
"ENSG00000114902",-0.365482072337036
"ENSG00000310475",-0.365512634977631
"ENSG00000133983",-0.365513870678776
"ENSG00000229061",-0.365618158197188
"ENSG00000183508",-0.366074071624544
"ENSG00000299860",-0.366160382247395
"ENSG00000074935",-0.366276864817236
"ENSG00000161179",-0.366316047236361
"ENSG00000127947",-0.366383516905942
"ENSG00000131373",-0.366519751320292
"ENSG00000089335",-0.366664754360273
"ENSG00000274041",-0.366916262731339
"ENSG00000104979",-0.366945615847768
"ENSG00000256433",-0.367003539571564
"ENSG00000171004",-0.367146333737559
"ENSG00000129255",-0.367170388053137
"ENSG00000297419",-0.367261045199146
"ENSG00000135925",-0.367392043423158
"ENSG00000237973",-0.367479614155196
"ENSG00000054793",-0.367714910710206
"ENSG00000182093",-0.36805089349775
"ENSG00000131746",-0.36834239791665
"ENSG00000257475",-0.368396646402596
"ENSG00000112033",-0.368590415581887
"ENSG00000196458",-0.369042141121446
"ENSG00000272721",-0.369163767987869
"ENSG00000197312",-0.369197157444446
"ENSG00000152359",-0.369235617187788
"ENSG00000289311",-0.369390338399852
"ENSG00000094880",-0.369428225345217
"ENSG00000114942",-0.369501754243569
"ENSG00000078808",-0.369550056638633
"ENSG00000259953",-0.369616608749775
"ENSG00000174482",-0.369620075979136
"ENSG00000135446",-0.369952431159717
"ENSG00000172785",-0.369979313440746
"ENSG00000133710",-0.369982297546809
"ENSG00000213923",-0.370018603843537
"ENSG00000184454",-0.370091752603957
"ENSG00000117400",-0.370199211426801
"ENSG00000121289",-0.370266472222135
"ENSG00000298309",-0.370549585555156
"ENSG00000130021",-0.370576892846349
"ENSG00000160469",-0.370671558736261
"ENSG00000163554",-0.3707233671416
"ENSG00000075975",-0.370729650205463
"ENSG00000031823",-0.370855041838212
"ENSG00000226964",-0.371080906342951
"ENSG00000087191",-0.371183616538749
"ENSG00000171174",-0.371408723693113
"ENSG00000286129",-0.37140957497194
"ENSG00000176171",-0.371472339362452
"ENSG00000118004",-0.371620603664931
"ENSG00000150637",-0.371892330432942
"ENSG00000188917",-0.372138674841694
"ENSG00000142530",-0.372155418253082
"ENSG00000117533",-0.372346396997639
"ENSG00000167220",-0.37259446564589
"ENSG00000198846",-0.372653551952336
"ENSG00000107758",-0.372681069565292
"ENSG00000204351",-0.372799154711648
"ENSG00000083845",-0.372800575371122
"ENSG00000075429",-0.372800967743224
"ENSG00000293352",-0.373108705712717
"ENSG00000140988",-0.373278537928656
"ENSG00000004799",-0.373388534644882
"ENSG00000218537",-0.373507618758367
"ENSG00000258676",-0.373599510065314
"ENSG00000182220",-0.373738798368105
"ENSG00000290931",-0.373999716362865
"ENSG00000299502",-0.374046872572392
"ENSG00000135040",-0.374089592907895
"ENSG00000301749",-0.37427114792028
"ENSG00000124299",-0.374424809638858
"ENSG00000286021",-0.374453598680834
"ENSG00000284543",-0.374780246873152
"ENSG00000165410",-0.374807187344597
"ENSG00000198814",-0.374844540235374
"ENSG00000261183",-0.374868781779042
"ENSG00000138107",-0.37494910934286
"ENSG00000263155",-0.374967322286322
"ENSG00000123136",-0.374971380923902
"ENSG00000258289",-0.37499814972141
"ENSG00000204604",-0.375179928377576
"ENSG00000257443",-0.375375682223154
"ENSG00000236271",-0.375530671679842
"ENSG00000249378",-0.375620126093567
"ENSG00000160767",-0.375690759264278
"ENSG00000289847",-0.375787379840724
"ENSG00000133119",-0.375937795259401
"ENSG00000290548",-0.375947747081371
"ENSG00000233016",-0.376141107387449
"ENSG00000162430",-0.376229650316147
"ENSG00000112149",-0.376300332317002
"ENSG00000109572",-0.376325845930327
"ENSG00000186300",-0.376492656099141
"ENSG00000160714",-0.376898946494249
"ENSG00000197951",-0.376974823922983
"ENSG00000163607",-0.377007086022953
"ENSG00000273248",-0.377369376610344
"ENSG00000111652",-0.377371785856212
"ENSG00000264954",-0.377440188929237
"ENSG00000139793",-0.377473698317141
"ENSG00000188693",-0.377539497944531
"ENSG00000290560",-0.377591555204126
"ENSG00000253394",-0.377638595501218
"ENSG00000070413",-0.377853726493731
"ENSG00000227963",-0.377986460663347
"ENSG00000287126",-0.378482303026398
"ENSG00000164163",-0.37870090681771
"ENSG00000237529",-0.378701465933602
"ENSG00000166479",-0.378704560035664
"ENSG00000256092",-0.378896682599019
"ENSG00000100867",-0.378920480173853
"ENSG00000292408",-0.378950167120851
"ENSG00000099917",-0.379015382162244
"ENSG00000248049",-0.379213356371934
"ENSG00000185803",-0.379460461595565
"ENSG00000273494",-0.379483413598834
"ENSG00000184281",-0.379518863805635
"ENSG00000287016",-0.37985537250262
"ENSG00000261613",-0.380019413186561
"ENSG00000182141",-0.380121218891805
"ENSG00000173698",-0.380381389848452
"ENSG00000110002",-0.380506664143008
"ENSG00000253846",-0.381034032140058
"ENSG00000144847",-0.381038734917558
"ENSG00000146950",-0.381054125178491
"ENSG00000132664",-0.381149794937898
"ENSG00000267698",-0.38116736872342
"ENSG00000182175",-0.381190121175701
"ENSG00000142949",-0.381276973187099
"ENSG00000291570",-0.381330292697522
"ENSG00000143224",-0.38154940053132
"ENSG00000269973",-0.381573360484178
"ENSG00000176014",-0.381646326334816
"ENSG00000170381",-0.381887353328382
"ENSG00000185885",-0.381945943408187
"ENSG00000271576",-0.382027289526288
"ENSG00000289850",-0.382049953165781
"ENSG00000182944",-0.382129343542687
"ENSG00000183077",-0.382465324742756
"ENSG00000142405",-0.383160114774317
"ENSG00000065675",-0.383604200506816
"ENSG00000101003",-0.383631830570906
"ENSG00000121067",-0.384216466797487
"ENSG00000011007",-0.384226731573917
"ENSG00000161888",-0.38446320436327
"ENSG00000214078",-0.38456165097428
"ENSG00000259494",-0.384851028572084
"ENSG00000173171",-0.384918435009582
"ENSG00000278032",-0.385005276039597
"ENSG00000245694",-0.385090475542413
"ENSG00000071575",-0.38534141577057
"ENSG00000205707",-0.385499415481075
"ENSG00000119392",-0.385621956649523
"ENSG00000278202",-0.385838426058349
"ENSG00000250995",-0.385925373867654
"ENSG00000067365",-0.385952983227385
"ENSG00000153827",-0.385964086390099
"ENSG00000134363",-0.386109909242334
"ENSG00000055211",-0.386136526926031
"ENSG00000293441",-0.386272674641332
"ENSG00000068903",-0.386460528307905
"ENSG00000055950",-0.386495003069065
"ENSG00000163877",-0.386558322160754
"ENSG00000237753",-0.386727183196538
"ENSG00000136098",-0.386767367168079
"ENSG00000102078",-0.387301346256797
"ENSG00000134504",-0.387611912711943
"ENSG00000165288",-0.387723479356578
"ENSG00000198331",-0.388025918261459
"ENSG00000243926",-0.388193248238094
"ENSG00000196247",-0.388244660612797
"ENSG00000232729",-0.388372866815075
"ENSG00000206240",-0.388957848446402
"ENSG00000071051",-0.388998916020708
"ENSG00000273987",-0.389022296874008
"ENSG00000149970",-0.389054802192643
"ENSG00000300428",-0.389128881495216
"ENSG00000125107",-0.38927356794579
"ENSG00000269940",-0.389324374116061
"ENSG00000132153",-0.389333103224707
"ENSG00000147231",-0.389648306071546
"ENSG00000297660",-0.389725932593414
"ENSG00000229267",-0.389794215216973
"ENSG00000221949",-0.39000951621854
"ENSG00000174840",-0.39001405649757
"ENSG00000240849",-0.390054450918015
"ENSG00000173065",-0.390369150775634
"ENSG00000168005",-0.390500239489064
"ENSG00000172296",-0.390518515754348
"ENSG00000124688",-0.390745428308864
"ENSG00000134900",-0.390959068615989
"ENSG00000298367",-0.391050542954422
"ENSG00000101955",-0.391152891467659
"ENSG00000179630",-0.391417875815949
"ENSG00000124523",-0.391425654051689
"ENSG00000249806",-0.391562657480702
"ENSG00000140280",-0.391777119514603
"ENSG00000145901",-0.392113940635711
"ENSG00000205903",-0.392124812549573
"ENSG00000079616",-0.392146284277063
"ENSG00000106459",-0.39229140945834
"ENSG00000137959",-0.392392091235044
"ENSG00000144231",-0.392451042293337
"ENSG00000156958",-0.392737060849432
"ENSG00000260027",-0.392741259884219
"ENSG00000196810",-0.392798968442622
"ENSG00000218014",-0.392839007903093
"ENSG00000151657",-0.392907436230865
"ENSG00000250312",-0.393095030940251
"ENSG00000287721",-0.393181597660287
"ENSG00000133739",-0.393227928228564
"ENSG00000116096",-0.39330254597756
"ENSG00000261840",-0.393697243059955
"ENSG00000131196",-0.393724501523397
"ENSG00000081148",-0.393844309671388
"ENSG00000290812",-0.394018351463646
"ENSG00000084073",-0.394107113730176
"ENSG00000136710",-0.394191219802991
"ENSG00000171346",-0.394637642177204
"ENSG00000196072",-0.394663629810899
"ENSG00000108242",-0.394763754845304
"ENSG00000132740",-0.394964824187778
"ENSG00000157823",-0.394970453916563
"ENSG00000293420",-0.394990631652856
"ENSG00000289318",-0.395263066330313
"ENSG00000153187",-0.395314944789515
"ENSG00000287780",-0.395445550192563
"ENSG00000133169",-0.395581507139659
"ENSG00000129636",-0.395992968615473
"ENSG00000010270",-0.396066399015471
"ENSG00000198205",-0.39607073987751
"ENSG00000160284",-0.396111297837273
"ENSG00000137338",-0.396293731532429
"ENSG00000128242",-0.396515964527981
"ENSG00000005073",-0.397022323080824
"ENSG00000175643",-0.397031064989274
"ENSG00000184465",-0.397070395148756
"ENSG00000138495",-0.397154650039765
"ENSG00000119514",-0.397210897043561
"ENSG00000307378",-0.397274118450496
"ENSG00000147121",-0.397464009100549
"ENSG00000167779",-0.397530674042104
"ENSG00000290107",-0.397619223144799
"ENSG00000274336",-0.397723984514268
"ENSG00000258765",-0.397746425766553
"ENSG00000115091",-0.397755904962801
"ENSG00000140545",-0.397936646458919
"ENSG00000151247",-0.39795257516524
"ENSG00000162923",-0.398095243169549
"ENSG00000178966",-0.398102423258073
"ENSG00000167005",-0.398118109513987
"ENSG00000151466",-0.398143862161185
"ENSG00000167378",-0.398152853512601
"ENSG00000305970",-0.398187599416466
"ENSG00000159840",-0.398816812477034
"ENSG00000147383",-0.39892237303388
"ENSG00000090238",-0.399034720317005
"ENSG00000167106",-0.399144474200804
"ENSG00000153391",-0.39953019599367
"ENSG00000143502",-0.399583848035725
"ENSG00000230513",-0.399586291418961
"ENSG00000163376",-0.39959446211215
"ENSG00000137547",-0.399628585611036
"ENSG00000140263",-0.399786335146263
"ENSG00000214706",-0.399909188376236
"ENSG00000223940",-0.39993802913357
"ENSG00000303501",-0.400026214283098
"ENSG00000227105",-0.400031935779922
"ENSG00000269397",-0.400503877786372
"ENSG00000100603",-0.400759037464678
"ENSG00000138279",-0.400886531859211
"ENSG00000204574",-0.40103879608326
"ENSG00000166226",-0.401222529732146
"ENSG00000118298",-0.401253277695719
"ENSG00000233239",-0.401259458447233
"ENSG00000135333",-0.401658986500344
"ENSG00000145012",-0.401929041775004
"ENSG00000128011",-0.40200939823054
"ENSG00000271564",-0.402857064523797
"ENSG00000267156",-0.40299138140651
"ENSG00000070785",-0.403229542900198
"ENSG00000237917",-0.403461469397424
"ENSG00000144591",-0.403584139361146
"ENSG00000095383",-0.403762458485355
"ENSG00000213420",-0.403801460107988
"ENSG00000144040",-0.404091247139384
"ENSG00000111679",-0.404132017782849
"ENSG00000137720",-0.404168305288552
"ENSG00000143570",-0.404175935115409
"ENSG00000198680",-0.404212437060476
"ENSG00000124126",-0.404361884237753
"ENSG00000232445",-0.404560535350429
"ENSG00000126803",-0.404752605695986
"ENSG00000048028",-0.404789776198148
"ENSG00000126453",-0.40484022961957
"ENSG00000013503",-0.405073556177991
"ENSG00000154511",-0.405081134454352
"ENSG00000153904",-0.405111139038059
"ENSG00000171202",-0.405512921557136
"ENSG00000273492",-0.405550472048418
"ENSG00000136603",-0.405609387759585
"ENSG00000206408",-0.405806462763624
"ENSG00000272677",-0.405820097965191
"ENSG00000179010",-0.405824285682557
"ENSG00000184470",-0.405997242526968
"ENSG00000053747",-0.405999984690905
"ENSG00000225361",-0.406024457967113
"ENSG00000108010",-0.406046728574905
"ENSG00000237036",-0.406055110258554
"ENSG00000068366",-0.40625535680914
"ENSG00000260372",-0.406519548326857
"ENSG00000294907",-0.406583205140944
"ENSG00000105855",-0.406722027271945
"ENSG00000287390",-0.406930749637565
"ENSG00000165113",-0.407019780861819
"ENSG00000160075",-0.407194737175407
"ENSG00000185519",-0.407322461088715
"ENSG00000280663",-0.40763507192662
"ENSG00000112679",-0.407659038080674
"ENSG00000067248",-0.407669947421911
"ENSG00000205413",-0.407699703451978
"ENSG00000127191",-0.407713798404134
"ENSG00000237190",-0.408027536871392
"ENSG00000113269",-0.408525741547262
"ENSG00000126804",-0.408701337835193
"ENSG00000064309",-0.408730545822434
"ENSG00000258056",-0.40875826396504
"ENSG00000150967",-0.408821120006026
"ENSG00000197385",-0.409149749454982
"ENSG00000143442",-0.409198708391629
"ENSG00000101811",-0.409233871232558
"ENSG00000304720",-0.409437460190462
"ENSG00000259663",-0.409440324145956
"ENSG00000228624",-0.40955481556905
"ENSG00000157111",-0.40960439676791
"ENSG00000148814",-0.409855089167247
"ENSG00000167207",-0.410016034295596
"ENSG00000183495",-0.410182411610281
"ENSG00000149541",-0.410227567243448
"ENSG00000123810",-0.410632980017759
"ENSG00000078804",-0.410697751794997
"ENSG00000250337",-0.410873542073466
"ENSG00000188419",-0.410904986163954
"ENSG00000213297",-0.411163437986771
"ENSG00000170584",-0.411264747614968
"ENSG00000113318",-0.411393901130705
"ENSG00000168090",-0.411547798498692
"ENSG00000310576",-0.411768584349453
"ENSG00000263120",-0.411904238926801
"ENSG00000080561",-0.411943362474759
"ENSG00000205744",-0.412001382239271
"ENSG00000246379",-0.412421048354403
"ENSG00000170681",-0.412464955762523
"ENSG00000139117",-0.412795819797747
"ENSG00000165819",-0.412807348141034
"ENSG00000114735",-0.412942953139124
"ENSG00000143970",-0.412995584381543
"ENSG00000065613",-0.413024250545837
"ENSG00000185220",-0.413051784003918
"ENSG00000198522",-0.413198653146206
"ENSG00000084676",-0.41333635923515
"ENSG00000103642",-0.413338830986514
"ENSG00000230308",-0.413495906809149
"ENSG00000279721",-0.413518078554166
"ENSG00000153066",-0.41354403665289
"ENSG00000154309",-0.41369900674837
"ENSG00000174307",-0.413721133753816
"ENSG00000103550",-0.413972623947722
"ENSG00000067066",-0.414359722150688
"ENSG00000160803",-0.414394841508955
"ENSG00000286739",-0.414427082861405
"ENSG00000116670",-0.414453656416792
"ENSG00000140043",-0.414568381939191
"ENSG00000136881",-0.41491839399427
"ENSG00000301880",-0.414961709624159
"ENSG00000287679",-0.414996179583744
"ENSG00000241685",-0.414996781112354
"ENSG00000126870",-0.41504136455649
"ENSG00000182287",-0.415062596706086
"ENSG00000163795",-0.415104684289565
"ENSG00000137216",-0.415115708433365
"ENSG00000178695",-0.415271881026875
"ENSG00000189077",-0.41533908129293
"ENSG00000267064",-0.41534209108605
"ENSG00000061273",-0.41574898247277
"ENSG00000091073",-0.415772588009578
"ENSG00000106723",-0.415866754154801
"ENSG00000115392",-0.415879091777524
"ENSG00000281501",-0.416044131954044
"ENSG00000086061",-0.416105364259663
"ENSG00000288568",-0.416241020063486
"ENSG00000237523",-0.416516829110158
"ENSG00000079308",-0.416566658990866
"ENSG00000176809",-0.416585432307812
"ENSG00000128656",-0.416713422305225
"ENSG00000253824",-0.417783678839827
"ENSG00000174705",-0.417887445315895
"ENSG00000142556",-0.418001865792996
"ENSG00000231187",-0.418141582421084
"ENSG00000165501",-0.418378767007268
"ENSG00000112308",-0.418554895570665
"ENSG00000104093",-0.418637097620355
"ENSG00000151881",-0.419042956944492
"ENSG00000181885",-0.419054443605546
"ENSG00000241370",-0.419113586697476
"ENSG00000131508",-0.419181257621336
"ENSG00000116199",-0.419182197764351
"ENSG00000287170",-0.419584006981636
"ENSG00000302027",-0.419702862205976
"ENSG00000119986",-0.419736887773106
"ENSG00000163428",-0.419839277831012
"ENSG00000087157",-0.419940395671294
"ENSG00000186834",-0.419964649157695
"ENSG00000141543",-0.420066417990665
"ENSG00000106330",-0.420114473033896
"ENSG00000276900",-0.420480548774705
"ENSG00000178568",-0.420522414123834
"ENSG00000306320",-0.421271137489971
"ENSG00000168214",-0.421451613970929
"ENSG00000126005",-0.421809368932261
"ENSG00000110906",-0.421837594198244
"ENSG00000133142",-0.421858441280305
"ENSG00000091039",-0.42197425081203
"ENSG00000127993",-0.421998177634022
"ENSG00000253210",-0.422054453496788
"ENSG00000273174",-0.422186500468613
"ENSG00000254454",-0.42238375064643
"ENSG00000127663",-0.422531406476375
"ENSG00000146414",-0.422572466713381
"ENSG00000274259",-0.422579728972982
"ENSG00000133111",-0.422790565846364
"ENSG00000297158",-0.422975522747039
"ENSG00000147535",-0.422980303049281
"ENSG00000165724",-0.42299671802385
"ENSG00000005249",-0.423061724124822
"ENSG00000135697",-0.423066578281511
"ENSG00000259330",-0.423196258812986
"ENSG00000280213",-0.423520639045823
"ENSG00000119718",-0.423586634422358
"ENSG00000269001",-0.423645531450047
"ENSG00000184156",-0.423880862659549
"ENSG00000260077",-0.423959743535001
"ENSG00000230463",-0.424144234783971
"ENSG00000129295",-0.424330145970007
"ENSG00000288012",-0.4244530261485
"ENSG00000204954",-0.424598020890164
"ENSG00000293707",-0.424625556555297
"ENSG00000135336",-0.424670396140155
"ENSG00000100292",-0.424692916005701
"ENSG00000109270",-0.424729058561294
"ENSG00000230907",-0.424743759950384
"ENSG00000280303",-0.424926218711202
"ENSG00000185252",-0.425809862103405
"ENSG00000118894",-0.426022426112318
"ENSG00000013583",-0.426030435430083
"ENSG00000258790",-0.426296662227443
"ENSG00000206560",-0.426340403880078
"ENSG00000197977",-0.426393348533517
"ENSG00000114988",-0.426441866477427
"ENSG00000275512",-0.427030445789208
"ENSG00000122376",-0.42704583015796
"ENSG00000127914",-0.427178621191363
"ENSG00000239572",-0.427317005337807
"ENSG00000140961",-0.427340189274365
"ENSG00000007255",-0.427407365097222
"ENSG00000283373",-0.427508617307947
"ENSG00000286237",-0.427580315105217
"ENSG00000287226",-0.427743869925816
"ENSG00000260244",-0.427778640633636
"ENSG00000163406",-0.427800413601567
"ENSG00000125170",-0.428153409825224
"ENSG00000246263",-0.428202333966152
"ENSG00000172845",-0.428258248080204
"ENSG00000162949",-0.42859124684641
"ENSG00000197582",-0.42872026905426
"ENSG00000273759",-0.428727910190939
"ENSG00000236515",-0.428733802093469
"ENSG00000198618",-0.428809707141204
"ENSG00000142684",-0.428955073796057
"ENSG00000116350",-0.428972059478619
"ENSG00000107443",-0.429290959692568
"ENSG00000284194",-0.429413686603717
"ENSG00000113580",-0.429505455831193
"ENSG00000277449",-0.429612175724665
"ENSG00000238062",-0.429738875214848
"ENSG00000248554",-0.430158058247703
"ENSG00000056050",-0.430285048428813
"ENSG00000117174",-0.430467739143042
"ENSG00000228526",-0.430470175197207
"ENSG00000235233",-0.430499483545199
"ENSG00000285557",-0.430756451045331
"ENSG00000089177",-0.431075381706998
"ENSG00000183207",-0.431135866700389
"ENSG00000249863",-0.431243686642075
"ENSG00000230124",-0.431300093532488
"ENSG00000293268",-0.431523065643855
"ENSG00000095539",-0.431550148667033
"ENSG00000253686",-0.431555794704446
"ENSG00000232079",-0.431588900979979
"ENSG00000132744",-0.431764169596432
"ENSG00000270002",-0.432303124469588
"ENSG00000162073",-0.432565461582423
"ENSG00000075089",-0.432720336506669
"ENSG00000124380",-0.432863320741455
"ENSG00000130856",-0.432960552933761
"ENSG00000223865",-0.432961344279752
"ENSG00000105173",-0.433033460979452
"ENSG00000206075",-0.433034822791153
"ENSG00000260420",-0.433066441138449
"ENSG00000158859",-0.433279800033942
"ENSG00000135750",-0.433377556331768
"ENSG00000295707",-0.434082037219064
"ENSG00000130518",-0.434099530667965
"ENSG00000225226",-0.434152951438961
"ENSG00000113504",-0.434772925248781
"ENSG00000102854",-0.435227732946701
"ENSG00000148143",-0.435242393229216
"ENSG00000047579",-0.435263517875754
"ENSG00000307365",-0.435365457411056
"ENSG00000223463",-0.435377412832381
"ENSG00000281468",-0.435400785292073
"ENSG00000251003",-0.435428838290779
"ENSG00000291104",-0.435440030362207
"ENSG00000014216",-0.435566560291624
"ENSG00000240211",-0.43561694178912
"ENSG00000280649",-0.435639349839461
"ENSG00000154274",-0.435656654799843
"ENSG00000172081",-0.435659536967115
"ENSG00000101187",-0.435876503610349
"ENSG00000131467",-0.435907820577207
"ENSG00000166261",-0.435930033823615
"ENSG00000174886",-0.436078254224843
"ENSG00000136274",-0.436141157754393
"ENSG00000138744",-0.436218943509586
"ENSG00000177173",-0.436261226068666
"ENSG00000006125",-0.436390553363738
"ENSG00000287158",-0.436463808317164
"ENSG00000265690",-0.436501193141246
"ENSG00000284487",-0.436511431078547
"ENSG00000293331",-0.436568150956762
"ENSG00000152454",-0.436638013658094
"ENSG00000223723",-0.436992418314198
"ENSG00000144579",-0.437213003867805
"ENSG00000166974",-0.437468755796529
"ENSG00000136999",-0.437571012664751
"ENSG00000144161",-0.437820216441813
"ENSG00000277656",-0.437834284906433
"ENSG00000308373",-0.437860419364807
"ENSG00000108666",-0.437938429879459
"ENSG00000141084",-0.438132360311454
"ENSG00000249267",-0.438251230896393
"ENSG00000152242",-0.438488427571893
"ENSG00000205639",-0.438719704735746
"ENSG00000239445",-0.438904352019386
"ENSG00000188505",-0.439048374111118
"ENSG00000165168",-0.439165176341757
"ENSG00000224738",-0.439209419244056
"ENSG00000164176",-0.439336272803764
"ENSG00000105204",-0.439375022613438
"ENSG00000302189",-0.43938021389227
"ENSG00000169857",-0.439446150010259
"ENSG00000205482",-0.439545624758029
"ENSG00000203326",-0.439602169587859
"ENSG00000232850",-0.439612236373284
"ENSG00000165359",-0.439688295259769
"ENSG00000167977",-0.439815988761228
"ENSG00000100815",-0.439853914277736
"ENSG00000110046",-0.43994600530933
"ENSG00000044115",-0.440500176485696
"ENSG00000003249",-0.44056070681566
"ENSG00000279689",-0.440636587006458
"ENSG00000274026",-0.440668548052228
"ENSG00000162735",-0.440675566181489
"ENSG00000266472",-0.440764264690771
"ENSG00000162976",-0.440765541696018
"ENSG00000155561",-0.440840377000643
"ENSG00000261994",-0.440864287121017
"ENSG00000137944",-0.440937576217746
"ENSG00000289272",-0.440950434207474
"ENSG00000213123",-0.44095745427817
"ENSG00000263327",-0.441262225911218
"ENSG00000185624",-0.441281619477074
"ENSG00000284872",-0.441320433192413
"ENSG00000234329",-0.441354229339441
"ENSG00000290578",-0.441419923218376
"ENSG00000215251",-0.441460049884679
"ENSG00000079950",-0.441579992576005
"ENSG00000165714",-0.441764497078362
"ENSG00000148943",-0.441896550294076
"ENSG00000122335",-0.442063264747501
"ENSG00000186832",-0.442755274899581
"ENSG00000245213",-0.442762680901621
"ENSG00000130513",-0.442911288356741
"ENSG00000294080",-0.442928961573104
"ENSG00000185262",-0.443401833212165
"ENSG00000278787",-0.443849252348213
"ENSG00000214087",-0.444365862822181
"ENSG00000173267",-0.444420259068803
"ENSG00000197291",-0.444512752172109
"ENSG00000214456",-0.444563482421914
"ENSG00000260920",-0.44461870447773
"ENSG00000163293",-0.444714165227886
"ENSG00000146085",-0.444966955888933
"ENSG00000281183",-0.44506587693525
"ENSG00000166321",-0.445179378741341
"ENSG00000146955",-0.445317110741133
"ENSG00000279555",-0.445528705431617
"ENSG00000185437",-0.445580864362022
"ENSG00000132517",-0.445657197814468
"ENSG00000309052",-0.445734266836581
"ENSG00000132388",-0.445977651801026
"ENSG00000154642",-0.446023528738895
"ENSG00000234196",-0.446064887889242
"ENSG00000139289",-0.446096114793594
"ENSG00000186564",-0.446172398451106
"ENSG00000240747",-0.446395015494395
"ENSG00000179152",-0.446486219144784
"ENSG00000303936",-0.446491467558312
"ENSG00000115232",-0.446669798640815
"ENSG00000100473",-0.446859376403853
"ENSG00000089163",-0.446877045510685
"ENSG00000271254",-0.446982545370483
"ENSG00000163964",-0.447195101452098
"ENSG00000123989",-0.447426850747649
"ENSG00000260949",-0.447441292940144
"ENSG00000216895",-0.447623405728646
"ENSG00000204052",-0.44773438347957
"ENSG00000173163",-0.447756056079025
"ENSG00000310107",-0.448022890900358
"ENSG00000066044",-0.448053603203497
"ENSG00000181817",-0.44807576420959
"ENSG00000157181",-0.448218441369827
"ENSG00000113761",-0.44822237152633
"ENSG00000134265",-0.448369909301019
"ENSG00000176182",-0.448397394140236
"ENSG00000178750",-0.448759541896406
"ENSG00000121350",-0.449213787977496
"ENSG00000143368",-0.449223802438555
"ENSG00000171310",-0.449270772308391
"ENSG00000153006",-0.449381829322472
"ENSG00000121743",-0.449561516306525
"ENSG00000121542",-0.449743199104276
"ENSG00000080839",-0.449750277718534
"ENSG00000164091",-0.449750517441639
"ENSG00000117748",-0.449838565226407
"ENSG00000160360",-0.449929635115181
"ENSG00000297244",-0.450076374215638
"ENSG00000213593",-0.450096391502399
"ENSG00000160271",-0.450194375926153
"ENSG00000264230",-0.450210326557707
"ENSG00000110344",-0.450228194058925
"ENSG00000076043",-0.450750837208791
"ENSG00000241258",-0.450796511352488
"ENSG00000273136",-0.450833471717016
"ENSG00000164924",-0.450835250883794
"ENSG00000213390",-0.450940659330818
"ENSG00000164542",-0.451067215324624
"ENSG00000275978",-0.451235499563265
"ENSG00000121749",-0.451505602495819
"ENSG00000197381",-0.451682912809068
"ENSG00000231466",-0.451986038358472
"ENSG00000075420",-0.452149436419327
"ENSG00000128185",-0.45218074996937
"ENSG00000148346",-0.452198407722108
"ENSG00000152520",-0.452256927433317
"ENSG00000138399",-0.452331651930402
"ENSG00000198435",-0.452869364825518
"ENSG00000078401",-0.452906471956388
"ENSG00000163132",-0.453175083195328
"ENSG00000139211",-0.453259047453905
"ENSG00000177042",-0.453386877568934
"ENSG00000214029",-0.453463616107643
"ENSG00000256806",-0.453501633695343
"ENSG00000162817",-0.453521022766753
"ENSG00000080371",-0.453552313724756
"ENSG00000092203",-0.453963556425816
"ENSG00000101557",-0.454009266747937
"ENSG00000243317",-0.454060547254773
"ENSG00000107185",-0.454381769893583
"ENSG00000130165",-0.454834424661885
"ENSG00000184831",-0.454882181221644
"ENSG00000187024",-0.454947680194325
"ENSG00000135269",-0.454968149196887
"ENSG00000204592",-0.455297107579478
"ENSG00000104870",-0.455472647483587
"ENSG00000206417",-0.455521794412606
"ENSG00000272150",-0.455583807672967
"ENSG00000111266",-0.455759741613406
"ENSG00000175772",-0.455800374435066
"ENSG00000100949",-0.45586046003425
"ENSG00000128731",-0.455981008071789
"ENSG00000265992",-0.456083957460416
"ENSG00000115425",-0.456113673373516
"ENSG00000117362",-0.456295657693789
"ENSG00000122378",-0.456369131321057
"ENSG00000160445",-0.456386567872126
"ENSG00000064300",-0.456404356999641
"ENSG00000123815",-0.456466763797334
"ENSG00000149489",-0.456525758587436
"ENSG00000197323",-0.456566904487021
"ENSG00000110315",-0.456584233550659
"ENSG00000138642",-0.456590438185605
"ENSG00000293489",-0.456631603579444
"ENSG00000258377",-0.456642975347921
"ENSG00000255856",-0.456687788554771
"ENSG00000177697",-0.457055609604762
"ENSG00000300625",-0.457174703520796
"ENSG00000267106",-0.457245712634787
"ENSG00000197565",-0.457380054284422
"ENSG00000172340",-0.457416440028522
"ENSG00000286834",-0.457448741378129
"ENSG00000248174",-0.45758392312163
"ENSG00000288891",-0.457612158824127
"ENSG00000277232",-0.457721481282434
"ENSG00000228495",-0.457846429298245
"ENSG00000165389",-0.457931785809643
"ENSG00000101417",-0.457956657381619
"ENSG00000278948",-0.458129586725465
"ENSG00000176907",-0.458150838722134
"ENSG00000162825",-0.45822876272379
"ENSG00000128928",-0.45825667242821
"ENSG00000074219",-0.458306662289981
"ENSG00000099625",-0.458321382993035
"ENSG00000285728",-0.458423342334156
"ENSG00000226312",-0.458644038591223
"ENSG00000294467",-0.458787081921683
"ENSG00000105185",-0.458832146865922
"ENSG00000100528",-0.458935407342069
"ENSG00000258053",-0.459138461906638
"ENSG00000174132",-0.459197825586413
"ENSG00000159905",-0.459228297434959
"ENSG00000141527",-0.459282006342864
"ENSG00000284540",-0.459668819606907
"ENSG00000005022",-0.459872497405157
"ENSG00000027001",-0.459915753268092
"ENSG00000178440",-0.460172412018803
"ENSG00000154146",-0.460360397572405
"ENSG00000257869",-0.460741449256011
"ENSG00000206073",-0.460841115826942
"ENSG00000171747",-0.4610273895315
"ENSG00000089356",-0.461163648443341
"ENSG00000131848",-0.461217612381145
"ENSG00000082438",-0.461589505454363
"ENSG00000143816",-0.461652455459005
"ENSG00000274247",-0.461752058085058
"ENSG00000121406",-0.46177414480194
"ENSG00000134825",-0.461966350928987
"ENSG00000150867",-0.46207009671368
"ENSG00000076201",-0.462161744856414
"ENSG00000104368",-0.462270446608277
"ENSG00000291233",-0.462440747814916
"ENSG00000183691",-0.462511444481453
"ENSG00000154803",-0.462744861945879
"ENSG00000188107",-0.462858452325392
"ENSG00000197296",-0.462974840749435
"ENSG00000236683",-0.463218561920673
"ENSG00000203907",-0.463290985047827
"ENSG00000047365",-0.463308697752512
"ENSG00000130005",-0.463468185755181
"ENSG00000225663",-0.463507926584782
"ENSG00000286311",-0.464017807343527
"ENSG00000150625",-0.464106942939429
"ENSG00000198056",-0.464254304912842
"ENSG00000128000",-0.464451679022797
"ENSG00000185010",-0.464861777622262
"ENSG00000107789",-0.46494469357159
"ENSG00000114978",-0.465555173266927
"ENSG00000228742",-0.465627970588631
"ENSG00000204427",-0.465776253594529
"ENSG00000272886",-0.465781756145739
"ENSG00000277149",-0.465801024078261
"ENSG00000169894",-0.465817340091915
"ENSG00000198168",-0.465960450863197
"ENSG00000100075",-0.465964426219218
"ENSG00000112335",-0.465973383654758
"ENSG00000011009",-0.465988987411717
"ENSG00000108604",-0.466088636337362
"ENSG00000116473",-0.466235454739386
"ENSG00000178802",-0.466290776795702
"ENSG00000197852",-0.466344087485802
"ENSG00000182134",-0.466381197714791
"ENSG00000067533",-0.46642644678095
"ENSG00000232485",-0.466557961179933
"ENSG00000173230",-0.466779731594792
"ENSG00000291085",-0.466886771286121
"ENSG00000203952",-0.466962201033254
"ENSG00000019995",-0.467149086898039
"ENSG00000247828",-0.467368179189449
"ENSG00000142173",-0.467477742049123
"ENSG00000175318",-0.467662696004805
"ENSG00000175416",-0.467667868179788
"ENSG00000135916",-0.467726285275679
"ENSG00000240889",-0.467876033858804
"ENSG00000141446",-0.467937720123674
"ENSG00000198252",-0.467964163307914
"ENSG00000266970",-0.467986431165233
"ENSG00000070759",-0.468173740207577
"ENSG00000225553",-0.468535062263349
"ENSG00000172687",-0.469326297347281
"ENSG00000100519",-0.469332377558986
"ENSG00000154265",-0.469648008789048
"ENSG00000182983",-0.469694306929134
"ENSG00000280027",-0.469948627188274
"ENSG00000288820",-0.470030900840466
"ENSG00000211460",-0.470093816238466
"ENSG00000160193",-0.470160098921529
"ENSG00000137504",-0.470268100409086
"ENSG00000006744",-0.470273066353145
"ENSG00000172183",-0.470308055350091
"ENSG00000125304",-0.470441028644183
"ENSG00000183876",-0.470778253086809
"ENSG00000286195",-0.470919499424897
"ENSG00000160213",-0.470958638833817
"ENSG00000171992",-0.471150421338621
"ENSG00000135318",-0.471152655330458
"ENSG00000043039",-0.471279505652671
"ENSG00000188186",-0.471515229842519
"ENSG00000134317",-0.471560911739214
"ENSG00000177238",-0.47164232778674
"ENSG00000234745",-0.471651694088355
"ENSG00000162236",-0.471750652998914
"ENSG00000254389",-0.47190292209558
"ENSG00000272622",-0.472048319623587
"ENSG00000137960",-0.472147472372917
"ENSG00000167895",-0.472176308298425
"ENSG00000104969",-0.472458425563287
"ENSG00000189343",-0.472466882191488
"ENSG00000119396",-0.472982781962775
"ENSG00000169972",-0.473104239715695
"ENSG00000229358",-0.473137076058816
"ENSG00000158156",-0.473251110419312
"ENSG00000272356",-0.473278928476613
"ENSG00000176244",-0.473288076494665
"ENSG00000011201",-0.473320681548297
"ENSG00000111875",-0.473364274702146
"ENSG00000162631",-0.473387269531946
"ENSG00000088367",-0.473477617016651
"ENSG00000042286",-0.473507632793628
"ENSG00000206289",-0.473555013367402
"ENSG00000286388",-0.473653513796115
"ENSG00000166946",-0.47365655838199
"ENSG00000130811",-0.47511661401296
"ENSG00000198931",-0.475249917336508
"ENSG00000065717",-0.475287712541124
"ENSG00000288741",-0.475456637115456
"ENSG00000120694",-0.475685317805885
"ENSG00000106004",-0.47586543214407
"ENSG00000147654",-0.476026040336926
"ENSG00000131171",-0.47615168974588
"ENSG00000112305",-0.476166726574759
"ENSG00000087589",-0.476196978341452
"ENSG00000112742",-0.476340265306516
"ENSG00000279259",-0.476419073050189
"ENSG00000004487",-0.476647424401694
"ENSG00000165097",-0.476715135684017
"ENSG00000159261",-0.477072272282964
"ENSG00000175105",-0.477833485305003
"ENSG00000131089",-0.477932157025937
"ENSG00000214160",-0.478195551401007
"ENSG00000297106",-0.478245487949316
"ENSG00000270276",-0.47862681855376
"ENSG00000132824",-0.478693581779838
"ENSG00000137709",-0.478920365441808
"ENSG00000257764",-0.479098804561435
"ENSG00000067955",-0.479117182956411
"ENSG00000188706",-0.47914258620514
"ENSG00000179314",-0.479289179960145
"ENSG00000174177",-0.479441193482539
"ENSG00000226652",-0.479742196147951
"ENSG00000162636",-0.480017923048553
"ENSG00000176894",-0.480021895391279
"ENSG00000235770",-0.4802931514551
"ENSG00000157693",-0.480297106314621
"ENSG00000078618",-0.480297382114854
"ENSG00000169964",-0.480404653156863
"ENSG00000277868",-0.480415493947104
"ENSG00000167778",-0.480450336129772
"ENSG00000287625",-0.480595078370393
"ENSG00000234390",-0.480660559270128
"ENSG00000166839",-0.480759644878916
"ENSG00000163444",-0.480850210286727
"ENSG00000233589",-0.480933634750157
"ENSG00000233862",-0.4811288979265
"ENSG00000104973",-0.48129747824821
"ENSG00000258659",-0.481300059499766
"ENSG00000177034",-0.481377791254783
"ENSG00000220205",-0.481962239597191
"ENSG00000138613",-0.482093446677467
"ENSG00000121895",-0.482357324582504
"ENSG00000125755",-0.482932071133533
"ENSG00000151292",-0.48308297921106
"ENSG00000291077",-0.483083009250136
"ENSG00000170892",-0.483141289125544
"ENSG00000110442",-0.483335056460889
"ENSG00000166199",-0.483644776528199
"ENSG00000172548",-0.483649502069053
"ENSG00000103740",-0.483826891083074
"ENSG00000103966",-0.483920679980537
"ENSG00000137842",-0.484119398901573
"ENSG00000204711",-0.485095940239898
"ENSG00000223482",-0.485363189200412
"ENSG00000124496",-0.485620580479619
"ENSG00000183647",-0.485674429312434
"ENSG00000183722",-0.4857642559023
"ENSG00000101452",-0.485888140458656
"ENSG00000147894",-0.485958793480658
"ENSG00000261553",-0.486284540818589
"ENSG00000260025",-0.486397423211369
"ENSG00000230989",-0.486921610744982
"ENSG00000272275",-0.486981019945868
"ENSG00000108091",-0.487196770088534
"ENSG00000105767",-0.487310239592684
"ENSG00000298094",-0.487384244017918
"ENSG00000155827",-0.487408196439053
"ENSG00000142892",-0.487610576378803
"ENSG00000021762",-0.487778603166428
"ENSG00000188883",-0.487848322741809
"ENSG00000255815",-0.48786536379716
"ENSG00000108370",-0.488012025740787
"ENSG00000068650",-0.488289092412161
"ENSG00000173402",-0.488292781798619
"ENSG00000244405",-0.488500431917222
"ENSG00000162736",-0.488967381229032
"ENSG00000166166",-0.489182745194723
"ENSG00000262714",-0.489188432982545
"ENSG00000114999",-0.489230484476069
"ENSG00000260633",-0.489320681135309
"ENSG00000130204",-0.48937679261605
"ENSG00000123843",-0.489536389636645
"ENSG00000215105",-0.489731272748538
"ENSG00000120868",-0.489749898410394
"ENSG00000169032",-0.489929362782261
"ENSG00000003147",-0.489943057932126
"ENSG00000106636",-0.49016261394019
"ENSG00000182180",-0.490202464113878
"ENSG00000115364",-0.490202542846041
"ENSG00000118263",-0.490213720427511
"ENSG00000152475",-0.490386023885129
"ENSG00000107438",-0.49040961037099
"ENSG00000204219",-0.490558608285162
"ENSG00000197165",-0.490705132499352
"ENSG00000286691",-0.490781885043431
"ENSG00000170312",-0.491061786450367
"ENSG00000229989",-0.491250296489956
"ENSG00000274317",-0.49133214577975
"ENSG00000133028",-0.491390766681307
"ENSG00000119402",-0.491454194100188
"ENSG00000113013",-0.491705436774969
"ENSG00000070010",-0.491831637958842
"ENSG00000123374",-0.492040505737928
"ENSG00000117751",-0.492233846943264
"ENSG00000257303",-0.492316653137395
"ENSG00000125520",-0.493003145471746
"ENSG00000090273",-0.493070150241577
"ENSG00000301532",-0.493311064178462
"ENSG00000197587",-0.493417673720541
"ENSG00000102580",-0.493421561392367
"ENSG00000115350",-0.493527790659091
"ENSG00000283103",-0.49355155515408
"ENSG00000214401",-0.493726778462441
"ENSG00000247077",-0.493769233323796
"ENSG00000143479",-0.494294484224031
"ENSG00000174851",-0.494419417372855
"ENSG00000115307",-0.494562395583664
"ENSG00000235024",-0.494767020116853
"ENSG00000120963",-0.494812318931697
"ENSG00000243749",-0.495496944220926
"ENSG00000062370",-0.495614229854284
"ENSG00000065883",-0.495676994876683
"ENSG00000086696",-0.496171132107139
"ENSG00000108433",-0.496496910337051
"ENSG00000126016",-0.496512330190569
"ENSG00000229891",-0.496515741762043
"ENSG00000079931",-0.496855868462557
"ENSG00000295827",-0.496881686336963
"ENSG00000260459",-0.496911701602117
"ENSG00000289515",-0.496948925350405
"ENSG00000100350",-0.497256460217978
"ENSG00000226251",-0.497303641417906
"ENSG00000054654",-0.49740224626012
"ENSG00000250539",-0.49759474734571
"ENSG00000143320",-0.497684842622682
"ENSG00000100439",-0.497770333344265
"ENSG00000163812",-0.497891010510388
"ENSG00000175701",-0.497995312455954
"ENSG00000181350",-0.498183459573824
"ENSG00000167635",-0.498372681140234
"ENSG00000177873",-0.498389591807003
"ENSG00000164916",-0.49840316318686
"ENSG00000286488",-0.498427068824042
"ENSG00000179041",-0.498476372011936
"ENSG00000167525",-0.498502982972079
"ENSG00000135185",-0.49856204388386
"ENSG00000197555",-0.498573934654864
"ENSG00000119969",-0.498806678240461
"ENSG00000101986",-0.498911102760802
"ENSG00000306426",-0.49896984784416
"ENSG00000166965",-0.499058638611273
"ENSG00000307452",-0.499058890626373
"ENSG00000215021",-0.4991235977885
"ENSG00000039139",-0.499221532427077
"ENSG00000265666",-0.499269172898219
"ENSG00000168792",-0.499339902548623
"ENSG00000187736",-0.499397319832779
"ENSG00000226936",-0.499447048679662
"ENSG00000250305",-0.499454921195521
"ENSG00000145331",-0.499512863596184
"ENSG00000248309",-0.49962031751607
"ENSG00000164978",-0.499693777354363
"ENSG00000257252",-0.499885400536175
"ENSG00000248449",-0.499971848376305
"ENSG00000276276",-0.50006394966932
"ENSG00000113231",-0.50015640760576
"ENSG00000130347",-0.500369232024145
"ENSG00000178977",-0.500417663751973
"ENSG00000144401",-0.500421814448505
"ENSG00000188199",-0.500729359085965
"ENSG00000175768",-0.500747431465401
"ENSG00000182827",-0.500909647737795
"ENSG00000109083",-0.500934108962551
"ENSG00000161652",-0.501025266381769
"ENSG00000174456",-0.501034290970408
"ENSG00000228506",-0.501186189510399
"ENSG00000081307",-0.501366192919498
"ENSG00000147669",-0.501446026092181
"ENSG00000164418",-0.501520819602884
"ENSG00000126749",-0.501536347931833
"ENSG00000184508",-0.502327504169417
"ENSG00000242539",-0.502658483655193
"ENSG00000241168",-0.502684882712961
"ENSG00000264589",-0.502721999568373
"ENSG00000287038",-0.502863610334106
"ENSG00000131100",-0.502866827417081
"ENSG00000091262",-0.502884748426164
"ENSG00000258910",-0.503089182533414
"ENSG00000165555",-0.503436613496412
"ENSG00000165637",-0.503592474074696
"ENSG00000111707",-0.503682034621593
"ENSG00000259171",-0.503695109660663
"ENSG00000185869",-0.503757536151336
"ENSG00000160051",-0.503830906386344
"ENSG00000180628",-0.503871113486262
"ENSG00000182118",-0.504099139431419
"ENSG00000104848",-0.504189154884134
"ENSG00000137726",-0.504232220905315
"ENSG00000203880",-0.504380677365595
"ENSG00000163512",-0.50438286995431
"ENSG00000169410",-0.50448985622297
"ENSG00000110955",-0.504587538730404
"ENSG00000157240",-0.504638563518901
"ENSG00000129167",-0.504757112426758
"ENSG00000280734",-0.504824896259997
"ENSG00000032219",-0.504986438702891
"ENSG00000135387",-0.505102984802092
"ENSG00000287719",-0.50511185509339
"ENSG00000134146",-0.505314801942491
"ENSG00000132003",-0.505422320415672
"ENSG00000183196",-0.505463379764774
"ENSG00000166452",-0.50553779537966
"ENSG00000077274",-0.505597859019084
"ENSG00000070501",-0.50585546041529
"ENSG00000103148",-0.50613997443897
"ENSG00000277075",-0.506250280988694
"ENSG00000148803",-0.506302528866343
"ENSG00000161904",-0.506302667266802
"ENSG00000167081",-0.506361034383247
"ENSG00000169100",-0.506408204078542
"ENSG00000145020",-0.506664415004894
"ENSG00000111731",-0.506691826848611
"ENSG00000267892",-0.506799654757099
"ENSG00000083168",-0.507228576568789
"ENSG00000103056",-0.507325774820296
"ENSG00000140157",-0.507429735888927
"ENSG00000302701",-0.50746142443727
"ENSG00000266714",-0.507470412174873
"ENSG00000134247",-0.50748617124421
"ENSG00000235725",-0.507548644317149
"ENSG00000118849",-0.507687937277563
"ENSG00000286585",-0.507816963100599
"ENSG00000164741",-0.507946400667784
"ENSG00000105197",-0.508027463249943
"ENSG00000079335",-0.508164047375639
"ENSG00000059769",-0.508529605343842
"ENSG00000293560",-0.508802880329779
"ENSG00000197557",-0.508810068927357
"ENSG00000187741",-0.508828755078683
"ENSG00000173611",-0.509044498820946
"ENSG00000103202",-0.509072859758954
"ENSG00000179820",-0.50909462059369
"ENSG00000000457",-0.509185112120256
"ENSG00000186854",-0.509320308631374
"ENSG00000140455",-0.509550283719564
"ENSG00000179388",-0.509657862045839
"ENSG00000176623",-0.509918843631808
"ENSG00000153721",-0.51052413353529
"ENSG00000086504",-0.510527812290211
"ENSG00000170852",-0.510584492428983
"ENSG00000170473",-0.510647369776315
"ENSG00000183401",-0.510672963284995
"ENSG00000036054",-0.510769899539345
"ENSG00000166340",-0.511007950991696
"ENSG00000198815",-0.511136327599404
"ENSG00000237574",-0.511145794527597
"ENSG00000055118",-0.511177917933875
"ENSG00000289909",-0.511243731765493
"ENSG00000164142",-0.511361993517046
"ENSG00000144559",-0.511606052310572
"ENSG00000156398",-0.511673975869994
"ENSG00000259416",-0.511726181747865
"ENSG00000104324",-0.511783161143586
"ENSG00000288244",-0.51207531443785
"ENSG00000151327",-0.512415382044453
"ENSG00000204514",-0.512424672745471
"ENSG00000136104",-0.512575490802652
"ENSG00000125652",-0.512771691459619
"ENSG00000102871",-0.51277440549783
"ENSG00000243646",-0.512891372581521
"ENSG00000188761",-0.512950275680713
"ENSG00000136052",-0.513028761240916
"ENSG00000138641",-0.5131965346221
"ENSG00000100600",-0.513288600659712
"ENSG00000110048",-0.513709032044716
"ENSG00000088881",-0.51380500072026
"ENSG00000290192",-0.513883782957343
"ENSG00000228857",-0.514605367432561
"ENSG00000278791",-0.514722240600436
"ENSG00000143952",-0.514922085851998
"ENSG00000196177",-0.515013182120645
"ENSG00000113924",-0.515056030381929
"ENSG00000173198",-0.51537798046833
"ENSG00000110958",-0.515412981593017
"ENSG00000241489",-0.515636863847334
"ENSG00000173013",-0.515694705679428
"ENSG00000289138",-0.51572380940867
"ENSG00000166619",-0.515920226497379
"ENSG00000139182",-0.515976861614777
"ENSG00000169740",-0.516040412684991
"ENSG00000035115",-0.516377990481567
"ENSG00000188725",-0.516609209641547
"ENSG00000153037",-0.516740183493889
"ENSG00000090020",-0.51679822351351
"ENSG00000103227",-0.516866340488837
"ENSG00000197647",-0.517001552710132
"ENSG00000244144",-0.517131984441808
"ENSG00000293328",-0.517210363620819
"ENSG00000287104",-0.517212530618176
"ENSG00000178409",-0.517324743389215
"ENSG00000185332",-0.5175593888369
"ENSG00000172939",-0.517652185178449
"ENSG00000161249",-0.517873909636261
"ENSG00000171311",-0.51802270512139
"ENSG00000135766",-0.518064156716594
"ENSG00000163159",-0.518154780829808
"ENSG00000100554",-0.518438358899365
"ENSG00000087842",-0.518544815935297
"ENSG00000099330",-0.518560979562358
"ENSG00000278812",-0.518639879281702
"ENSG00000174684",-0.518761198145443
"ENSG00000140104",-0.519039867774767
"ENSG00000102984",-0.519200298713057
"ENSG00000263465",-0.519294768708795
"ENSG00000168297",-0.519524199615515
"ENSG00000169432",-0.519897543286659
"ENSG00000080709",-0.520023137999354
"ENSG00000256500",-0.520045153633708
"ENSG00000115594",-0.520095419437756
"ENSG00000152234",-0.520096364042247
"ENSG00000173726",-0.520104882427265
"ENSG00000136720",-0.520170472040604
"ENSG00000147689",-0.520183641005305
"ENSG00000188211",-0.520265327342046
"ENSG00000305602",-0.520305386181394
"ENSG00000278784",-0.520556530253186
"ENSG00000167193",-0.520563554134652
"ENSG00000149636",-0.520764088430184
"ENSG00000170545",-0.521139694638256
"ENSG00000163110",-0.521225608037481
"ENSG00000166111",-0.521263187812645
"ENSG00000163704",-0.521280620712178
"ENSG00000205929",-0.521313555651014
"ENSG00000263325",-0.521462082974719
"ENSG00000120314",-0.521636187721015
"ENSG00000211456",-0.521797131430044
"ENSG00000104221",-0.521883465580602
"ENSG00000272779",-0.521938990618237
"ENSG00000016082",-0.522181813144372
"ENSG00000178999",-0.522269374012579
"ENSG00000169359",-0.522287752458908
"ENSG00000257261",-0.522329906728801
"ENSG00000120162",-0.522615899144451
"ENSG00000263322",-0.522735442805625
"ENSG00000228124",-0.522881223829123
"ENSG00000297414",-0.523102112652584
"ENSG00000114346",-0.523142296244699
"ENSG00000135597",-0.523260182821885
"ENSG00000099942",-0.523312215735685
"ENSG00000122512",-0.523372719380251
"ENSG00000159210",-0.523390229761937
"ENSG00000171877",-0.523430118162372
"ENSG00000288930",-0.523463354289453
"ENSG00000063438",-0.523546075138883
"ENSG00000224712",-0.523681000439792
"ENSG00000137142",-0.52376628160513
"ENSG00000284797",-0.523889581800766
"ENSG00000132563",-0.524036968187576
"ENSG00000124664",-0.524236044448939
"ENSG00000172239",-0.524281711131663
"ENSG00000292997",-0.524297348017693
"ENSG00000135929",-0.524345613875012
"ENSG00000119777",-0.524367077949252
"ENSG00000124225",-0.524429080955405
"ENSG00000124172",-0.524726862442696
"ENSG00000205611",-0.524741474101515
"ENSG00000145220",-0.524853354851065
"ENSG00000182165",-0.524896780677836
"ENSG00000118162",-0.524931009275211
"ENSG00000198171",-0.525023818139749
"ENSG00000188825",-0.525111932667806
"ENSG00000296073",-0.525347326260811
"ENSG00000284915",-0.525526953073432
"ENSG00000172795",-0.525564631104229
"ENSG00000129474",-0.525618382957161
"ENSG00000198498",-0.525806220758734
"ENSG00000124549",-0.525878741259908
"ENSG00000260259",-0.525995004137403
"ENSG00000054148",-0.526041551276323
"ENSG00000072210",-0.52651766583249
"ENSG00000119707",-0.526600374399592
"ENSG00000168476",-0.526692149043451
"ENSG00000230438",-0.526798602754122
"ENSG00000160606",-0.526798716944173
"ENSG00000108298",-0.526925703062115
"ENSG00000087053",-0.527035075727117
"ENSG00000188501",-0.527049777987675
"ENSG00000291165",-0.527106810475704
"ENSG00000167595",-0.527523646283471
"ENSG00000196502",-0.527752628785045
"ENSG00000151693",-0.527816306033932
"ENSG00000176438",-0.528421534041023
"ENSG00000172500",-0.528473081602431
"ENSG00000119523",-0.528507110888044
"ENSG00000182107",-0.528608736474621
"ENSG00000168124",-0.528615391828063
"ENSG00000233461",-0.528637403571342
"ENSG00000260669",-0.528761562392827
"ENSG00000059728",-0.528772981402671
"ENSG00000124532",-0.529157794670256
"ENSG00000235941",-0.529222872608763
"ENSG00000142444",-0.529393002049867
"ENSG00000185236",-0.529521148884624
"ENSG00000108344",-0.529587248489193
"ENSG00000144366",-0.529622671867187
"ENSG00000178498",-0.529671092863908
"ENSG00000267107",-0.529698022786053
"ENSG00000308991",-0.529974730883056
"ENSG00000274626",-0.529991673124465
"ENSG00000122687",-0.530074683267485
"ENSG00000023902",-0.53022016539787
"ENSG00000290263",-0.530408590394372
"ENSG00000151611",-0.530511644546859
"ENSG00000111785",-0.530518253489397
"ENSG00000175697",-0.530563186370243
"ENSG00000141756",-0.530701802971762
"ENSG00000237594",-0.530737735193104
"ENSG00000286912",-0.530833179580316
"ENSG00000158402",-0.530872689674197
"ENSG00000218510",-0.530920252084398
"ENSG00000163382",-0.531037192980158
"ENSG00000137876",-0.531157065983413
"ENSG00000278129",-0.531350861708931
"ENSG00000168067",-0.53146668964293
"ENSG00000018408",-0.531520870732097
"ENSG00000297373",-0.53154525175824
"ENSG00000148335",-0.531898191109436
"ENSG00000226180",-0.532046076756578
"ENSG00000173848",-0.532140902285165
"ENSG00000136783",-0.532569263885056
"ENSG00000017797",-0.532736204999276
"ENSG00000196715",-0.532827984110007
"ENSG00000225889",-0.532845877225445
"ENSG00000198756",-0.53300439342053
"ENSG00000278709",-0.533189435490264
"ENSG00000171566",-0.533326758675226
"ENSG00000115839",-0.533343167308141
"ENSG00000145996",-0.533865862347479
"ENSG00000107521",-0.533904664318119
"ENSG00000136002",-0.534148872629934
"ENSG00000273291",-0.534155904312905
"ENSG00000225031",-0.534182884868123
"ENSG00000090932",-0.534194272608606
"ENSG00000140382",-0.534446364204506
"ENSG00000288827",-0.535264035047358
"ENSG00000183520",-0.535318391117594
"ENSG00000168487",-0.535546591447965
"ENSG00000243678",-0.535587496996506
"ENSG00000006451",-0.535781436145256
"ENSG00000149929",-0.535880656136115
"ENSG00000129514",-0.535927230000304
"ENSG00000213977",-0.536114953380771
"ENSG00000163472",-0.536221192216204
"ENSG00000164284",-0.536319141613695
"ENSG00000173275",-0.53652963026369
"ENSG00000130741",-0.536637513645492
"ENSG00000173085",-0.536708617229236
"ENSG00000164867",-0.536808698110005
"ENSG00000160799",-0.536972640820381
"ENSG00000106853",-0.53704462411323
"ENSG00000109686",-0.537132963466143
"ENSG00000107341",-0.537390562488654
"ENSG00000067840",-0.537714415103834
"ENSG00000204706",-0.53791199320545
"ENSG00000165672",-0.538113478012455
"ENSG00000173264",-0.538145280996754
"ENSG00000100359",-0.538154939500786
"ENSG00000254858",-0.538171336015936
"ENSG00000105705",-0.53826516925227
"ENSG00000213626",-0.538766679794706
"ENSG00000149115",-0.538809168271099
"ENSG00000174891",-0.538815836439252
"ENSG00000242352",-0.538854960704655
"ENSG00000291089",-0.539016967621317
"ENSG00000123977",-0.539041356930168
"ENSG00000113441",-0.539064706786129
"ENSG00000108424",-0.539286052995869
"ENSG00000122591",-0.539530611821467
"ENSG00000141447",-0.540049861992711
"ENSG00000130348",-0.540197671147158
"ENSG00000145907",-0.540220721429206
"ENSG00000050130",-0.540362865722418
"ENSG00000227761",-0.540412000816763
"ENSG00000100416",-0.540502918057562
"ENSG00000137502",-0.540559268414979
"ENSG00000162607",-0.540612441736942
"ENSG00000158292",-0.540836812656654
"ENSG00000198917",-0.541183979013144
"ENSG00000138821",-0.541280189031177
"ENSG00000067596",-0.541373036527099
"ENSG00000116871",-0.541421962278571
"ENSG00000134910",-0.541508668935126
"ENSG00000155975",-0.541562905325934
"ENSG00000168264",-0.541874658503502
"ENSG00000135821",-0.54201237418238
"ENSG00000096080",-0.542096625003689
"ENSG00000180287",-0.542950909799123
"ENSG00000249437",-0.543171736881332
"ENSG00000174137",-0.543224210613108
"ENSG00000176383",-0.543418033691688
"ENSG00000196141",-0.543509837593831
"ENSG00000236560",-0.543635884621442
"ENSG00000163754",-0.543783055499722
"ENSG00000103591",-0.54408363467058
"ENSG00000008394",-0.544154752588951
"ENSG00000309250",-0.544230355476497
"ENSG00000163281",-0.544339445457079
"ENSG00000134333",-0.544793560505953
"ENSG00000277701",-0.54488579919074
"ENSG00000122550",-0.545077992086197
"ENSG00000022267",-0.545218995224974
"ENSG00000131779",-0.545389497785531
"ENSG00000178057",-0.545433041682931
"ENSG00000144713",-0.545537532917475
"ENSG00000309311",-0.545817546140587
"ENSG00000184640",-0.545855888470606
"ENSG00000119280",-0.545858975835219
"ENSG00000285669",-0.546005316247329
"ENSG00000112146",-0.546044340541416
"ENSG00000296335",-0.5461859000229
"ENSG00000134202",-0.546781264431414
"ENSG00000157107",-0.546781440310299
"ENSG00000203650",-0.546995829110994
"ENSG00000174502",-0.547160421850615
"ENSG00000118985",-0.547185431628074
"ENSG00000196600",-0.547317569107686
"ENSG00000224837",-0.547494973080933
"ENSG00000113643",-0.547592465193154
"ENSG00000197982",-0.547615408483921
"ENSG00000236548",-0.547723930291978
"ENSG00000297134",-0.547735024969768
"ENSG00000123444",-0.548034504800757
"ENSG00000186188",-0.548318924777708
"ENSG00000127884",-0.548722415813445
"ENSG00000286415",-0.548915327063516
"ENSG00000172137",-0.549050047246857
"ENSG00000256537",-0.549165491968724
"ENSG00000187595",-0.549332181304023
"ENSG00000181450",-0.54937790890415
"ENSG00000250634",-0.549387302983063
"ENSG00000180953",-0.549389844764053
"ENSG00000257453",-0.54970944572425
"ENSG00000237310",-0.549821751331775
"ENSG00000267534",-0.550173704201331
"ENSG00000186815",-0.550359553105978
"ENSG00000204540",-0.55053170597372
"ENSG00000100599",-0.550727920278502
"ENSG00000306747",-0.550762927331611
"ENSG00000132792",-0.550850617371553
"ENSG00000240738",-0.551096870968827
"ENSG00000229215",-0.551357813671386
"ENSG00000271966",-0.55141015885257
"ENSG00000224975",-0.551426989399522
"ENSG00000153922",-0.551823198064142
"ENSG00000172366",-0.552056591820537
"ENSG00000074416",-0.552084638658164
"ENSG00000131781",-0.552099258451931
"ENSG00000262712",-0.552112718062524
"ENSG00000165935",-0.552531552533851
"ENSG00000223980",-0.5527722360738
"ENSG00000166343",-0.553084709418253
"ENSG00000133114",-0.553369461086012
"ENSG00000167920",-0.553407223941483
"ENSG00000136371",-0.553447880040192
"ENSG00000091129",-0.553755485258729
"ENSG00000172818",-0.553864057458135
"ENSG00000176124",-0.554219408901711
"ENSG00000290679",-0.554330417370429
"ENSG00000169258",-0.554535614291095
"ENSG00000178896",-0.554821979617429
"ENSG00000153815",-0.554842128078442
"ENSG00000106803",-0.554926742614156
"ENSG00000272568",-0.555025822741135
"ENSG00000166396",-0.555505399410519
"ENSG00000138772",-0.555561468413898
"ENSG00000141576",-0.555636435226158
"ENSG00000079257",-0.555851576279781
"ENSG00000179526",-0.555852604151307
"ENSG00000285128",-0.556014934432167
"ENSG00000257588",-0.556027691268377
"ENSG00000112419",-0.556140939030256
"ENSG00000254093",-0.556384369903179
"ENSG00000188312",-0.556432010952645
"ENSG00000285372",-0.556976967878547
"ENSG00000224888",-0.556987051960283
"ENSG00000213753",-0.557181728008922
"ENSG00000289293",-0.557373648613196
"ENSG00000083312",-0.557473624034676
"ENSG00000223658",-0.557542311998026
"ENSG00000113273",-0.558152235445323
"ENSG00000140950",-0.558252730774701
"ENSG00000140931",-0.558342625195394
"ENSG00000274333",-0.558498355170037
"ENSG00000087510",-0.558553322364196
"ENSG00000240668",-0.558635501059848
"ENSG00000067141",-0.558887861302027
"ENSG00000272977",-0.5593279144202
"ENSG00000124243",-0.559580777542298
"ENSG00000185432",-0.559627164602389
"ENSG00000164967",-0.559627719490651
"ENSG00000280789",-0.559751507474873
"ENSG00000171097",-0.559753580861013
"ENSG00000271013",-0.559801616687816
"ENSG00000175166",-0.560003678664791
"ENSG00000086666",-0.560425925456184
"ENSG00000109790",-0.560523561329043
"ENSG00000162614",-0.560554931887485
"ENSG00000204789",-0.560571750991365
"ENSG00000111667",-0.560577281741449
"ENSG00000108587",-0.560661889079027
"ENSG00000184635",-0.560689234798224
"ENSG00000103248",-0.56071088774381
"ENSG00000272345",-0.561038572907092
"ENSG00000111816",-0.56200456152144
"ENSG00000151233",-0.562104403718082
"ENSG00000011422",-0.562172238560697
"ENSG00000179029",-0.562194266207967
"ENSG00000286532",-0.562624140605003
"ENSG00000273143",-0.562934414280232
"ENSG00000189171",-0.563075768409628
"ENSG00000260448",-0.563393232830424
"ENSG00000167315",-0.563677763088673
"ENSG00000102974",-0.563740339856265
"ENSG00000128789",-0.563987467867027
"ENSG00000293508",-0.564160902124717
"ENSG00000173786",-0.564199614457254
"ENSG00000285236",-0.56437306946604
"ENSG00000124762",-0.56464967516968
"ENSG00000138095",-0.564717437831923
"ENSG00000103415",-0.564722608343233
"ENSG00000101160",-0.564807890224058
"ENSG00000171530",-0.564964139069528
"ENSG00000258674",-0.564969823883957
"ENSG00000074201",-0.56502034419656
"ENSG00000249471",-0.565163710223634
"ENSG00000309880",-0.565228672358958
"ENSG00000149600",-0.565324625158787
"ENSG00000137831",-0.565418207000128
"ENSG00000183011",-0.565459024662774
"ENSG00000291174",-0.565671375358647
"ENSG00000115866",-0.565803395684871
"ENSG00000122696",-0.565857015157929
"ENSG00000139146",-0.565938602267634
"ENSG00000230425",-0.566035228814948
"ENSG00000126226",-0.566297960165585
"ENSG00000253368",-0.566368501497111
"ENSG00000138785",-0.566481235536569
"ENSG00000210194",-0.566502879219479
"ENSG00000204389",-0.566503771011986
"ENSG00000085382",-0.566666190056328
"ENSG00000296790",-0.566809572497406
"ENSG00000281692",-0.566877064721462
"ENSG00000136888",-0.567034523609999
"ENSG00000269947",-0.567069553390729
"ENSG00000154556",-0.567158863332447
"ENSG00000176974",-0.567758443016
"ENSG00000293587",-0.568476934381323
"ENSG00000213889",-0.568782989722794
"ENSG00000181264",-0.569271475057058
"ENSG00000102977",-0.569285730197221
"ENSG00000224675",-0.569374521242199
"ENSG00000109881",-0.569504893013025
"ENSG00000153551",-0.569691959276378
"ENSG00000275052",-0.569843246719164
"ENSG00000105852",-0.570233778274151
"ENSG00000215039",-0.570476481507134
"ENSG00000058335",-0.570663221237802
"ENSG00000248794",-0.570667338393333
"ENSG00000131725",-0.570704229308369
"ENSG00000158669",-0.570714719057669
"ENSG00000115084",-0.570807552198645
"ENSG00000096070",-0.570995151610036
"ENSG00000167874",-0.571088691637531
"ENSG00000197054",-0.571093017547734
"ENSG00000164070",-0.571280309226225
"ENSG00000274173",-0.571288193612764
"ENSG00000071994",-0.571387024959304
"ENSG00000287358",-0.571424111000154
"ENSG00000166888",-0.571746130545628
"ENSG00000293390",-0.571823301455631
"ENSG00000162144",-0.571971703720003
"ENSG00000178053",-0.572052308191565
"ENSG00000167183",-0.572125643336152
"ENSG00000006652",-0.572221915755358
"ENSG00000167972",-0.57237160702164
"ENSG00000229672",-0.572581158705917
"ENSG00000171606",-0.572653577992939
"ENSG00000110075",-0.572739799839627
"ENSG00000139579",-0.573051880694798
"ENSG00000116898",-0.573165589937797
"ENSG00000068323",-0.573233648701346
"ENSG00000176393",-0.573489720750268
"ENSG00000127824",-0.573501495731603
"ENSG00000228284",-0.573558726623516
"ENSG00000153048",-0.573678235135724
"ENSG00000291142",-0.573709416160976
"ENSG00000231177",-0.573725711073466
"ENSG00000166851",-0.573728447952876
"ENSG00000203279",-0.573972814160953
"ENSG00000065548",-0.574112168361112
"ENSG00000250125",-0.574393584617117
"ENSG00000078043",-0.574456230118371
"ENSG00000109519",-0.574502959402081
"ENSG00000273391",-0.574810185307939
"ENSG00000285825",-0.574821609982123
"ENSG00000268975",-0.575097064223358
"ENSG00000215374",-0.575112322466846
"ENSG00000172890",-0.57545846460748
"ENSG00000285963",-0.575621711754139
"ENSG00000181938",-0.57583011769086
"ENSG00000121316",-0.575893866176357
"ENSG00000170325",-0.576026022720207
"ENSG00000198093",-0.576036673889904
"ENSG00000138592",-0.576472217310683
"ENSG00000301105",-0.576665612343925
"ENSG00000307921",-0.576725430434738
"ENSG00000197933",-0.576818693889079
"ENSG00000237943",-0.577019330352659
"ENSG00000164197",-0.577663211176472
"ENSG00000110888",-0.577811778949685
"ENSG00000137100",-0.577939702953423
"ENSG00000295517",-0.578148855723025
"ENSG00000074621",-0.578180515889565
"ENSG00000129473",-0.578590665720329
"ENSG00000111077",-0.578651350972421
"ENSG00000084628",-0.578696972964706
"ENSG00000117222",-0.578787171378436
"ENSG00000185838",-0.578919672938978
"ENSG00000102178",-0.579057648358965
"ENSG00000287550",-0.579105934676608
"ENSG00000291214",-0.579430255360549
"ENSG00000269968",-0.579658191242107
"ENSG00000196597",-0.579711999426585
"ENSG00000060762",-0.579764082989841
"ENSG00000169599",-0.579804461429318
"ENSG00000273329",-0.580161496169971
"ENSG00000242282",-0.580330515833819
"ENSG00000148334",-0.580377672151497
"ENSG00000275909",-0.580766414964077
"ENSG00000132688",-0.580775857545934
"ENSG00000131732",-0.580786525602662
"ENSG00000159708",-0.580863324652534
"ENSG00000136155",-0.580894196745432
"ENSG00000143641",-0.580940170888955
"ENSG00000169398",-0.581088228791816
"ENSG00000291045",-0.581346027847134
"ENSG00000213742",-0.58153510376658
"ENSG00000196972",-0.581559431936982
"ENSG00000115234",-0.581665701427294
"ENSG00000174695",-0.581685318246631
"ENSG00000072506",-0.582111757563376
"ENSG00000081870",-0.582213838215967
"ENSG00000100065",-0.582268984865291
"ENSG00000154240",-0.582280427431634
"ENSG00000174080",-0.582297256005676
"ENSG00000165675",-0.582511367743174
"ENSG00000274315",-0.582614471004179
"ENSG00000118217",-0.58268142675613
"ENSG00000112697",-0.58276395076876
"ENSG00000289088",-0.58287719202941
"ENSG00000289029",-0.583113575011767
"ENSG00000184194",-0.583223795403048
"ENSG00000141665",-0.583286197930301
"ENSG00000197457",-0.58363454515118
"ENSG00000301369",-0.583703735893352
"ENSG00000250988",-0.584074714336683
"ENSG00000181649",-0.584434785719078
"ENSG00000016864",-0.584690711034528
"ENSG00000135392",-0.584876817862458
"ENSG00000133805",-0.584933370966549
"ENSG00000169249",-0.58498723140962
"ENSG00000198561",-0.585137260247947
"ENSG00000100479",-0.585138679765573
"ENSG00000095303",-0.585519584246072
"ENSG00000172927",-0.585578292070539
"ENSG00000071564",-0.585673913875648
"ENSG00000253276",-0.585818285757401
"ENSG00000132004",-0.585970631547904
"ENSG00000223799",-0.58618092843595
"ENSG00000120708",-0.586877092504975
"ENSG00000259150",-0.586896581096366
"ENSG00000283738",-0.587323323961882
"ENSG00000124140",-0.587446403785507
"ENSG00000175224",-0.587716522999514
"ENSG00000005302",-0.588200352753899
"ENSG00000289042",-0.588248672756735
"ENSG00000243660",-0.588357670895041
"ENSG00000139344",-0.588393926303424
"ENSG00000162552",-0.588455947342573
"ENSG00000166913",-0.588493194310275
"ENSG00000245205",-0.588651050074279
"ENSG00000164077",-0.589222979998022
"ENSG00000029993",-0.58942050425394
"ENSG00000164400",-0.589564555889797
"ENSG00000145431",-0.589694532465391
"ENSG00000198121",-0.589753352822978
"ENSG00000163479",-0.589838446152272
"ENSG00000105711",-0.589859468818325
"ENSG00000144468",-0.590130801241902
"ENSG00000286045",-0.59051704154163
"ENSG00000158813",-0.590752453404315
"ENSG00000197903",-0.590887570408348
"ENSG00000065559",-0.590912195699857
"ENSG00000159921",-0.590925285428906
"ENSG00000164904",-0.590940779946195
"ENSG00000290977",-0.590962359293606
"ENSG00000160294",-0.591020942254409
"ENSG00000105401",-0.591035478480018
"ENSG00000132906",-0.591067731940194
"ENSG00000124459",-0.591115805086471
"ENSG00000135926",-0.591128871511672
"ENSG00000172348",-0.591129342175838
"ENSG00000180354",-0.591144052523147
"ENSG00000113905",-0.591208276174125
"ENSG00000183971",-0.591320948129786
"ENSG00000133069",-0.591389519726455
"ENSG00000029364",-0.591407393205974
"ENSG00000186591",-0.591487260352148
"ENSG00000288536",-0.591665906775922
"ENSG00000105948",-0.591698967315901
"ENSG00000160194",-0.59175192248043
"ENSG00000234432",-0.591787366695741
"ENSG00000100297",-0.591803159463105
"ENSG00000273014",-0.591865072754929
"ENSG00000115226",-0.59196501352616
"ENSG00000182986",-0.592042346381926
"ENSG00000275902",-0.59207754369088
"ENSG00000021300",-0.592231185345462
"ENSG00000226666",-0.592343527984865
"ENSG00000114784",-0.592414308859254
"ENSG00000116747",-0.592529992491663
"ENSG00000184557",-0.592580680673956
"ENSG00000171033",-0.592716778073013
"ENSG00000164604",-0.593005705069124
"ENSG00000113282",-0.593119059070042
"ENSG00000140575",-0.593495855825694
"ENSG00000182791",-0.593559167128117
"ENSG00000101109",-0.593809982543139
"ENSG00000168591",-0.593932083860739
"ENSG00000197713",-0.593945601420289
"ENSG00000103266",-0.593952934276477
"ENSG00000148660",-0.594084736206066
"ENSG00000132467",-0.594113190428813
"ENSG00000124145",-0.594258451186802
"ENSG00000124786",-0.594333901901409
"ENSG00000243414",-0.59502969979343
"ENSG00000164244",-0.595032816730124
"ENSG00000285737",-0.595313091744913
"ENSG00000051620",-0.595404693525285
"ENSG00000197451",-0.595453293566081
"ENSG00000125952",-0.595482007364437
"ENSG00000101084",-0.595511728661651
"ENSG00000276260",-0.595516130483904
"ENSG00000149179",-0.595550265548182
"ENSG00000177542",-0.595589701944385
"ENSG00000164398",-0.59576179387303
"ENSG00000290466",-0.59577345846627
"ENSG00000175582",-0.595929511073515
"ENSG00000297783",-0.596025319094444
"ENSG00000068097",-0.596176272218108
"ENSG00000276529",-0.596227503866023
"ENSG00000259673",-0.596394104926191
"ENSG00000000419",-0.596677200096289
"ENSG00000198420",-0.596866635728245
"ENSG00000117614",-0.59694646235025
"ENSG00000253982",-0.597000312752416
"ENSG00000273793",-0.597103035973514
"ENSG00000110719",-0.597418968340825
"ENSG00000109118",-0.597639329474916
"ENSG00000186998",-0.597673711557458
"ENSG00000144306",-0.598094870536786
"ENSG00000122420",-0.598204584791705
"ENSG00000204682",-0.598224129335906
"ENSG00000279253",-0.598674882666166
"ENSG00000287037",-0.598761179663054
"ENSG00000124333",-0.599056776375641
"ENSG00000128923",-0.599072921846652
"ENSG00000148841",-0.599075524354007
"ENSG00000171823",-0.599149273599318
"ENSG00000104880",-0.599286772414411
"ENSG00000205090",-0.599317303350235
"ENSG00000146530",-0.599321672834646
"ENSG00000111846",-0.5994627803206
"ENSG00000153044",-0.599520135981726
"ENSG00000149925",-0.599565948649991
"ENSG00000121058",-0.599932220331498
"ENSG00000109062",-0.600090805039509
"ENSG00000129235",-0.600303914848672
"ENSG00000214253",-0.600312682970027
"ENSG00000293252",-0.600773342963371
"ENSG00000226248",-0.600951839470329
"ENSG00000121064",-0.6010456552993
"ENSG00000236383",-0.601388067418443
"ENSG00000171421",-0.601424804764279
"ENSG00000136156",-0.601767442565774
"ENSG00000102931",-0.601882929271529
"ENSG00000119383",-0.602028463791181
"ENSG00000076826",-0.602209895154827
"ENSG00000105393",-0.60224794078342
"ENSG00000130725",-0.602303805911147
"ENSG00000306197",-0.602314660226479
"ENSG00000099994",-0.602340271603008
"ENSG00000130816",-0.603276419330589
"ENSG00000278311",-0.603540249088227
"ENSG00000008283",-0.603607257907631
"ENSG00000173276",-0.603648574779402
"ENSG00000078269",-0.603883958062655
"ENSG00000274180",-0.604000552215724
"ENSG00000277840",-0.604062644688116
"ENSG00000184602",-0.604317460696077
"ENSG00000128699",-0.604464607925528
"ENSG00000184743",-0.604569213741079
"ENSG00000279059",-0.604812819764914
"ENSG00000282722",-0.60489220539834
"ENSG00000165863",-0.604917142197304
"ENSG00000027847",-0.604932891564872
"ENSG00000182919",-0.605149480561634
"ENSG00000278921",-0.605164376578094
"ENSG00000172345",-0.605269911380751
"ENSG00000140464",-0.60530449188689
"ENSG00000188906",-0.605499208908845
"ENSG00000155970",-0.605510605335315
"ENSG00000130520",-0.605742804886383
"ENSG00000153790",-0.605865327968869
"ENSG00000155093",-0.605916176499524
"ENSG00000165156",-0.605991824197082
"ENSG00000110881",-0.606200919971311
"ENSG00000158863",-0.606221156781431
"ENSG00000153531",-0.606268921777663
"ENSG00000132423",-0.606376712898104
"ENSG00000121621",-0.606481658286026
"ENSG00000251209",-0.606762694730218
"ENSG00000260136",-0.606792263652525
"ENSG00000166272",-0.607437916279737
"ENSG00000290791",-0.607630752785317
"ENSG00000255036",-0.607806382041398
"ENSG00000178184",-0.607867594277997
"ENSG00000169609",-0.607968455003981
"ENSG00000223874",-0.608238304257351
"ENSG00000144802",-0.608374006195545
"ENSG00000232119",-0.60851750542754
"ENSG00000214293",-0.60855703323699
"ENSG00000306875",-0.608651315556323
"ENSG00000198791",-0.609153815314623
"ENSG00000163811",-0.609162583332753
"ENSG00000159423",-0.609299927668371
"ENSG00000126756",-0.609439996983437
"ENSG00000276371",-0.609507442918197
"ENSG00000100106",-0.609535800979607
"ENSG00000122547",-0.609776228837085
"ENSG00000108468",-0.609832461766133
"ENSG00000183250",-0.610114415663245
"ENSG00000168938",-0.61012895259038
"ENSG00000148082",-0.610245747940304
"ENSG00000176978",-0.610393520867155
"ENSG00000163686",-0.610648565641372
"ENSG00000158195",-0.610699359852857
"ENSG00000275342",-0.610769993172263
"ENSG00000287315",-0.610921943948617
"ENSG00000169436",-0.611074445993617
"ENSG00000101940",-0.6112534017344
"ENSG00000183943",-0.611706070030091
"ENSG00000148296",-0.612036739172938
"ENSG00000156711",-0.612317761033623
"ENSG00000131188",-0.612973582736642
"ENSG00000171462",-0.613044457041794
"ENSG00000076356",-0.61315379475856
"ENSG00000096006",-0.613617293241189
"ENSG00000181396",-0.613815124754613
"ENSG00000135632",-0.613874729215407
"ENSG00000080815",-0.613912441597679
"ENSG00000051341",-0.613967846063232
"ENSG00000285427",-0.613969392076254
"ENSG00000065320",-0.614742893223422
"ENSG00000119509",-0.614912007760462
"ENSG00000135912",-0.614928507928073
"ENSG00000198464",-0.615074202869149
"ENSG00000205659",-0.615105391672098
"ENSG00000119138",-0.615241599109173
"ENSG00000166823",-0.615890617068011
"ENSG00000141452",-0.616095008663719
"ENSG00000050748",-0.616182745339985
"ENSG00000170779",-0.616255138349434
"ENSG00000276334",-0.616346705904487
"ENSG00000099940",-0.616430772701246
"ENSG00000183032",-0.61645754438381
"ENSG00000198715",-0.616649816835599
"ENSG00000118557",-0.616677957294559
"ENSG00000130649",-0.616819716365473
"ENSG00000175471",-0.616843370986446
"ENSG00000298107",-0.61703869678473
"ENSG00000139842",-0.617242436191638
"ENSG00000282988",-0.617273626176134
"ENSG00000259456",-0.617274351772038
"ENSG00000055044",-0.617512833007433
"ENSG00000088205",-0.61765310532667
"ENSG00000254685",-0.617834226493984
"ENSG00000138385",-0.617875654438027
"ENSG00000229167",-0.617968288867446
"ENSG00000183255",-0.618036450076953
"ENSG00000275074",-0.618198110957726
"ENSG00000272092",-0.618291440607975
"ENSG00000001461",-0.618320454548042
"ENSG00000259522",-0.618631157666759
"ENSG00000150995",-0.619016529385223
"ENSG00000162222",-0.619059610846859
"ENSG00000109775",-0.619112723989977
"ENSG00000197019",-0.61924298058921
"ENSG00000084207",-0.619340524088127
"ENSG00000131437",-0.619392979628714
"ENSG00000243629",-0.619431910213097
"ENSG00000228486",-0.619437401765733
"ENSG00000135677",-0.619561346449591
"ENSG00000144843",-0.619779708475004
"ENSG00000294418",-0.619843287022608
"ENSG00000168887",-0.619936669587549
"ENSG00000057252",-0.619956613794484
"ENSG00000241839",-0.620210219348381
"ENSG00000177885",-0.620215540725172
"ENSG00000267191",-0.620304762397032
"ENSG00000196154",-0.620330925516961
"ENSG00000204568",-0.620546622301543
"ENSG00000172819",-0.620775761057625
"ENSG00000267270",-0.620822674103086
"ENSG00000114491",-0.620864289611618
"ENSG00000124635",-0.620888939496457
"ENSG00000114450",-0.621278326766981
"ENSG00000258920",-0.621380843332096
"ENSG00000112339",-0.621506735226417
"ENSG00000133740",-0.621574077478603
"ENSG00000166788",-0.621728080181981
"ENSG00000303314",-0.621751750878714
"ENSG00000136367",-0.621847051681075
"ENSG00000296557",-0.621911841336353
"ENSG00000116771",-0.62192798158983
"ENSG00000180767",-0.622304985925143
"ENSG00000263011",-0.622644348077059
"ENSG00000164823",-0.622713277184226
"ENSG00000275873",-0.622798839880601
"ENSG00000110321",-0.622812079833311
"ENSG00000128039",-0.622830319302302
"ENSG00000168291",-0.623076423130635
"ENSG00000225138",-0.623116059674958
"ENSG00000182196",-0.623535020038101
"ENSG00000244055",-0.623548541554211
"ENSG00000293086",-0.623754326040362
"ENSG00000175938",-0.623759371792733
"ENSG00000291015",-0.623953242520546
"ENSG00000089737",-0.62404386033997
"ENSG00000121274",-0.624080660975609
"ENSG00000260293",-0.624171108540631
"ENSG00000020181",-0.624647610646733
"ENSG00000297649",-0.624817527888666
"ENSG00000108961",-0.624940712329464
"ENSG00000116525",-0.62504764564762
"ENSG00000136997",-0.625148499567119
"ENSG00000207425",-0.625249318725883
"ENSG00000284922",-0.6253238213483
"ENSG00000175352",-0.625339523390385
"ENSG00000125971",-0.62535906767525
"ENSG00000176853",-0.625444358358125
"ENSG00000243819",-0.625854305470347
"ENSG00000077348",-0.626005529766219
"ENSG00000264324",-0.626056888936959
"ENSG00000291156",-0.62623802703442
"ENSG00000161013",-0.626301134291256
"ENSG00000052795",-0.626327404607195
"ENSG00000224848",-0.626542397037011
"ENSG00000180089",-0.627040984583499
"ENSG00000159445",-0.627157241104295
"ENSG00000231770",-0.627169889778977
"ENSG00000265190",-0.627297152370478
"ENSG00000109065",-0.627430608915591
"ENSG00000287278",-0.627434673234
"ENSG00000271133",-0.62751764702189
"ENSG00000104872",-0.627867114127148
"ENSG00000276077",-0.628253271397424
"ENSG00000164305",-0.628302267529579
"ENSG00000106367",-0.628864375192198
"ENSG00000281903",-0.628939052216602
"ENSG00000197696",-0.629078154889651
"ENSG00000184408",-0.629089415223193
"ENSG00000090924",-0.629296970163234
"ENSG00000150401",-0.629366609040871
"ENSG00000301548",-0.629465194911499
"ENSG00000286431",-0.62949623595979
"ENSG00000173801",-0.629593667231339
"ENSG00000158417",-0.629694029238664
"ENSG00000124383",-0.629765756436371
"ENSG00000289843",-0.63003763978102
"ENSG00000310517",-0.63004389800395
"ENSG00000283078",-0.630321576209291
"ENSG00000185627",-0.630399825173283
"ENSG00000169129",-0.630405457240412
"ENSG00000254788",-0.630913757208001
"ENSG00000133398",-0.631287552103363
"ENSG00000178301",-0.631453076550653
"ENSG00000136942",-0.631497539698395
"ENSG00000136146",-0.631738068465457
"ENSG00000166326",-0.632413105516736
"ENSG00000293232",-0.632558327396869
"ENSG00000237188",-0.632616000066892
"ENSG00000137710",-0.632668669500507
"ENSG00000103534",-0.632756714506473
"ENSG00000168300",-0.632929629023077
"ENSG00000076258",-0.63298761141846
"ENSG00000204920",-0.633036573765697
"ENSG00000139131",-0.633315301196772
"ENSG00000171224",-0.633436453442442
"ENSG00000182810",-0.633771062590072
"ENSG00000231050",-0.633940948490307
"ENSG00000058063",-0.633943700086549
"ENSG00000162595",-0.634153269624467
"ENSG00000130783",-0.634257832970813
"ENSG00000148834",-0.634400836368592
"ENSG00000134419",-0.634598448728372
"ENSG00000171786",-0.634758864956484
"ENSG00000254999",-0.634815869466223
"ENSG00000223597",-0.634830837831702
"ENSG00000148672",-0.634897230194535
"ENSG00000105612",-0.635132897731439
"ENSG00000267475",-0.635322284082602
"ENSG00000103495",-0.635563456331863
"ENSG00000163362",-0.63567508924023
"ENSG00000187240",-0.635797799679246
"ENSG00000173914",-0.635821783325106
"ENSG00000255240",-0.636136603850744
"ENSG00000189433",-0.636189868527842
"ENSG00000130203",-0.636330043619787
"ENSG00000248774",-0.636513592061965
"ENSG00000187800",-0.636586411282228
"ENSG00000125877",-0.636704873593454
"ENSG00000111252",-0.636799535198337
"ENSG00000167863",-0.636925967634138
"ENSG00000133103",-0.637063362890401
"ENSG00000189114",-0.637180455999677
"ENSG00000226492",-0.637639301400439
"ENSG00000116984",-0.637898913798787
"ENSG00000168243",-0.637934575137672
"ENSG00000122417",-0.637951468542849
"ENSG00000309071",-0.63796678344882
"ENSG00000164292",-0.638202633731361
"ENSG00000180611",-0.638271735674273
"ENSG00000133794",-0.638463533025765
"ENSG00000101307",-0.638579483961029
"ENSG00000276230",-0.638797119590315
"ENSG00000116017",-0.638813276484676
"ENSG00000157110",-0.639053301644448
"ENSG00000067606",-0.639096873267206
"ENSG00000169955",-0.639493290720455
"ENSG00000065308",-0.639859427790795
"ENSG00000136870",-0.640506927790709
"ENSG00000228107",-0.6407009925066
"ENSG00000272189",-0.641131872932448
"ENSG00000184434",-0.641224622297438
"ENSG00000296251",-0.641450778269624
"ENSG00000250091",-0.641476020680067
"ENSG00000136448",-0.64160972291644
"ENSG00000156011",-0.641734381423522
"ENSG00000078237",-0.641833924622288
"ENSG00000279518",-0.642029183258337
"ENSG00000198780",-0.642034959894945
"ENSG00000156535",-0.642054789470167
"ENSG00000083454",-0.642082773093232
"ENSG00000301709",-0.642090904205422
"ENSG00000187608",-0.642108087943655
"ENSG00000307273",-0.642178538497106
"ENSG00000251503",-0.642436462983992
"ENSG00000263069",-0.642647044682622
"ENSG00000005469",-0.64270570248881
"ENSG00000132950",-0.642737875792758
"ENSG00000107175",-0.643520801550877
"ENSG00000273772",-0.643579856517762
"ENSG00000175110",-0.644170792984631
"ENSG00000008517",-0.644886957402202
"ENSG00000008282",-0.645126646507728
"ENSG00000106397",-0.645220485763207
"ENSG00000173825",-0.645358417982189
"ENSG00000258555",-0.645911119364598
"ENSG00000057663",-0.645940963591414
"ENSG00000116337",-0.646032746572163
"ENSG00000185100",-0.646069145792321
"ENSG00000302848",-0.646333750328626
"ENSG00000124614",-0.646746669838775
"ENSG00000292236",-0.646761326209034
"ENSG00000126432",-0.646880630484611
"ENSG00000267737",-0.647223227015153
"ENSG00000244005",-0.647226771065099
"ENSG00000163923",-0.647309341652765
"ENSG00000261061",-0.648388257331347
"ENSG00000197756",-0.648701960894166
"ENSG00000268222",-0.648704818876027
"ENSG00000271452",-0.648779400277554
"ENSG00000184209",-0.648913614378046
"ENSG00000080007",-0.649021508088352
"ENSG00000100625",-0.649190308613075
"ENSG00000231107",-0.649240032099075
"ENSG00000288817",-0.649429379730301
"ENSG00000172380",-0.64946684985458
"ENSG00000267809",-0.649591021438767
"ENSG00000136280",-0.650006694625098
"ENSG00000198131",-0.65010039977677
"ENSG00000079215",-0.650109312514571
"ENSG00000244198",-0.650490157854596
"ENSG00000278862",-0.650747846330544
"ENSG00000068078",-0.651011356449318
"ENSG00000156471",-0.651096982507894
"ENSG00000147124",-0.651295680984953
"ENSG00000135549",-0.651400534806068
"ENSG00000309375",-0.651449908029983
"ENSG00000249209",-0.651845566516375
"ENSG00000169371",-0.652036829678531
"ENSG00000136010",-0.652283933044505
"ENSG00000150667",-0.652617484578667
"ENSG00000116030",-0.652719922209668
"ENSG00000273117",-0.652768871868538
"ENSG00000103187",-0.653448732194505
"ENSG00000197275",-0.653692166455512
"ENSG00000168040",-0.654373176679189
"ENSG00000196968",-0.654384504906947
"ENSG00000068885",-0.654531571846684
"ENSG00000228208",-0.65471185693877
"ENSG00000131759",-0.654810673921577
"ENSG00000100823",-0.655027228425081
"ENSG00000174021",-0.655601759243661
"ENSG00000158062",-0.655604701092544
"ENSG00000172175",-0.655635175588203
"ENSG00000171793",-0.655856049710206
"ENSG00000125457",-0.655882409947672
"ENSG00000178922",-0.656009870911096
"ENSG00000019505",-0.656114232645912
"ENSG00000125352",-0.6562248856644
"ENSG00000198356",-0.656697954254131
"ENSG00000286549",-0.656738276186835
"ENSG00000135823",-0.656787866137377
"ENSG00000205488",-0.657647001486921
"ENSG00000065000",-0.658175867285725
"ENSG00000138160",-0.658256912957796
"ENSG00000166123",-0.658805823707779
"ENSG00000066405",-0.658953894676127
"ENSG00000198855",-0.658973642824511
"ENSG00000166508",-0.659161184060676
"ENSG00000145335",-0.659822434383706
"ENSG00000141385",-0.660087422999088
"ENSG00000104671",-0.660366685925307
"ENSG00000076924",-0.660524750910452
"ENSG00000163235",-0.660555659035848
"ENSG00000137274",-0.660928802199233
"ENSG00000105329",-0.661228071035998
"ENSG00000164125",-0.661499076406102
"ENSG00000134452",-0.661633772411689
"ENSG00000041357",-0.661893707564878
"ENSG00000025772",-0.662316839880665
"ENSG00000172270",-0.662328213370122
"ENSG00000164983",-0.662388978600027
"ENSG00000289386",-0.662706642983949
"ENSG00000221968",-0.66281643428966
"ENSG00000117016",-0.662843332914491
"ENSG00000104325",-0.663101896403664
"ENSG00000309745",-0.663480829196369
"ENSG00000278341",-0.663569680339575
"ENSG00000204228",-0.663571933504371
"ENSG00000065621",-0.664002415106834
"ENSG00000185630",-0.66419160763638
"ENSG00000198805",-0.664257863724703
"ENSG00000130764",-0.664365251611571
"ENSG00000167930",-0.664486355132711
"ENSG00000175467",-0.664697620134066
"ENSG00000120885",-0.664773236216156
"ENSG00000142623",-0.664809981390315
"ENSG00000293258",-0.665436037023012
"ENSG00000285250",-0.665481280787694
"ENSG00000275532",-0.665622578767486
"ENSG00000141933",-0.665660700895526
"ENSG00000183625",-0.665933785189087
"ENSG00000115590",-0.666008089540525
"ENSG00000173702",-0.666056244025458
"ENSG00000065526",-0.666276853457606
"ENSG00000139921",-0.666448982683677
"ENSG00000169570",-0.666459914307402
"ENSG00000170689",-0.666601084180376
"ENSG00000162852",-0.666697265114944
"ENSG00000167904",-0.666699728949641
"ENSG00000257704",-0.666789020262784
"ENSG00000100138",-0.666830626689485
"ENSG00000260001",-0.666934701179029
"ENSG00000156531",-0.667233232186478
"ENSG00000123144",-0.667243163676578
"ENSG00000103460",-0.667244559833277
"ENSG00000269176",-0.667320309100457
"ENSG00000205352",-0.667459431907321
"ENSG00000023839",-0.667506602880044
"ENSG00000065978",-0.667905661053364
"ENSG00000135900",-0.668084848392664
"ENSG00000167528",-0.668127179552537
"ENSG00000189334",-0.668285935740755
"ENSG00000111261",-0.668358833166932
"ENSG00000262728",-0.668408712090637
"ENSG00000145703",-0.668418253968508
"ENSG00000167775",-0.668482281341032
"ENSG00000224941",-0.668693890878427
"ENSG00000142453",-0.668791237722439
"ENSG00000180071",-0.66881150862027
"ENSG00000068615",-0.668824555555511
"ENSG00000187609",-0.668832620692851
"ENSG00000169926",-0.668857197083689
"ENSG00000157895",-0.668885809087429
"ENSG00000187546",-0.668952368724551
"ENSG00000282989",-0.669024682552542
"ENSG00000276774",-0.669213496188619
"ENSG00000163743",-0.669746325274001
"ENSG00000165376",-0.670314737744721
"ENSG00000171401",-0.67035297826299
"ENSG00000163131",-0.670444153339039
"ENSG00000277476",-0.670670662919249
"ENSG00000279369",-0.671203868561803
"ENSG00000269399",-0.671562271710314
"ENSG00000251664",-0.6716099348997
"ENSG00000177989",-0.671648818599683
"ENSG00000172331",-0.671652821305855
"ENSG00000213625",-0.67230744384833
"ENSG00000111144",-0.672325856754796
"ENSG00000274049",-0.672746963373445
"ENSG00000293573",-0.672876256566435
"ENSG00000289470",-0.672901462429863
"ENSG00000170876",-0.673068012651976
"ENSG00000204822",-0.673375225576969
"ENSG00000135451",-0.673444660523718
"ENSG00000164535",-0.673602525332726
"ENSG00000233396",-0.67377334024195
"ENSG00000277909",-0.673820031414041
"ENSG00000169189",-0.673860662539341
"ENSG00000273154",-0.674281368815209
"ENSG00000188859",-0.674636807072288
"ENSG00000296382",-0.674960033192408
"ENSG00000131876",-0.675019305722513
"ENSG00000171307",-0.675150138895421
"ENSG00000231863",-0.675211743466039
"ENSG00000007866",-0.675255821036246
"ENSG00000091436",-0.675260866495209
"ENSG00000137449",-0.675574157962871
"ENSG00000204262",-0.675784202765019
"ENSG00000186204",-0.67586255442615
"ENSG00000083750",-0.675958023312722
"ENSG00000109756",-0.676183371116257
"ENSG00000205913",-0.676239126566867
"ENSG00000279605",-0.676462807542671
"ENSG00000259940",-0.676464681323208
"ENSG00000213214",-0.676527538762828
"ENSG00000231021",-0.676734562412978
"ENSG00000023909",-0.676845853811157
"ENSG00000165775",-0.676911013562568
"ENSG00000115204",-0.677246981400796
"ENSG00000108479",-0.677386343827462
"ENSG00000183172",-0.677410954639637
"ENSG00000267559",-0.677433574308908
"ENSG00000293185",-0.677606690182284
"ENSG00000175348",-0.677637956290099
"ENSG00000164258",-0.677676553373644
"ENSG00000028203",-0.677709380881652
"ENSG00000155256",-0.677795495157817
"ENSG00000236449",-0.677902635386463
"ENSG00000196507",-0.677988857979554
"ENSG00000114209",-0.678037516197071
"ENSG00000171130",-0.67808551006755
"ENSG00000171246",-0.678113620087536
"ENSG00000119446",-0.678168902881576
"ENSG00000111752",-0.67833868260509
"ENSG00000184305",-0.678747087634448
"ENSG00000243199",-0.679160430692832
"ENSG00000278291",-0.679275254961061
"ENSG00000196352",-0.679362450127822
"ENSG00000160783",-0.679773988083749
"ENSG00000131115",-0.680079844787054
"ENSG00000280180",-0.680172109667219
"ENSG00000227827",-0.680303685331623
"ENSG00000196214",-0.680719983582282
"ENSG00000078668",-0.680929459989265
"ENSG00000100483",-0.681075160257319
"ENSG00000295667",-0.681262282370624
"ENSG00000143951",-0.681307396111583
"ENSG00000140526",-0.681424767944381
"ENSG00000108219",-0.681959262112333
"ENSG00000240057",-0.682343793724786
"ENSG00000221926",-0.682758166444467
"ENSG00000048162",-0.682781537064228
"ENSG00000126010",-0.682878603255978
"ENSG00000106052",-0.682892478512627
"ENSG00000154328",-0.683021213933098
"ENSG00000248905",-0.683152918890148
"ENSG00000181163",-0.683824315163881
"ENSG00000126653",-0.683855214145281
"ENSG00000164733",-0.683970995603549
"ENSG00000120699",-0.684671861957006
"ENSG00000177600",-0.684727064453217
"ENSG00000113312",-0.684768460843288
"ENSG00000130559",-0.685171720777028
"ENSG00000293600",-0.685548912106592
"ENSG00000223551",-0.685847815494652
"ENSG00000165215",-0.686076581984145
"ENSG00000119013",-0.686159528147627
"ENSG00000171603",-0.686349379038707
"ENSG00000179222",-0.686418324886616
"ENSG00000213015",-0.686554623579541
"ENSG00000133935",-0.686634936176779
"ENSG00000139168",-0.68671284058405
"ENSG00000114796",-0.686792521238761
"ENSG00000233008",-0.686938600558484
"ENSG00000171791",-0.687398808982635
"ENSG00000104490",-0.687453938139047
"ENSG00000019485",-0.687615246734208
"ENSG00000257315",-0.687673275735544
"ENSG00000141577",-0.687955909782836
"ENSG00000023287",-0.687995909699715
"ENSG00000108883",-0.68800166655196
"ENSG00000203688",-0.688108575541698
"ENSG00000176153",-0.688220888352283
"ENSG00000170962",-0.688286168167521
"ENSG00000130706",-0.688562482030711
"ENSG00000166024",-0.688790519925315
"ENSG00000293434",-0.68887441781121
"ENSG00000187624",-0.688909041833915
"ENSG00000204677",-0.688979314598211
"ENSG00000167483",-0.689022112108497
"ENSG00000228186",-0.689686925852445
"ENSG00000259583",-0.689807501923453
"ENSG00000142188",-0.689917994690216
"ENSG00000185129",-0.689936233192443
"ENSG00000236754",-0.690356992990824
"ENSG00000145982",-0.690435843566862
"ENSG00000115128",-0.690547144418778
"ENSG00000102302",-0.690600120638125
"ENSG00000170430",-0.690691355971843
"ENSG00000160752",-0.690701816921066
"ENSG00000109099",-0.69070541199591
"ENSG00000224870",-0.69071375276029
"ENSG00000184232",-0.690746041018906
"ENSG00000129226",-0.690853085064575
"ENSG00000111906",-0.691133070385127
"ENSG00000299996",-0.691146860038672
"ENSG00000232995",-0.691171228634215
"ENSG00000105221",-0.691190832322248
"ENSG00000173933",-0.691214931616046
"ENSG00000306779",-0.691352637804195
"ENSG00000070526",-0.691417990037083
"ENSG00000016402",-0.691420572141768
"ENSG00000140416",-0.691447468598907
"ENSG00000089053",-0.691465995516232
"ENSG00000289252",-0.691811031844692
"ENSG00000162910",-0.691889963502523
"ENSG00000179476",-0.691959018235728
"ENSG00000170310",-0.692302740718582
"ENSG00000182379",-0.692414033351764
"ENSG00000255150",-0.692561215678498
"ENSG00000150782",-0.693046917891125
"ENSG00000184787",-0.693056221760874
"ENSG00000010256",-0.69323461947817
"ENSG00000204386",-0.693258256808594
"ENSG00000254153",-0.693826616458957
"ENSG00000008513",-0.693928769250788
"ENSG00000134138",-0.693963983202813
"ENSG00000149923",-0.694071475015183
"ENSG00000099800",-0.694459775766895
"ENSG00000165309",-0.694518601481102
"ENSG00000198298",-0.694543108613814
"ENSG00000164543",-0.69455895771729
"ENSG00000279568",-0.695467959618583
"ENSG00000164654",-0.695668110149293
"ENSG00000095906",-0.695699468701353
"ENSG00000100300",-0.69620136001562
"ENSG00000173432",-0.696311836905039
"ENSG00000136014",-0.696322786705332
"ENSG00000103490",-0.69634090098319
"ENSG00000206140",-0.696536080164334
"ENSG00000304140",-0.696537770913493
"ENSG00000172057",-0.696766308542849
"ENSG00000070761",-0.696819534600661
"ENSG00000273542",-0.697019052177057
"ENSG00000307722",-0.697415080162518
"ENSG00000225339",-0.697732953509235
"ENSG00000124920",-0.697770369456334
"ENSG00000274843",-0.697865762440087
"ENSG00000154727",-0.697883912373602
"ENSG00000285725",-0.697990129026986
"ENSG00000017260",-0.698230695850271
"ENSG00000094755",-0.698443452850501
"ENSG00000242550",-0.698769904964914
"ENSG00000145050",-0.699027505658
"ENSG00000275807",-0.699035265840731
"ENSG00000226853",-0.699081512965027
"ENSG00000101057",-0.699258019280471
"ENSG00000137752",-0.699399224869734
"ENSG00000023697",-0.699531411640554
"ENSG00000040487",-0.700042550199067
"ENSG00000111897",-0.700426089904893
"ENSG00000291232",-0.700821349666483
"ENSG00000230732",-0.700948549847398
"ENSG00000133424",-0.701316361618567
"ENSG00000051128",-0.701467652734069
"ENSG00000280832",-0.701610963001175
"ENSG00000173141",-0.701675198114545
"ENSG00000246067",-0.701686259970109
"ENSG00000184254",-0.701744831479951
"ENSG00000289725",-0.701871009786447
"ENSG00000240682",-0.701900679436004
"ENSG00000267348",-0.702180746219145
"ENSG00000150787",-0.70262255582626
"ENSG00000139180",-0.702776586842434
"ENSG00000103316",-0.703100315892471
"ENSG00000116731",-0.703305796282767
"ENSG00000293843",-0.703551667949173
"ENSG00000292169",-0.703717864120651
"ENSG00000103064",-0.703769396952794
"ENSG00000153140",-0.703821343868538
"ENSG00000169714",-0.704025059380459
"ENSG00000215305",-0.704186233051036
"ENSG00000181804",-0.704287351403104
"ENSG00000165914",-0.704342589084365
"ENSG00000139626",-0.704482735766168
"ENSG00000230373",-0.704555231242062
"ENSG00000158864",-0.704873261910615
"ENSG00000105058",-0.704930231297483
"ENSG00000162704",-0.704974376972514
"ENSG00000196542",-0.705051497445714
"ENSG00000227053",-0.705147556361455
"ENSG00000134285",-0.705331050316041
"ENSG00000138078",-0.705402690028513
"ENSG00000147144",-0.705646544021848
"ENSG00000279443",-0.705853332827314
"ENSG00000187187",-0.705871800578532
"ENSG00000005194",-0.70600950788884
"ENSG00000166189",-0.706139428232249
"ENSG00000104915",-0.706270391417695
"ENSG00000273132",-0.706323445153748
"ENSG00000274811",-0.706394646090033
"ENSG00000101290",-0.706497490715079
"ENSG00000175756",-0.706556308992074
"ENSG00000002822",-0.706618811140837
"ENSG00000238107",-0.706759627947081
"ENSG00000226634",-0.706953175296077
"ENSG00000136842",-0.706997464376045
"ENSG00000150773",-0.707091704356713
"ENSG00000078124",-0.707158634270656
"ENSG00000129187",-0.7076317842807
"ENSG00000255135",-0.707972418558895
"ENSG00000159208",-0.708269184917247
"ENSG00000164180",-0.708342435121685
"ENSG00000056558",-0.708392725365977
"ENSG00000147437",-0.708442787696235
"ENSG00000185728",-0.708563237582778
"ENSG00000170571",-0.708631920409349
"ENSG00000173960",-0.708824208557919
"ENSG00000010165",-0.709440867014814
"ENSG00000083720",-0.709451248484509
"ENSG00000197771",-0.709519321411442
"ENSG00000110080",-0.70952949417388
"ENSG00000167113",-0.709625742671386
"ENSG00000163297",-0.709709436144865
"ENSG00000228589",-0.709811434977044
"ENSG00000263412",-0.70986671844093
"ENSG00000141753",-0.710047385474485
"ENSG00000062524",-0.710141508504659
"ENSG00000034713",-0.710159626583966
"ENSG00000111231",-0.710583195343147
"ENSG00000149418",-0.71081624336799
"ENSG00000198746",-0.71118850210674
"ENSG00000068400",-0.711233816257249
"ENSG00000258086",-0.711357981983637
"ENSG00000170445",-0.711405717575886
"ENSG00000144848",-0.711460421194111
"ENSG00000167617",-0.7117050468806
"ENSG00000213967",-0.711725460961013
"ENSG00000178776",-0.711763325107664
"ENSG00000171055",-0.711878923277618
"ENSG00000102543",-0.712402171525893
"ENSG00000107554",-0.712491165822152
"ENSG00000291096",-0.712712227657972
"ENSG00000184924",-0.713346163965884
"ENSG00000137393",-0.713449955340553
"ENSG00000197980",-0.713489968627484
"ENSG00000173467",-0.713639309126547
"ENSG00000002549",-0.713676093834737
"ENSG00000005810",-0.713701314518697
"ENSG00000152580",-0.71385827693307
"ENSG00000167862",-0.713958404344103
"ENSG00000130717",-0.714336761882237
"ENSG00000172421",-0.714347889952021
"ENSG00000275234",-0.714416700892448
"ENSG00000196365",-0.714715552833154
"ENSG00000188372",-0.714933474928257
"ENSG00000158435",-0.714999731440031
"ENSG00000105355",-0.715060407693624
"ENSG00000158201",-0.715082626334339
"ENSG00000184900",-0.715256850669374
"ENSG00000175054",-0.715608497080784
"ENSG00000172113",-0.715755229370831
"ENSG00000107021",-0.715894829112822
"ENSG00000196776",-0.716004971210979
"ENSG00000287023",-0.716047757288384
"ENSG00000168101",-0.716066298146263
"ENSG00000197170",-0.716173938277842
"ENSG00000135373",-0.716347402645998
"ENSG00000260552",-0.716724629311003
"ENSG00000100320",-0.716859485311167
"ENSG00000125875",-0.716894663306607
"ENSG00000102962",-0.716958985190704
"ENSG00000050165",-0.717200838113474
"ENSG00000100360",-0.717454054961582
"ENSG00000227816",-0.717599611239303
"ENSG00000249364",-0.718006499959772
"ENSG00000100211",-0.718548334361858
"ENSG00000138036",-0.719397661099862
"ENSG00000145284",-0.7194307869593
"ENSG00000147003",-0.719484833459646
"ENSG00000177822",-0.719540854210644
"ENSG00000163866",-0.719783106405879
"ENSG00000117475",-0.719945158803864
"ENSG00000147526",-0.720259608667969
"ENSG00000291113",-0.720321120305635
"ENSG00000006740",-0.72045781231122
"ENSG00000179021",-0.72049911153178
"ENSG00000133195",-0.720581196338237
"ENSG00000257167",-0.720951293537438
"ENSG00000188404",-0.721129624288704
"ENSG00000141376",-0.721581423325835
"ENSG00000291044",-0.722049343154823
"ENSG00000151414",-0.722151418405656
"ENSG00000101158",-0.722301147194821
"ENSG00000108379",-0.722525718476946
"ENSG00000277276",-0.722560994446761
"ENSG00000143742",-0.722561487735462
"ENSG00000170248",-0.722574343830591
"ENSG00000166401",-0.723191802125534
"ENSG00000140398",-0.723715454060136
"ENSG00000230072",-0.723747365658785
"ENSG00000105519",-0.723787612031256
"ENSG00000075131",-0.724105047646077
"ENSG00000170627",-0.724105671279181
"ENSG00000107295",-0.724257288101297
"ENSG00000132205",-0.724471101057379
"ENSG00000101464",-0.724618900185432
"ENSG00000271121",-0.724680630236108
"ENSG00000111639",-0.724720769444832
"ENSG00000174428",-0.725024230548219
"ENSG00000169914",-0.725159656888085
"ENSG00000167840",-0.725938815511018
"ENSG00000114904",-0.726020835531853
"ENSG00000293322",-0.726183670985607
"ENSG00000139364",-0.726289359216874
"ENSG00000102057",-0.726391464489191
"ENSG00000290896",-0.726526981519422
"ENSG00000279277",-0.726725217054418
"ENSG00000183889",-0.726864664773971
"ENSG00000166750",-0.727046277089089
"ENSG00000130724",-0.727154278797978
"ENSG00000229927",-0.727287188769363
"ENSG00000205464",-0.727966298701432
"ENSG00000300078",-0.728232188839036
"ENSG00000010319",-0.728402177122006
"ENSG00000106244",-0.728625837846512
"ENSG00000132341",-0.728733247593444
"ENSG00000279148",-0.728782307885104
"ENSG00000295329",-0.728829639278735
"ENSG00000049246",-0.728879859851725
"ENSG00000131116",-0.7289116864926
"ENSG00000248994",-0.7290525400142
"ENSG00000197782",-0.72930163138608
"ENSG00000261324",-0.729793224301787
"ENSG00000111196",-0.729803657610292
"ENSG00000104361",-0.729837493098365
"ENSG00000136238",-0.729952153812249
"ENSG00000173545",-0.730355644225916
"ENSG00000168275",-0.730395255034333
"ENSG00000116574",-0.730487333858858
"ENSG00000153485",-0.731056904252021
"ENSG00000226877",-0.73145620126844
"ENSG00000293478",-0.731466109519634
"ENSG00000114268",-0.731478203507364
"ENSG00000168078",-0.731696910887733
"ENSG00000137200",-0.732110481931566
"ENSG00000142082",-0.732119511829217
"ENSG00000156299",-0.732270287084487
"ENSG00000114739",-0.732700578336699
"ENSG00000161016",-0.73286068793329
"ENSG00000294399",-0.732923902531216
"ENSG00000156831",-0.733292791412836
"ENSG00000140307",-0.73347347308714
"ENSG00000153179",-0.733595436202888
"ENSG00000150316",-0.73373968670978
"ENSG00000100577",-0.733760207781506
"ENSG00000142396",-0.734492459520581
"ENSG00000132842",-0.734511195894114
"ENSG00000013375",-0.734583778770353
"ENSG00000260698",-0.734710942582748
"ENSG00000136827",-0.734756917579347
"ENSG00000293688",-0.73528465501251
"ENSG00000115525",-0.735426927866048
"ENSG00000251361",-0.735857097178608
"ENSG00000291008",-0.736123547084419
"ENSG00000065989",-0.736126354269437
"ENSG00000293315",-0.736165054585266
"ENSG00000294279",-0.736221834717265
"ENSG00000224687",-0.73635452281615
"ENSG00000144476",-0.736829744160759
"ENSG00000253477",-0.736885191929716
"ENSG00000183696",-0.736933722673768
"ENSG00000105993",-0.73705479924
"ENSG00000179528",-0.737203657585892
"ENSG00000151575",-0.737506691884534
"ENSG00000196172",-0.737630421709056
"ENSG00000269086",-0.73770326658033
"ENSG00000173261",-0.737887033137161
"ENSG00000125826",-0.738018093157689
"ENSG00000112039",-0.738187317365686
"ENSG00000176046",-0.738272777413366
"ENSG00000130024",-0.738600299443296
"ENSG00000196663",-0.738753832272805
"ENSG00000282813",-0.738826634779091
"ENSG00000165304",-0.738882196691165
"ENSG00000273841",-0.73907119844478
"ENSG00000180801",-0.73933092638037
"ENSG00000140105",-0.739365490469822
"ENSG00000001497",-0.739488452696963
"ENSG00000183760",-0.739664314720769
"ENSG00000129646",-0.739912110758315
"ENSG00000273045",-0.739989453813236
"ENSG00000232725",-0.740088504455955
"ENSG00000025434",-0.740701036046865
"ENSG00000136450",-0.740926092959686
"ENSG00000294115",-0.741025002097027
"ENSG00000272077",-0.741140139146021
"ENSG00000132541",-0.741258718378772
"ENSG00000303734",-0.741330490772603
"ENSG00000130349",-0.741661618275215
"ENSG00000148300",-0.741737663037203
"ENSG00000116459",-0.74190183400182
"ENSG00000198682",-0.742145492478554
"ENSG00000279145",-0.742516449818029
"ENSG00000188266",-0.742551685201856
"ENSG00000291206",-0.742557515610652
"ENSG00000151917",-0.742705190655315
"ENSG00000181227",-0.742885983753232
"ENSG00000164114",-0.74340379842371
"ENSG00000138029",-0.744865799825357
"ENSG00000158526",-0.744959493271045
"ENSG00000143164",-0.745147787939538
"ENSG00000228566",-0.745397581241645
"ENSG00000129484",-0.74585107866691
"ENSG00000205084",-0.746141799981527
"ENSG00000069345",-0.747025224204237
"ENSG00000242575",-0.747027876790069
"ENSG00000214145",-0.747103024873484
"ENSG00000156587",-0.747143480750868
"ENSG00000204922",-0.747178822134769
"ENSG00000299263",-0.747316342859361
"ENSG00000158315",-0.747335852275173
"ENSG00000117226",-0.747902008924517
"ENSG00000237292",-0.747977244988479
"ENSG00000117713",-0.748044168738622
"ENSG00000173889",-0.748049764533482
"ENSG00000272661",-0.748556937611387
"ENSG00000174718",-0.74874848061306
"ENSG00000235300",-0.748757983043265
"ENSG00000228801",-0.748895444076578
"ENSG00000307104",-0.748958783525657
"ENSG00000258102",-0.748981396409321
"ENSG00000274070",-0.749372303471354
"ENSG00000108599",-0.749481596005081
"ENSG00000293989",-0.749545416225399
"ENSG00000169862",-0.749849002572067
"ENSG00000164068",-0.749949408294078
"ENSG00000234477",-0.75001975529818
"ENSG00000175334",-0.750073797929081
"ENSG00000133678",-0.750163984733777
"ENSG00000182326",-0.750223752598113
"ENSG00000171121",-0.750797329126401
"ENSG00000068394",-0.750894807656168
"ENSG00000160613",-0.7508981022284
"ENSG00000189046",-0.751450237003952
"ENSG00000277222",-0.751882919453583
"ENSG00000204681",-0.752103754857817
"ENSG00000147677",-0.75224170140093
"ENSG00000104129",-0.752244474508374
"ENSG00000299077",-0.75312681526576
"ENSG00000225855",-0.753232549160403
"ENSG00000161091",-0.753435052239742
"ENSG00000120333",-0.753481658353972
"ENSG00000180098",-0.753592166518369
"ENSG00000248101",-0.75368560598297
"ENSG00000054277",-0.75372353800073
"ENSG00000108590",-0.754012063177517
"ENSG00000287558",-0.754015996604637
"ENSG00000184371",-0.754190071722097
"ENSG00000144747",-0.754256665052811
"ENSG00000223891",-0.754488439755812
"ENSG00000290930",-0.754631032135665
"ENSG00000289968",-0.754643265049867
"ENSG00000272277",-0.754655038902547
"ENSG00000112773",-0.754790599244785
"ENSG00000006625",-0.754819200743115
"ENSG00000173692",-0.754860803060608
"ENSG00000162390",-0.754996505032222
"ENSG00000158089",-0.75501848191058
"ENSG00000177706",-0.755054511500865
"ENSG00000165240",-0.755059170506249
"ENSG00000077942",-0.755061465963058
"ENSG00000276561",-0.755129619082759
"ENSG00000119203",-0.755150635850298
"ENSG00000171155",-0.75563808165452
"ENSG00000231826",-0.755710666046882
"ENSG00000136235",-0.755767419033484
"ENSG00000119401",-0.755860299354414
"ENSG00000250266",-0.756431247258613
"ENSG00000149136",-0.756445542676964
"ENSG00000198874",-0.756653784709523
"ENSG00000234694",-0.756676992808071
"ENSG00000285641",-0.757043515641198
"ENSG00000128274",-0.757081666318035
"ENSG00000227772",-0.757187227740925
"ENSG00000214194",-0.757261736182637
"ENSG00000236810",-0.75730227555145
"ENSG00000272172",-0.75760804550256
"ENSG00000261799",-0.757703116822913
"ENSG00000234507",-0.75771055888231
"ENSG00000196189",-0.758002078231207
"ENSG00000249740",-0.758067744214064
"ENSG00000272518",-0.75840203990684
"ENSG00000164830",-0.758739560062835
"ENSG00000206280",-0.759159996912524
"ENSG00000206562",-0.759590156649211
"ENSG00000100461",-0.759645915370927
"ENSG00000198265",-0.759649227739391
"ENSG00000288937",-0.759658577890725
"ENSG00000278615",-0.759681010551744
"ENSG00000188064",-0.759929201826516
"ENSG00000143412",-0.759942011118943
"ENSG00000248092",-0.760002372788779
"ENSG00000163374",-0.760055986782969
"ENSG00000115365",-0.760232517312705
"ENSG00000139515",-0.760471004925687
"ENSG00000293610",-0.760564146128974
"ENSG00000138386",-0.760565974639957
"ENSG00000215712",-0.76092684381059
"ENSG00000164611",-0.761001480989223
"ENSG00000235904",-0.761017647879015
"ENSG00000186106",-0.761116817831897
"ENSG00000112406",-0.761806806574262
"ENSG00000172775",-0.762007798277002
"ENSG00000272273",-0.762076327757768
"ENSG00000105258",-0.762195368947875
"ENSG00000138032",-0.762259766540261
"ENSG00000281348",-0.762586822642779
"ENSG00000180185",-0.762595587103656
"ENSG00000141219",-0.76280352261302
"ENSG00000283782",-0.762882533336291
"ENSG00000136045",-0.762936359473649
"ENSG00000070770",-0.763390405188876
"ENSG00000081059",-0.763633119054316
"ENSG00000293271",-0.764184852055103
"ENSG00000051825",-0.764240752976418
"ENSG00000143942",-0.76453165248104
"ENSG00000198961",-0.764584149122505
"ENSG00000167654",-0.764590821030911
"ENSG00000117410",-0.76463520283398
"ENSG00000023516",-0.76473861989656
"ENSG00000302483",-0.765386329663145
"ENSG00000166821",-0.765463539984109
"ENSG00000119737",-0.766199265361148
"ENSG00000131435",-0.766306140570502
"ENSG00000189266",-0.766386528468901
"ENSG00000137513",-0.766613865453088
"ENSG00000166451",-0.767187103804849
"ENSG00000145685",-0.767192417138712
"ENSG00000153132",-0.767283588836381
"ENSG00000241484",-0.767305330763891
"ENSG00000167552",-0.767440572131377
"ENSG00000005339",-0.767501756176605
"ENSG00000272902",-0.767571552675029
"ENSG00000153363",-0.767708025167171
"ENSG00000185825",-0.76783540886113
"ENSG00000289860",-0.768270295525763
"ENSG00000140323",-0.768405531039103
"ENSG00000278970",-0.768442166726178
"ENSG00000204267",-0.768526181126389
"ENSG00000229950",-0.768873117863809
"ENSG00000006128",-0.768881257667086
"ENSG00000205981",-0.769093967287119
"ENSG00000299591",-0.769150085387129
"ENSG00000116717",-0.769257587389235
"ENSG00000228594",-0.769282137489935
"ENSG00000276033",-0.769326446742702
"ENSG00000266256",-0.769375091691848
"ENSG00000167526",-0.769456761085852
"ENSG00000196549",-0.769771760741574
"ENSG00000287916",-0.769946128142356
"ENSG00000138621",-0.769981642611422
"ENSG00000226882",-0.770001919058873
"ENSG00000234846",-0.770040052015106
"ENSG00000170044",-0.770065751927767
"ENSG00000161955",-0.770076028982734
"ENSG00000102452",-0.770504206309131
"ENSG00000291131",-0.770520501985735
"ENSG00000164081",-0.771123656527674
"ENSG00000186575",-0.771150333294556
"ENSG00000113595",-0.771258644062388
"ENSG00000263235",-0.771415496293984
"ENSG00000165698",-0.771436607927116
"ENSG00000230148",-0.771665961033417
"ENSG00000005884",-0.771939092714655
"ENSG00000135636",-0.772082767401467
"ENSG00000138443",-0.772159343511015
"ENSG00000151914",-0.772185124108839
"ENSG00000279406",-0.772348784101947
"ENSG00000126947",-0.772489023687453
"ENSG00000100744",-0.772953741587656
"ENSG00000275713",-0.773170603482074
"ENSG00000092758",-0.773207739867166
"ENSG00000110619",-0.77343607274474
"ENSG00000132676",-0.773623379766364
"ENSG00000249746",-0.773715215402694
"ENSG00000197965",-0.773789788443378
"ENSG00000083807",-0.773820972860793
"ENSG00000160211",-0.773956406354217
"ENSG00000216490",-0.774028067579737
"ENSG00000156239",-0.774091916891932
"ENSG00000120875",-0.774255098794256
"ENSG00000104267",-0.774257440115276
"ENSG00000138079",-0.77438374011014
"ENSG00000171552",-0.77438668526592
"ENSG00000074410",-0.774511083467633
"ENSG00000266754",-0.774634008695813
"ENSG00000177993",-0.774780523962194
"ENSG00000149948",-0.77478384860597
"ENSG00000299022",-0.775367069389387
"ENSG00000166106",-0.775747202551851
"ENSG00000106538",-0.775844896058884
"ENSG00000273831",-0.775940082247826
"ENSG00000225748",-0.776052699385914
"ENSG00000095380",-0.776162267910238
"ENSG00000162300",-0.77622619001303
"ENSG00000122406",-0.776596177710429
"ENSG00000288934",-0.776721600004976
"ENSG00000120328",-0.777307526417315
"ENSG00000186526",-0.777495848526854
"ENSG00000266896",-0.777608213864001
"ENSG00000082512",-0.777813688387916
"ENSG00000181638",-0.777862127095695
"ENSG00000169299",-0.777924036859211
"ENSG00000138433",-0.778207451583059
"ENSG00000103257",-0.778863503725278
"ENSG00000218357",-0.779006260938552
"ENSG00000166595",-0.779069885629646
"ENSG00000124155",-0.779129291995317
"ENSG00000309796",-0.779193253874871
"ENSG00000134480",-0.779202832022779
"ENSG00000183513",-0.779583095133326
"ENSG00000106266",-0.78013617697783
"ENSG00000102893",-0.780214060533675
"ENSG00000140553",-0.780680688594638
"ENSG00000272894",-0.780683436365271
"ENSG00000282393",-0.780705672456369
"ENSG00000205155",-0.780836321177669
"ENSG00000126003",-0.78114636839153
"ENSG00000050393",-0.781176676114497
"ENSG00000090061",-0.781425872882104
"ENSG00000164022",-0.781477636027054
"ENSG00000157916",-0.781584160216351
"ENSG00000074071",-0.781796667643748
"ENSG00000092201",-0.782041250035738
"ENSG00000204348",-0.782298867359299
"ENSG00000108309",-0.782425259668875
"ENSG00000198146",-0.782928590665663
"ENSG00000174903",-0.782987927743239
"ENSG00000172728",-0.783021430423875
"ENSG00000164794",-0.783045124247564
"ENSG00000174917",-0.783471277971281
"ENSG00000154719",-0.78360827870921
"ENSG00000125257",-0.783740438785427
"ENSG00000154655",-0.783964086681512
"ENSG00000148053",-0.784152803295648
"ENSG00000271643",-0.784583294245623
"ENSG00000109066",-0.784656341964578
"ENSG00000061656",-0.78478638573627
"ENSG00000090776",-0.784814900491428
"ENSG00000136938",-0.784999526426231
"ENSG00000105011",-0.78510153108473
"ENSG00000156869",-0.785386861661225
"ENSG00000011405",-0.785468154819368
"ENSG00000170791",-0.785571973178007
"ENSG00000263620",-0.785612740107396
"ENSG00000155026",-0.785900761788306
"ENSG00000142178",-0.786276231213789
"ENSG00000274265",-0.786343004460076
"ENSG00000273397",-0.78664700905865
"ENSG00000069974",-0.786794195386648
"ENSG00000182057",-0.786881997301812
"ENSG00000109917",-0.786972238680693
"ENSG00000123609",-0.787384318570797
"ENSG00000162885",-0.787466773488624
"ENSG00000138303",-0.787587812597724
"ENSG00000136878",-0.787655502751571
"ENSG00000262823",-0.787942381417291
"ENSG00000300387",-0.788150521796388
"ENSG00000298634",-0.788384924749067
"ENSG00000289289",-0.788445251990039
"ENSG00000026103",-0.788510969621496
"ENSG00000106560",-0.788585490992128
"ENSG00000127955",-0.788638305952761
"ENSG00000249898",-0.78868428025904
"ENSG00000109323",-0.789106787525884
"ENSG00000151692",-0.789171736001723
"ENSG00000126267",-0.789504679671525
"ENSG00000164930",-0.789846448800587
"ENSG00000166263",-0.789899141641646
"ENSG00000127528",-0.789967244460144
"ENSG00000162444",-0.790049776887674
"ENSG00000257086",-0.790138637431469
"ENSG00000197283",-0.790163909724697
"ENSG00000132155",-0.790166693746029
"ENSG00000188878",-0.790317194835165
"ENSG00000214717",-0.790330981673592
"ENSG00000175895",-0.790796771714039
"ENSG00000109971",-0.790966267575501
"ENSG00000137267",-0.791224192782304
"ENSG00000090520",-0.791310225682419
"ENSG00000135048",-0.791435159005251
"ENSG00000275482",-0.791466113137814
"ENSG00000160993",-0.791704725228258
"ENSG00000103657",-0.791999842399319
"ENSG00000015676",-0.792087176280458
"ENSG00000090006",-0.792091014232507
"ENSG00000187514",-0.792138212834251
"ENSG00000144331",-0.792229242021151
"ENSG00000141013",-0.793003395353603
"ENSG00000158427",-0.793140624739006
"ENSG00000151012",-0.793506752637052
"ENSG00000293664",-0.793888248307169
"ENSG00000109534",-0.794080134965615
"ENSG00000125835",-0.794133789746722
"ENSG00000187239",-0.794169770807
"ENSG00000103089",-0.794178938065817
"ENSG00000289238",-0.794180130178467
"ENSG00000073756",-0.794215653234596
"ENSG00000300534",-0.79426432532926
"ENSG00000097021",-0.794569945330691
"ENSG00000241743",-0.794751207547676
"ENSG00000241127",-0.794947553781409
"ENSG00000168924",-0.795167607930738
"ENSG00000259985",-0.795580327318484
"ENSG00000100129",-0.795919365839385
"ENSG00000179958",-0.796059218460394
"ENSG00000182054",-0.796080154061296
"ENSG00000144029",-0.796243398653795
"ENSG00000064102",-0.796290417692178
"ENSG00000089127",-0.796657275410523
"ENSG00000280064",-0.797233481618845
"ENSG00000272870",-0.797609525556812
"ENSG00000164076",-0.797709859247539
"ENSG00000159231",-0.797814452862523
"ENSG00000272325",-0.798772600997485
"ENSG00000148200",-0.798916649295053
"ENSG00000276053",-0.799159900416871
"ENSG00000233942",-0.799651082858372
"ENSG00000250387",-0.799945748243655
"ENSG00000112306",-0.800017717597225
"ENSG00000063854",-0.800162735684646
"ENSG00000103510",-0.800906720670576
"ENSG00000283809",-0.80091382131249
"ENSG00000150991",-0.801517768135911
"ENSG00000131828",-0.801724448449572
"ENSG00000057704",-0.801906583127708
"ENSG00000177733",-0.802054451738042
"ENSG00000122012",-0.802170788477087
"ENSG00000301478",-0.802659333349128
"ENSG00000078369",-0.803011898944957
"ENSG00000152082",-0.803537773686504
"ENSG00000100526",-0.803608591133688
"ENSG00000142609",-0.80373483817552
"ENSG00000234076",-0.803872457420684
"ENSG00000227669",-0.803910192352134
"ENSG00000156256",-0.804003798078856
"ENSG00000123600",-0.804123322883297
"ENSG00000240405",-0.804193338891178
"ENSG00000223752",-0.804612980056539
"ENSG00000160131",-0.804628623879439
"ENSG00000124562",-0.804667058680622
"ENSG00000106006",-0.804989744179841
"ENSG00000114853",-0.805288213863281
"ENSG00000117620",-0.805719445160239
"ENSG00000134339",-0.805753683967242
"ENSG00000101220",-0.805851346791261
"ENSG00000197956",-0.805917314076061
"ENSG00000106615",-0.806042831283534
"ENSG00000236778",-0.806338239969565
"ENSG00000179583",-0.806339126230095
"ENSG00000116251",-0.806407813725637
"ENSG00000105245",-0.806408198312922
"ENSG00000146802",-0.806513040602816
"ENSG00000165943",-0.806594646306668
"ENSG00000115935",-0.806596213473691
"ENSG00000141562",-0.806628792261637
"ENSG00000056972",-0.806650469245844
"ENSG00000156795",-0.807254053165137
"ENSG00000168734",-0.80783368760628
"ENSG00000272047",-0.807841742788235
"ENSG00000138111",-0.807911750967734
"ENSG00000134597",-0.80794376734254
"ENSG00000154639",-0.808115276206166
"ENSG00000107796",-0.808249990670883
"ENSG00000163155",-0.80826072393106
"ENSG00000253505",-0.808394456596159
"ENSG00000164749",-0.80840506825925
"ENSG00000130772",-0.808865429437233
"ENSG00000245017",-0.808984025704292
"ENSG00000138439",-0.809188339605048
"ENSG00000197182",-0.809238647653219
"ENSG00000129355",-0.809429061170075
"ENSG00000249102",-0.810133520066945
"ENSG00000294276",-0.810698904097103
"ENSG00000167994",-0.810907359213531
"ENSG00000168958",-0.811097181497063
"ENSG00000166313",-0.811204621322142
"ENSG00000156413",-0.811223720972448
"ENSG00000272540",-0.811238959236279
"ENSG00000169760",-0.811335161176774
"ENSG00000139865",-0.811628056441487
"ENSG00000198792",-0.811660000437776
"ENSG00000135439",-0.811886947728461
"ENSG00000166562",-0.812059849120743
"ENSG00000189431",-0.812223406749118
"ENSG00000168778",-0.812350445261917
"ENSG00000137691",-0.81246411416115
"ENSG00000102241",-0.812476477001885
"ENSG00000236137",-0.812589860516629
"ENSG00000228775",-0.812661045513805
"ENSG00000135390",-0.812664931407049
"ENSG00000163956",-0.812676955676511
"ENSG00000163346",-0.812799481066797
"ENSG00000196482",-0.812893946764545
"ENSG00000248592",-0.812975413647312
"ENSG00000112659",-0.813059352726134
"ENSG00000161395",-0.813146547233701
"ENSG00000111845",-0.813638799202137
"ENSG00000182552",-0.813731905763015
"ENSG00000143578",-0.813922219800627
"ENSG00000004534",-0.813989583856518
"ENSG00000249476",-0.814471657464783
"ENSG00000196967",-0.814930209874651
"ENSG00000121089",-0.815107814948339
"ENSG00000174567",-0.81566965453937
"ENSG00000236859",-0.815674921167936
"ENSG00000275118",-0.81579828240249
"ENSG00000155085",-0.816285260050347
"ENSG00000289740",-0.816294058481564
"ENSG00000293678",-0.816763343448275
"ENSG00000227959",-0.816836786772096
"ENSG00000130560",-0.816849834212582
"ENSG00000170835",-0.816865797780776
"ENSG00000112584",-0.817269925513189
"ENSG00000099338",-0.817299668513786
"ENSG00000165733",-0.817543271074907
"ENSG00000115041",-0.817635079582662
"ENSG00000229656",-0.817693361930707
"ENSG00000282685",-0.818303853753853
"ENSG00000260032",-0.81852085753973
"ENSG00000099795",-0.81863182194442
"ENSG00000105392",-0.818849791099527
"ENSG00000213221",-0.818915580193194
"ENSG00000133393",-0.819002540688921
"ENSG00000288922",-0.819371736871259
"ENSG00000101945",-0.819380745274681
"ENSG00000213190",-0.819509290469063
"ENSG00000134575",-0.819527734497895
"ENSG00000172336",-0.819662309131194
"ENSG00000152669",-0.81974447292394
"ENSG00000157796",-0.820116899431426
"ENSG00000134758",-0.820683180637651
"ENSG00000179104",-0.820815954883436
"ENSG00000175376",-0.821071704164749
"ENSG00000106565",-0.82119025590519
"ENSG00000143401",-0.821254785507008
"ENSG00000118007",-0.821658578392226
"ENSG00000183648",-0.82189848439864
"ENSG00000103253",-0.822010118849553
"ENSG00000178921",-0.822224305161153
"ENSG00000249242",-0.822329844406016
"ENSG00000162191",-0.82254903505265
"ENSG00000126746",-0.822989045994303
"ENSG00000116266",-0.823574005540324
"ENSG00000100592",-0.823647416762641
"ENSG00000163879",-0.823652659683534
"ENSG00000295209",-0.823827888082981
"ENSG00000165650",-0.824017196524314
"ENSG00000155115",-0.824336366617521
"ENSG00000168566",-0.82446928991777
"ENSG00000267665",-0.824546363780798
"ENSG00000298931",-0.824963156979772
"ENSG00000281234",-0.825043916655641
"ENSG00000172167",-0.825312563113334
"ENSG00000115461",-0.825388804002118
"ENSG00000137770",-0.82562836713719
"ENSG00000296911",-0.825820118775544
"ENSG00000119487",-0.82609536151809
"ENSG00000250565",-0.826260527153861
"ENSG00000145632",-0.826471839712982
"ENSG00000074696",-0.826630796920117
"ENSG00000205542",-0.826640509210184
"ENSG00000186792",-0.826803255671168
"ENSG00000174607",-0.827440885355771
"ENSG00000115446",-0.827570176374745
"ENSG00000249915",-0.828127036889037
"ENSG00000150756",-0.82828026286348
"ENSG00000223546",-0.828737003982279
"ENSG00000134278",-0.82882939982229
"ENSG00000305635",-0.828921259291879
"ENSG00000285508",-0.829063625155905
"ENSG00000124508",-0.829121686746637
"ENSG00000278563",-0.829212020603055
"ENSG00000067182",-0.83001157118275
"ENSG00000309998",-0.830163905661491
"ENSG00000165632",-0.830204945975176
"ENSG00000165264",-0.83041168644991
"ENSG00000212724",-0.830453549628907
"ENSG00000137821",-0.830460829322813
"ENSG00000196605",-0.830629378712438
"ENSG00000078674",-0.830782526486444
"ENSG00000184992",-0.830785908167546
"ENSG00000151876",-0.830802503958351
"ENSG00000171862",-0.83099991626271
"ENSG00000267575",-0.831289589481846
"ENSG00000100216",-0.831391471158121
"ENSG00000249602",-0.831612895402638
"ENSG00000157191",-0.832026371386046
"ENSG00000238000",-0.832034108754675
"ENSG00000074590",-0.832463989896001
"ENSG00000172428",-0.832626602577328
"ENSG00000077097",-0.832791528246302
"ENSG00000228192",-0.833610864306139
"ENSG00000286355",-0.833616506205785
"ENSG00000157450",-0.834611885421861
"ENSG00000197943",-0.834738676054835
"ENSG00000118705",-0.835243691833885
"ENSG00000100271",-0.835564202762409
"ENSG00000186868",-0.835737136887971
"ENSG00000261351",-0.836001424747223
"ENSG00000158109",-0.836399145564103
"ENSG00000143067",-0.836702913973898
"ENSG00000272831",-0.837091278461168
"ENSG00000118640",-0.837381291214802
"ENSG00000116489",-0.837573389701973
"ENSG00000152240",-0.837653268942309
"ENSG00000275765",-0.837704543778766
"ENSG00000124102",-0.838009435117541
"ENSG00000117791",-0.838017494617598
"ENSG00000184489",-0.838018511963887
"ENSG00000170846",-0.838177686034012
"ENSG00000198835",-0.838287693089297
"ENSG00000154945",-0.838587459234284
"ENSG00000266680",-0.838953747502935
"ENSG00000135951",-0.838966852136133
"ENSG00000132639",-0.839113569744656
"ENSG00000096746",-0.839329884347382
"ENSG00000132294",-0.839515381664126
"ENSG00000069535",-0.839551082821504
"ENSG00000148290",-0.83974995620225
"ENSG00000138101",-0.839787856888335
"ENSG00000100429",-0.839864591179619
"ENSG00000291146",-0.840108585639177
"ENSG00000178035",-0.840363498874731
"ENSG00000237248",-0.840654005316779
"ENSG00000185088",-0.841149145154403
"ENSG00000181856",-0.841849690578535
"ENSG00000167807",-0.842017597225552
"ENSG00000290380",-0.842328367010092
"ENSG00000034533",-0.842392251048115
"ENSG00000292094",-0.842472811472751
"ENSG00000119943",-0.842617746269632
"ENSG00000198189",-0.8426565402033
"ENSG00000118418",-0.842707045995316
"ENSG00000275457",-0.84362817364303
"ENSG00000137767",-0.843831942530597
"ENSG00000146243",-0.844006846090218
"ENSG00000146386",-0.844069389520447
"ENSG00000197816",-0.844232099165257
"ENSG00000164758",-0.844552058277586
"ENSG00000235954",-0.844570694093688
"ENSG00000122641",-0.844640541773204
"ENSG00000111802",-0.845116111157857
"ENSG00000089876",-0.845972791868443
"ENSG00000171532",-0.846241154901368
"ENSG00000259697",-0.846571660241057
"ENSG00000285408",-0.846651421306148
"ENSG00000174206",-0.846829253919152
"ENSG00000226124",-0.847551751505578
"ENSG00000134590",-0.847564814236913
"ENSG00000187676",-0.847593602327882
"ENSG00000174586",-0.84785849014142
"ENSG00000269893",-0.848147201692162
"ENSG00000133818",-0.848225131449383
"ENSG00000169020",-0.848725148141802
"ENSG00000078061",-0.848732838831989
"ENSG00000011347",-0.84888803222263
"ENSG00000246273",-0.849112687199796
"ENSG00000147123",-0.849523625345288
"ENSG00000290569",-0.849742080783996
"ENSG00000037637",-0.849864808965532
"ENSG00000139209",-0.849941085896078
"ENSG00000182378",-0.850074720167572
"ENSG00000115459",-0.850228210480489
"ENSG00000196205",-0.850247160142648
"ENSG00000164253",-0.850323735999282
"ENSG00000163344",-0.85047533348176
"ENSG00000092529",-0.850702948040028
"ENSG00000105568",-0.851352006163689
"ENSG00000302689",-0.851361771511712
"ENSG00000136247",-0.852306375306195
"ENSG00000183066",-0.852309392212722
"ENSG00000267618",-0.852596061367238
"ENSG00000278023",-0.852774660486332
"ENSG00000143222",-0.85283358956834
"ENSG00000237819",-0.853363145714966
"ENSG00000213694",-0.853410924847177
"ENSG00000224945",-0.853690890489672
"ENSG00000118046",-0.853992887029753
"ENSG00000271092",-0.854078032908748
"ENSG00000124588",-0.854203039934021
"ENSG00000169627",-0.854253269274687
"ENSG00000077684",-0.854486441831737
"ENSG00000165029",-0.854970497524383
"ENSG00000247735",-0.855144478125123
"ENSG00000077721",-0.855282988396462
"ENSG00000124802",-0.855602515270069
"ENSG00000287817",-0.856198968615341
"ENSG00000174780",-0.856239312555898
"ENSG00000066379",-0.856260180013024
"ENSG00000241962",-0.856801309318926
"ENSG00000160392",-0.856912320475656
"ENSG00000070669",-0.857274420402818
"ENSG00000164776",-0.857666278445076
"ENSG00000173681",-0.858119090190132
"ENSG00000173272",-0.858244685623452
"ENSG00000101882",-0.858414042502863
"ENSG00000304732",-0.858556247188176
"ENSG00000185896",-0.858798933208908
"ENSG00000186577",-0.859157614348972
"ENSG00000111665",-0.859515472737558
"ENSG00000151715",-0.859694700507444
"ENSG00000264207",-0.860409266929096
"ENSG00000166557",-0.860504142711171
"ENSG00000282937",-0.861192544415072
"ENSG00000152348",-0.861455873028993
"ENSG00000106049",-0.861542048274908
"ENSG00000147416",-0.861924533955257
"ENSG00000063180",-0.861934293697298
"ENSG00000105088",-0.861998114836856
"ENSG00000136240",-0.862244165008201
"ENSG00000295671",-0.862507045097364
"ENSG00000157954",-0.86279564383357
"ENSG00000254469",-0.863075718014367
"ENSG00000213676",-0.863421020607484
"ENSG00000287826",-0.863563893581545
"ENSG00000168495",-0.863603118030784
"ENSG00000143322",-0.864498923074059
"ENSG00000101310",-0.864524907740446
"ENSG00000203499",-0.864845683133441
"ENSG00000291220",-0.865273996101063
"ENSG00000187838",-0.865309850771091
"ENSG00000188010",-0.865319900458302
"ENSG00000287380",-0.865486320618041
"ENSG00000122643",-0.865569761281737
"ENSG00000115919",-0.866081018850641
"ENSG00000250421",-0.866150962302356
"ENSG00000188760",-0.866729626603751
"ENSG00000290588",-0.866750513022235
"ENSG00000145911",-0.866956756043575
"ENSG00000273308",-0.866978938428418
"ENSG00000182150",-0.86698723381549
"ENSG00000298376",-0.867112021818987
"ENSG00000133641",-0.867453148423819
"ENSG00000197619",-0.867500196072035
"ENSG00000288945",-0.868483225082857
"ENSG00000197930",-0.868648239899481
"ENSG00000175826",-0.868770961757349
"ENSG00000100364",-0.868909319220329
"ENSG00000281603",-0.868992187199079
"ENSG00000112425",-0.869946661062766
"ENSG00000073578",-0.869947653886867
"ENSG00000171962",-0.870085624366078
"ENSG00000112110",-0.870119374076004
"ENSG00000273889",-0.870717541319388
"ENSG00000250033",-0.870824325703348
"ENSG00000137285",-0.87105952990213
"ENSG00000115286",-0.871108053729258
"ENSG00000188818",-0.871215388134875
"ENSG00000162687",-0.871507510115128
"ENSG00000137561",-0.871899173727917
"ENSG00000033100",-0.8718993237417
"ENSG00000120029",-0.872234259772957
"ENSG00000279165",-0.872501882288276
"ENSG00000183665",-0.872549583408833
"ENSG00000204178",-0.872810352819449
"ENSG00000173581",-0.873031914755583
"ENSG00000180264",-0.873097694986547
"ENSG00000087095",-0.873285477862479
"ENSG00000115942",-0.873441236321121
"ENSG00000101152",-0.873535837267813
"ENSG00000102032",-0.873869482499697
"ENSG00000288869",-0.87392136009106
"ENSG00000197798",-0.874279739746922
"ENSG00000290319",-0.874460943045843
"ENSG00000111911",-0.874568410346097
"ENSG00000248445",-0.874957034962198
"ENSG00000159377",-0.875038530152374
"ENSG00000228140",-0.875132410950834
"ENSG00000151725",-0.875210470776924
"ENSG00000299831",-0.875306137525398
"ENSG00000113851",-0.87600248182162
"ENSG00000285230",-0.876075540824839
"ENSG00000277399",-0.876201669793612
"ENSG00000187134",-0.87628634502536
"ENSG00000289748",-0.876634996286633
"ENSG00000085871",-0.876749862818914
"ENSG00000165283",-0.876826399392385
"ENSG00000246640",-0.876991099732643
"ENSG00000269235",-0.87713969113644
"ENSG00000033867",-0.877490029326836
"ENSG00000161980",-0.877728575311329
"ENSG00000118369",-0.878063677355257
"ENSG00000147586",-0.87813055603128
"ENSG00000290537",-0.878228995838297
"ENSG00000292228",-0.878366177647219
"ENSG00000103275",-0.878468144812874
"ENSG00000175322",-0.87851674072171
"ENSG00000106086",-0.878740754068736
"ENSG00000164494",-0.879200128529875
"ENSG00000106526",-0.879683006771697
"ENSG00000205581",-0.879950689047493
"ENSG00000126878",-0.880061680596548
"ENSG00000148110",-0.880119969011465
"ENSG00000117862",-0.880277024840978
"ENSG00000005108",-0.880806873727784
"ENSG00000176209",-0.881304821119422
"ENSG00000150961",-0.881376493576172
"ENSG00000003400",-0.88141722281569
"ENSG00000171497",-0.881436824195537
"ENSG00000288093",-0.881497821052728
"ENSG00000112977",-0.881785056801456
"ENSG00000148303",-0.881787480065606
"ENSG00000135047",-0.882071115254047
"ENSG00000140259",-0.882246286171265
"ENSG00000158985",-0.882725106290188
"ENSG00000115685",-0.882900806054694
"ENSG00000070778",-0.88290925970524
"ENSG00000155008",-0.88307831758392
"ENSG00000163510",-0.883475102786837
"ENSG00000244187",-0.88353810551227
"ENSG00000119326",-0.883660273383863
"ENSG00000273820",-0.883789983648593
"ENSG00000261373",-0.884051633370314
"ENSG00000007516",-0.884414264919773
"ENSG00000232838",-0.884597902675566
"ENSG00000286272",-0.885107056776448
"ENSG00000175221",-0.885171439326564
"ENSG00000119314",-0.885370424908107
"ENSG00000288838",-0.885515157955434
"ENSG00000304069",-0.885974127756673
"ENSG00000253133",-0.886148260016384
"ENSG00000302146",-0.886149773736824
"ENSG00000064651",-0.886446210779624
"ENSG00000197265",-0.886546746983108
"ENSG00000129515",-0.886626626208496
"ENSG00000198431",-0.887016229315684
"ENSG00000111348",-0.887284945511402
"ENSG00000140905",-0.887331274768862
"ENSG00000284734",-0.88744586571399
"ENSG00000100307",-0.887565566293217
"ENSG00000136003",-0.887861397611397
"ENSG00000154479",-0.888648756504848
"ENSG00000254536",-0.888917081221119
"ENSG00000138757",-0.889217534392828
"ENSG00000142227",-0.88977445299892
"ENSG00000273344",-0.889865529479602
"ENSG00000069812",-0.890445144173594
"ENSG00000187051",-0.890522552785662
"ENSG00000130234",-0.890537827205121
"ENSG00000225975",-0.890674723501853
"ENSG00000290873",-0.890750353728197
"ENSG00000106278",-0.890883796909947
"ENSG00000167196",-0.890964353106307
"ENSG00000165644",-0.891156898455006
"ENSG00000115977",-0.891240543556716
"ENSG00000169855",-0.891366282441344
"ENSG00000286192",-0.891641261426851
"ENSG00000116977",-0.891726074336384
"ENSG00000198610",-0.891865333401784
"ENSG00000172379",-0.891897522672244
"ENSG00000286288",-0.892295686123533
"ENSG00000104976",-0.892296915102745
"ENSG00000275543",-0.892452094133193
"ENSG00000277806",-0.892490392114993
"ENSG00000198947",-0.892718301771361
"ENSG00000168152",-0.892738778792945
"ENSG00000188112",-0.892793120516821
"ENSG00000165060",-0.893061160983412
"ENSG00000136522",-0.893357957969212
"ENSG00000205220",-0.893558123257136
"ENSG00000125482",-0.893574782073138
"ENSG00000165490",-0.893788325713812
"ENSG00000258789",-0.893792754164477
"ENSG00000230660",-0.89381388493933
"ENSG00000254783",-0.893825789302614
"ENSG00000112304",-0.893897216879743
"ENSG00000166228",-0.894135754144944
"ENSG00000139116",-0.894296812483019
"ENSG00000114480",-0.894311012947451
"ENSG00000169490",-0.894890486579852
"ENSG00000228350",-0.895067802711508
"ENSG00000138152",-0.89549549040341
"ENSG00000245522",-0.895517234609382
"ENSG00000131398",-0.895541240746343
"ENSG00000099622",-0.895603019072729
"ENSG00000101412",-0.896406376119757
"ENSG00000213988",-0.896700316971537
"ENSG00000144730",-0.896809406036333
"ENSG00000307353",-0.897014987017565
"ENSG00000224209",-0.897412360094286
"ENSG00000196422",-0.89747099345438
"ENSG00000148331",-0.897601116345861
"ENSG00000185386",-0.898001122065112
"ENSG00000295087",-0.898021963696581
"ENSG00000122034",-0.898161557582398
"ENSG00000130147",-0.898184459174595
"ENSG00000124731",-0.898264398364796
"ENSG00000179456",-0.898682368669178
"ENSG00000167755",-0.899184631561395
"ENSG00000165138",-0.89960771695714
"ENSG00000171428",-0.899714606976732
"ENSG00000101439",-0.899741020435417
"ENSG00000102967",-0.899876470801156
"ENSG00000188846",-0.900161539886361
"ENSG00000197050",-0.900347692372075
"ENSG00000284036",-0.900578810146647
"ENSG00000155313",-0.900681467414538
"ENSG00000144635",-0.900973323059229
"ENSG00000217325",-0.901534299127487
"ENSG00000171657",-0.901605984129833
"ENSG00000291209",-0.90175596718429
"ENSG00000289294",-0.901864315995352
"ENSG00000162889",-0.902075042543283
"ENSG00000304867",-0.9023483730829
"ENSG00000166949",-0.902446080798931
"ENSG00000299734",-0.902528718086866
"ENSG00000198721",-0.902531333885955
"ENSG00000005175",-0.902593215250794
"ENSG00000155636",-0.902770051364785
"ENSG00000294498",-0.902992166896198
"ENSG00000114956",-0.903219160327933
"ENSG00000138071",-0.903350306618389
"ENSG00000143553",-0.903393845010436
"ENSG00000296072",-0.903897362639967
"ENSG00000165621",-0.904190062507537
"ENSG00000117868",-0.904208399620445
"ENSG00000162572",-0.90444444535261
"ENSG00000246228",-0.904870453352243
"ENSG00000130054",-0.905475132553084
"ENSG00000125863",-0.905498910095862
"ENSG00000168255",-0.905537019595344
"ENSG00000137207",-0.905583230026615
"ENSG00000075239",-0.905713553729544
"ENSG00000047188",-0.905923592548093
"ENSG00000213771",-0.906220782921193
"ENSG00000138678",-0.906819405488069
"ENSG00000110422",-0.906975613688495
"ENSG00000273761",-0.907021787009942
"ENSG00000134830",-0.907187287770964
"ENSG00000143153",-0.907221892052202
"ENSG00000127415",-0.907299786648975
"ENSG00000146070",-0.907331168215876
"ENSG00000261824",-0.907693891716214
"ENSG00000168310",-0.90793884032415
"ENSG00000185305",-0.907971780636244
"ENSG00000116791",-0.908558438553002
"ENSG00000157379",-0.908861441472482
"ENSG00000154760",-0.908932068613635
"ENSG00000180573",-0.909072377770846
"ENSG00000104219",-0.909130777943516
"ENSG00000179348",-0.909308659116291
"ENSG00000261455",-0.909686869983787
"ENSG00000168936",-0.909749428439301
"ENSG00000136828",-0.910032701549084
"ENSG00000275621",-0.910082406113115
"ENSG00000099624",-0.91023231951928
"ENSG00000126709",-0.910387300869803
"ENSG00000116750",-0.910432601248306
"ENSG00000105136",-0.910610826662326
"ENSG00000273015",-0.910656440086521
"ENSG00000181588",-0.911026397383688
"ENSG00000166347",-0.911061520138909
"ENSG00000069509",-0.91113889535694
"ENSG00000168395",-0.9116281897009
"ENSG00000262001",-0.912106030926631
"ENSG00000305207",-0.912478526578547
"ENSG00000172009",-0.912766927650064
"ENSG00000120860",-0.912927054348327
"ENSG00000128595",-0.912936954927989
"ENSG00000089693",-0.912970992858147
"ENSG00000142864",-0.913211075584226
"ENSG00000157150",-0.913330133901647
"ENSG00000135093",-0.91341716762391
"ENSG00000135070",-0.913774915225697
"ENSG00000109794",-0.913909826113343
"ENSG00000122432",-0.914010017991356
"ENSG00000125999",-0.914166498499806
"ENSG00000124795",-0.914182226352867
"ENSG00000138363",-0.914387654567993
"ENSG00000110330",-0.914639242833529
"ENSG00000179295",-0.914764852626777
"ENSG00000307862",-0.914816424307358
"ENSG00000140365",-0.914836100642685
"ENSG00000287042",-0.915052373827037
"ENSG00000292995",-0.915729620813825
"ENSG00000143669",-0.916227557287643
"ENSG00000143751",-0.916582150208676
"ENSG00000228862",-0.91668074671706
"ENSG00000234899",-0.916773055741652
"ENSG00000160209",-0.916884109669282
"ENSG00000255874",-0.917046418984286
"ENSG00000248487",-0.917381789491798
"ENSG00000120253",-0.917409168782803
"ENSG00000257949",-0.917443952957783
"ENSG00000286230",-0.917525746063568
"ENSG00000144642",-0.91754770183198
"ENSG00000206281",-0.917755022418655
"ENSG00000279337",-0.91792776281648
"ENSG00000293098",-0.918014359920104
"ENSG00000162542",-0.918124940400357
"ENSG00000133997",-0.918171415940184
"ENSG00000198755",-0.918197234912073
"ENSG00000142235",-0.918304613213216
"ENSG00000239329",-0.91864214675425
"ENSG00000162913",-0.918818766791086
"ENSG00000228305",-0.919113875974208
"ENSG00000166402",-0.919291649064491
"ENSG00000175575",-0.919343383257458
"ENSG00000124164",-0.919371052533798
"ENSG00000188643",-0.91956643853471
"ENSG00000125991",-0.919750648300739
"ENSG00000138639",-0.920151771754951
"ENSG00000239389",-0.921226371247273
"ENSG00000186501",-0.921424129988601
"ENSG00000186063",-0.92145766172727
"ENSG00000198887",-0.921641203227236
"ENSG00000131871",-0.921796713361646
"ENSG00000025800",-0.922027645208338
"ENSG00000164818",-0.923003629770951
"ENSG00000305640",-0.923053006531333
"ENSG00000165805",-0.923792445439044
"ENSG00000086102",-0.92419031222462
"ENSG00000157601",-0.924499244391577
"ENSG00000204859",-0.924519957703528
"ENSG00000297455",-0.924731111790361
"ENSG00000077549",-0.924990954981683
"ENSG00000151151",-0.925091821258863
"ENSG00000105053",-0.926135734844511
"ENSG00000102309",-0.926142740606125
"ENSG00000309864",-0.926433303617875
"ENSG00000001460",-0.926549055057225
"ENSG00000125534",-0.927205321912052
"ENSG00000262837",-0.927308352856642
"ENSG00000182534",-0.927346415100554
"ENSG00000173486",-0.928083652667517
"ENSG00000198088",-0.928103328884581
"ENSG00000010072",-0.92824102409948
"ENSG00000042088",-0.928320262708988
"ENSG00000203663",-0.928334666912916
"ENSG00000187957",-0.928621396721416
"ENSG00000227308",-0.928759242554503
"ENSG00000118939",-0.928968910798409
"ENSG00000227076",-0.929168083311102
"ENSG00000163945",-0.929182515871416
"ENSG00000135679",-0.929272141765168
"ENSG00000132718",-0.929424548253833
"ENSG00000153879",-0.929583302213045
"ENSG00000126067",-0.929601380667347
"ENSG00000132437",-0.929664133110481
"ENSG00000131408",-0.929679357005533
"ENSG00000169976",-0.929981254727689
"ENSG00000090013",-0.930169520814114
"ENSG00000277600",-0.930188565856272
"ENSG00000177156",-0.930941391051709
"ENSG00000015475",-0.931020122445412
"ENSG00000173511",-0.931021707138152
"ENSG00000121380",-0.931386890551743
"ENSG00000154710",-0.931734985702328
"ENSG00000232093",-0.932097526371512
"ENSG00000300109",-0.932504029515769
"ENSG00000130731",-0.932688635096596
"ENSG00000168175",-0.933396261384598
"ENSG00000117122",-0.93341416096886
"ENSG00000128294",-0.933663256211637
"ENSG00000140374",-0.9340538394083
"ENSG00000159588",-0.934340853841592
"ENSG00000181903",-0.934384151835716
"ENSG00000165898",-0.934896533097735
"ENSG00000146013",-0.934959370638785
"ENSG00000004961",-0.935091188058386
"ENSG00000062194",-0.935181786428221
"ENSG00000277297",-0.935444406170697
"ENSG00000229006",-0.936029380994183
"ENSG00000123636",-0.936155236354765
"ENSG00000101294",-0.936893893194209
"ENSG00000185475",-0.937573670475023
"ENSG00000197006",-0.937836587269537
"ENSG00000262333",-0.938312276456441
"ENSG00000261087",-0.938480794551817
"ENSG00000148737",-0.938794985566782
"ENSG00000076053",-0.938962628051243
"ENSG00000285373",-0.939299137166497
"ENSG00000235100",-0.939517787083282
"ENSG00000266088",-0.939912056726491
"ENSG00000260274",-0.940042002959421
"ENSG00000134874",-0.940356493522697
"ENSG00000163961",-0.94046026377217
"ENSG00000128944",-0.940513836048718
"ENSG00000186529",-0.940522248014397
"ENSG00000213590",-0.94061572855349
"ENSG00000269906",-0.941029025281016
"ENSG00000073734",-0.941167180557355
"ENSG00000115944",-0.941500736411193
"ENSG00000148337",-0.941576935977249
"ENSG00000114395",-0.941719643680356
"ENSG00000273145",-0.941992976613202
"ENSG00000286874",-0.942068351997184
"ENSG00000147592",-0.942079846707761
"ENSG00000005156",-0.942098481090506
"ENSG00000188938",-0.942196908116697
"ENSG00000145476",-0.94270421955083
"ENSG00000122674",-0.942755178989407
"ENSG00000153234",-0.943326338356761
"ENSG00000290854",-0.943375459685161
"ENSG00000149547",-0.9437585068114
"ENSG00000204272",-0.943974209129096
"ENSG00000154102",-0.944076638851716
"ENSG00000091542",-0.944749085741162
"ENSG00000287051",-0.944957924889297
"ENSG00000105404",-0.945449636017922
"ENSG00000104218",-0.945942014478868
"ENSG00000129493",-0.946134621677191
"ENSG00000164347",-0.946221154152532
"ENSG00000261717",-0.946776481839098
"ENSG00000108854",-0.947080692041643
"ENSG00000134398",-0.947146466412186
"ENSG00000136518",-0.947405794675484
"ENSG00000101049",-0.947520314458641
"ENSG00000281879",-0.947851773728927
"ENSG00000008128",-0.947875181457693
"ENSG00000177971",-0.947938650707924
"ENSG00000260190",-0.948027197248756
"ENSG00000203778",-0.948159699709648
"ENSG00000216937",-0.948471665677568
"ENSG00000293510",-0.948824259817432
"ENSG00000147394",-0.949370096211202
"ENSG00000153993",-0.949769229445951
"ENSG00000198042",-0.95053412431478
"ENSG00000140564",-0.950933548856659
"ENSG00000159063",-0.950968278053522
"ENSG00000228793",-0.951098432687431
"ENSG00000117143",-0.951415715467445
"ENSG00000106366",-0.951567661414855
"ENSG00000272768",-0.951651454606729
"ENSG00000206527",-0.951766691477858
"ENSG00000155918",-0.952317563948924
"ENSG00000197808",-0.952798341604502
"ENSG00000152422",-0.952889258109723
"ENSG00000131238",-0.952979115337515
"ENSG00000120992",-0.953226616703264
"ENSG00000274272",-0.953254273124356
"ENSG00000245275",-0.953507700854563
"ENSG00000203414",-0.953582855619951
"ENSG00000269226",-0.953777769550331
"ENSG00000168016",-0.953809600716402
"ENSG00000100462",-0.954155112566572
"ENSG00000228126",-0.954411692499788
"ENSG00000111678",-0.954450842884355
"ENSG00000290085",-0.954659733062096
"ENSG00000101265",-0.954701731312084
"ENSG00000281994",-0.95483513839702
"ENSG00000147601",-0.955023342876262
"ENSG00000140995",-0.955676942402605
"ENSG00000196511",-0.955813259965959
"ENSG00000102054",-0.955896524652515
"ENSG00000116688",-0.956029346903198
"ENSG00000183779",-0.956143861760062
"ENSG00000135423",-0.956225644351596
"ENSG00000089682",-0.956371818638556
"ENSG00000152492",-0.95695589206629
"ENSG00000213465",-0.957012584569292
"ENSG00000204428",-0.957322050861081
"ENSG00000172409",-0.957557362797765
"ENSG00000169021",-0.958491136011284
"ENSG00000135778",-0.958493969284859
"ENSG00000289892",-0.95861559823579
"ENSG00000161682",-0.958672082270573
"ENSG00000298889",-0.958891706449606
"ENSG00000232442",-0.959003476033752
"ENSG00000286340",-0.959218635627997
"ENSG00000272750",-0.959219447407758
"ENSG00000127804",-0.959330018713229
"ENSG00000171056",-0.959533679191173
"ENSG00000113194",-0.959972348480938
"ENSG00000106537",-0.960140009512073
"ENSG00000186298",-0.960204587170429
"ENSG00000000003",-0.960234450504873
"ENSG00000151353",-0.960795475691982
"ENSG00000097096",-0.960798548121735
"ENSG00000167380",-0.960845233251657
"ENSG00000132471",-0.960940017379904
"ENSG00000288701",-0.961098844273123
"ENSG00000003056",-0.961366117294814
"ENSG00000288067",-0.961568352257514
"ENSG00000142168",-0.961657092908035
"ENSG00000102225",-0.961747974966221
"ENSG00000274768",-0.962594360427574
"ENSG00000206285",-0.962689037806306
"ENSG00000114279",-0.963303967536161
"ENSG00000113369",-0.963629709739264
"ENSG00000101017",-0.96394800982859
"ENSG00000163283",-0.96422499785414
"ENSG00000196188",-0.964277694912258
"ENSG00000247157",-0.964533657150431
"ENSG00000240771",-0.965148219906868
"ENSG00000107937",-0.965291957512711
"ENSG00000138594",-0.965311726046689
"ENSG00000214922",-0.96541359496516
"ENSG00000284369",-0.965611177895601
"ENSG00000245281",-0.965863763831565
"ENSG00000147251",-0.966103348692912
"ENSG00000163938",-0.966290346675968
"ENSG00000188342",-0.967038176770901
"ENSG00000135845",-0.967293319689793
"ENSG00000035664",-0.968134102046885
"ENSG00000173156",-0.968205872203875
"ENSG00000272338",-0.968451748552134
"ENSG00000113638",-0.968486008070059
"ENSG00000141759",-0.968575674160329
"ENSG00000206505",-0.96868164303267
"ENSG00000141076",-0.968878626685284
"ENSG00000177383",-0.968924128057828
"ENSG00000177854",-0.969539677653093
"ENSG00000308074",-0.969642391721442
"ENSG00000138674",-0.969881776620873
"ENSG00000156017",-0.970297472494934
"ENSG00000067992",-0.970356809419234
"ENSG00000125818",-0.971047834426736
"ENSG00000166135",-0.97117873381638
"ENSG00000164366",-0.971222788204861
"ENSG00000025293",-0.971850440404915
"ENSG00000127419",-0.971973336029795
"ENSG00000198836",-0.972226096227033
"ENSG00000144583",-0.972382019967901
"ENSG00000185619",-0.972553697713154
"ENSG00000109586",-0.972599340432453
"ENSG00000256116",-0.972937635579397
"ENSG00000231834",-0.973145622500375
"ENSG00000109674",-0.97328689553908
"ENSG00000163082",-0.973353923739471
"ENSG00000113845",-0.973482317851845
"ENSG00000266770",-0.973489833329226
"ENSG00000110700",-0.973805292794284
"ENSG00000168268",-0.973826443945888
"ENSG00000135678",-0.974115585659911
"ENSG00000163170",-0.974240986915211
"ENSG00000173918",-0.974324242995504
"ENSG00000274684",-0.974385615755374
"ENSG00000268205",-0.97535410216406
"ENSG00000182600",-0.975710067663831
"ENSG00000137070",-0.975826886104585
"ENSG00000198363",-0.975877729664744
"ENSG00000235952",-0.975913316802838
"ENSG00000026950",-0.975977114417288
"ENSG00000206579",-0.976308093241041
"ENSG00000174165",-0.976472258861545
"ENSG00000172586",-0.976493827177538
"ENSG00000286075",-0.976888326530087
"ENSG00000204176",-0.976979123498462
"ENSG00000112290",-0.977771345176276
"ENSG00000120756",-0.977836648981108
"ENSG00000287769",-0.978064657203598
"ENSG00000134253",-0.978624947433219
"ENSG00000109771",-0.978688824184736
"ENSG00000227460",-0.979067751507002
"ENSG00000165233",-0.980465204205234
"ENSG00000156709",-0.98046944973891
"ENSG00000204308",-0.980669261066562
"ENSG00000178878",-0.981269519264365
"ENSG00000013288",-0.981404824026525
"ENSG00000129562",-0.981673137204456
"ENSG00000138271",-0.982040669924441
"ENSG00000181894",-0.982209836474542
"ENSG00000067829",-0.982293274831135
"ENSG00000177181",-0.982818300397281
"ENSG00000148925",-0.982976550865357
"ENSG00000092295",-0.983067812410236
"ENSG00000296560",-0.983795814536946
"ENSG00000288258",-0.983814052266334
"ENSG00000184949",-0.984297288090493
"ENSG00000118181",-0.984781231771543
"ENSG00000187325",-0.985260077630284
"ENSG00000189159",-0.985985136902196
"ENSG00000250320",-0.986196201248938
"ENSG00000306162",-0.986309117615795
"ENSG00000279453",-0.986916103165302
"ENSG00000214413",-0.987087798577001
"ENSG00000231856",-0.98731345679979
"ENSG00000256664",-0.987402344072763
"ENSG00000076984",-0.987499682450258
"ENSG00000100097",-0.987539158509392
"ENSG00000305512",-0.987621277494271
"ENSG00000180479",-0.98839883853472
"ENSG00000142192",-0.988927031869671
"ENSG00000139318",-0.989554089238231
"ENSG00000237978",-0.989664993332472
"ENSG00000164346",-0.989678406321211
"ENSG00000162729",-0.989839057049823
"ENSG00000198885",-0.990118485111172
"ENSG00000159111",-0.990236255995324
"ENSG00000123570",-0.990385581933652
"ENSG00000248752",-0.990632291483943
"ENSG00000173456",-0.991510270817078
"ENSG00000242419",-0.991654065149611
"ENSG00000265401",-0.991684633245929
"ENSG00000110367",-0.992335559072308
"ENSG00000166734",-0.992394406989101
"ENSG00000229043",-0.992944956101332
"ENSG00000273562",-0.993049208998175
"ENSG00000309599",-0.993173433723924
"ENSG00000123416",-0.993828176328832
"ENSG00000168461",-0.994081482783315
"ENSG00000291100",-0.994187824480515
"ENSG00000196924",-0.994201519558978
"ENSG00000240065",-0.99479193649387
"ENSG00000136197",-0.995378861789306
"ENSG00000183828",-0.995966298565958
"ENSG00000261468",-0.997224865338898
"ENSG00000150471",-0.997500898659406
"ENSG00000280018",-0.997513639838684
"ENSG00000184220",-0.997529381899798
"ENSG00000131503",-0.997670611401099
"ENSG00000015153",-0.997914821445948
"ENSG00000132963",-0.998216543671402
"ENSG00000267160",-0.99860225995842
"ENSG00000069943",-0.9988910927165
"ENSG00000162642",-0.999694296242795
"ENSG00000255112",-0.999982899820543
"ENSG00000128581",-1.00012512357831
"ENSG00000090060",-1.00032104360147
"ENSG00000118564",-1.00086720292312
"ENSG00000100220",-1.00105914068698
"ENSG00000275325",-1.0012476646703
"ENSG00000010704",-1.00151319982164
"ENSG00000165140",-1.00160882960761
"ENSG00000164104",-1.00168405710092
"ENSG00000247679",-1.00206992462062
"ENSG00000114353",-1.00235244378504
"ENSG00000273004",-1.00247033546994
"ENSG00000135924",-1.00250793927758
"ENSG00000263731",-1.002653168388
"ENSG00000071282",-1.00358569045477
"ENSG00000104998",-1.00358686272468
"ENSG00000214013",-1.00501530291306
"ENSG00000091140",-1.00558749881297
"ENSG00000253307",-1.00640537441553
"ENSG00000299521",-1.00765961941311
"ENSG00000139055",-1.00776542373369
"ENSG00000262312",-1.00917286727508
"ENSG00000139178",-1.00917615630847
"ENSG00000290727",-1.00939442353614
"ENSG00000244038",-1.0105188655534
"ENSG00000173175",-1.01081481412401
"ENSG00000079841",-1.01100722729449
"ENSG00000214439",-1.01167199177195
"ENSG00000260917",-1.01168096546054
"ENSG00000104687",-1.01263675932808
"ENSG00000284969",-1.01315108445015
"ENSG00000113558",-1.01331426358045
"ENSG00000179344",-1.01349951582451
"ENSG00000127328",-1.01362556383945
"ENSG00000242372",-1.01378049857501
"ENSG00000197256",-1.01381832780202
"ENSG00000302004",-1.01433462139473
"ENSG00000287151",-1.01442238195896
"ENSG00000010278",-1.01452811745584
"ENSG00000069998",-1.01461313387293
"ENSG00000101473",-1.01545195746941
"ENSG00000154124",-1.01550879815056
"ENSG00000154845",-1.01610918546149
"ENSG00000304951",-1.01633454484091
"ENSG00000167323",-1.01645403550905
"ENSG00000139233",-1.01670795231797
"ENSG00000181019",-1.01700177153124
"ENSG00000107371",-1.01702775139415
"ENSG00000158604",-1.01758357005698
"ENSG00000172534",-1.01808189774563
"ENSG00000263753",-1.01815255177415
"ENSG00000177700",-1.0185424626338
"ENSG00000109321",-1.01860000607432
"ENSG00000187522",-1.02007848380456
"ENSG00000169057",-1.02034271780595
"ENSG00000178538",-1.0209647151939
"ENSG00000149273",-1.02126059596392
"ENSG00000133597",-1.02128734886845
"ENSG00000161677",-1.02130294595841
"ENSG00000180015",-1.0217413844304
"ENSG00000167671",-1.02189332883121
"ENSG00000179051",-1.02200501962544
"ENSG00000268173",-1.0220572072144
"ENSG00000109475",-1.02207054409719
"ENSG00000141622",-1.02267618529729
"ENSG00000071909",-1.02278645544597
"ENSG00000166130",-1.02280643078904
"ENSG00000100802",-1.02285665521937
"ENSG00000148291",-1.02288560391998
"ENSG00000251211",-1.02315209714683
"ENSG00000284308",-1.02364347900713
"ENSG00000230159",-1.02440821647464
"ENSG00000279267",-1.02442050387581
"ENSG00000214870",-1.02452046534778
"ENSG00000159479",-1.02462447480667
"ENSG00000158480",-1.02462873554061
"ENSG00000164187",-1.02474944840638
"ENSG00000289697",-1.02528824189444
"ENSG00000158796",-1.02533286453251
"ENSG00000156261",-1.02538796764497
"ENSG00000147044",-1.02595961106949
"ENSG00000133874",-1.02623090842593
"ENSG00000264540",-1.02626493044474
"ENSG00000064115",-1.02647694075889
"ENSG00000181481",-1.02664660876207
"ENSG00000241553",-1.02668325047748
"ENSG00000102100",-1.02682157048463
"ENSG00000143450",-1.02744911027532
"ENSG00000261126",-1.02749544746624
"ENSG00000304176",-1.0280568479593
"ENSG00000265458",-1.02821437647658
"ENSG00000104660",-1.02822204804552
"ENSG00000184990",-1.02838416769105
"ENSG00000152904",-1.02904828161431
"ENSG00000106785",-1.02944237545743
"ENSG00000100836",-1.02950654085096
"ENSG00000272888",-1.02966825339621
"ENSG00000256238",-1.03000248487396
"ENSG00000129946",-1.03049760925214
"ENSG00000137500",-1.03091103035155
"ENSG00000100104",-1.03096086618799
"ENSG00000132286",-1.03113797650581
"ENSG00000013588",-1.03114639264972
"ENSG00000287814",-1.03121148047064
"ENSG00000168303",-1.03163930107574
"ENSG00000177728",-1.03182411536987
"ENSG00000005189",-1.03212793383712
"ENSG00000255439",-1.03218222768781
"ENSG00000248429",-1.03228102424851
"ENSG00000293492",-1.03234495205825
"ENSG00000282494",-1.03248557752321
"ENSG00000153561",-1.03262601462048
"ENSG00000162065",-1.03294117728642
"ENSG00000113719",-1.03333115637273
"ENSG00000290089",-1.03362356687304
"ENSG00000261780",-1.03375260448824
"ENSG00000115902",-1.03404599974058
"ENSG00000294512",-1.03427698447231
"ENSG00000197506",-1.03483233396985
"ENSG00000259316",-1.03485412656198
"ENSG00000224424",-1.03555607873275
"ENSG00000254101",-1.03600543524867
"ENSG00000162368",-1.03615427002962
"ENSG00000184014",-1.03626843351386
"ENSG00000138109",-1.03645051594855
"ENSG00000145592",-1.03658292198739
"ENSG00000178404",-1.03689346581479
"ENSG00000183726",-1.03702676946491
"ENSG00000126524",-1.03711815744945
"ENSG00000101972",-1.03787637669474
"ENSG00000062598",-1.03810451963835
"ENSG00000130475",-1.03870338222312
"ENSG00000258643",-1.03896926200239
"ENSG00000232671",-1.0391525544685
"ENSG00000158186",-1.03927207743638
"ENSG00000283765",-1.03957071412913
"ENSG00000136273",-1.04061537522126
"ENSG00000180376",-1.04081960937729
"ENSG00000124216",-1.04121789298879
"ENSG00000157654",-1.0412700292159
"ENSG00000101856",-1.04132231351657
"ENSG00000213965",-1.04159724240099
"ENSG00000113387",-1.04160477465742
"ENSG00000100284",-1.04185822292137
"ENSG00000181359",-1.04186308842563
"ENSG00000143889",-1.04232523600926
"ENSG00000152784",-1.04253378255344
"ENSG00000276111",-1.04271144923221
"ENSG00000263163",-1.0430378581768
"ENSG00000293428",-1.04320718089195
"ENSG00000122557",-1.04325729522293
"ENSG00000189280",-1.04407842623093
"ENSG00000174444",-1.04454007075441
"ENSG00000179588",-1.04533071713285
"ENSG00000124107",-1.04583963966392
"ENSG00000157020",-1.04607869084544
"ENSG00000151923",-1.04682557569276
"ENSG00000133313",-1.04715303529079
"ENSG00000026025",-1.04786044945673
"ENSG00000164855",-1.04790275860117
"ENSG00000179218",-1.04794292888867
"ENSG00000143622",-1.04802629488076
"ENSG00000310194",-1.04831135462443
"ENSG00000148926",-1.04947144523009
"ENSG00000116455",-1.04953721464933
"ENSG00000164985",-1.04964748375842
"ENSG00000137877",-1.04979793668191
"ENSG00000241634",-1.04982774561373
"ENSG00000173894",-1.05010124296478
"ENSG00000234114",-1.05030533410875
"ENSG00000175193",-1.05052601003275
"ENSG00000276887",-1.05084681784545
"ENSG00000167553",-1.05152278806652
"ENSG00000271380",-1.05154068761545
"ENSG00000231806",-1.0521777558903
"ENSG00000283777",-1.05228117953576
"ENSG00000232721",-1.05243673390808
"ENSG00000119862",-1.05260839572607
"ENSG00000108448",-1.05287847214579
"ENSG00000141873",-1.05354261125146
"ENSG00000118257",-1.05374230147543
"ENSG00000137251",-1.05377750837718
"ENSG00000213445",-1.05396828640118
"ENSG00000116521",-1.0539761618544
"ENSG00000004142",-1.05403369231715
"ENSG00000181085",-1.05426772552704
"ENSG00000086475",-1.05532706412965
"ENSG00000115514",-1.05539024023707
"ENSG00000308992",-1.05561243578219
"ENSG00000274020",-1.05699442623601
"ENSG00000172780",-1.05731890983714
"ENSG00000118855",-1.05740565088955
"ENSG00000123091",-1.05740794639593
"ENSG00000173559",-1.05751662283525
"ENSG00000229809",-1.05789102646474
"ENSG00000155254",-1.05838190110991
"ENSG00000151239",-1.0585313209102
"ENSG00000229833",-1.05856365467293
"ENSG00000292225",-1.05876347938822
"ENSG00000141179",-1.05925288257445
"ENSG00000175087",-1.05942699808188
"ENSG00000060138",-1.06052769345822
"ENSG00000100296",-1.06070319842154
"ENSG00000102524",-1.06133848527575
"ENSG00000121775",-1.06141689517601
"ENSG00000293516",-1.06276893756382
"ENSG00000163875",-1.06289816681992
"ENSG00000138658",-1.06326848841188
"ENSG00000141378",-1.06330906677354
"ENSG00000134287",-1.06400488631682
"ENSG00000288886",-1.06477958939925
"ENSG00000142676",-1.06547706959383
"ENSG00000105402",-1.06554731752652
"ENSG00000130255",-1.06570587911373
"ENSG00000161544",-1.06591995091957
"ENSG00000184967",-1.06617169956851
"ENSG00000122958",-1.06635910020159
"ENSG00000150636",-1.06669538548258
"ENSG00000204899",-1.066768065487
"ENSG00000236699",-1.06752107158536
"ENSG00000123131",-1.06767810810254
"ENSG00000204019",-1.06796543554754
"ENSG00000269473",-1.06861503056662
"ENSG00000072682",-1.06902119083464
"ENSG00000067798",-1.06934941643841
"ENSG00000206538",-1.06952633507062
"ENSG00000166478",-1.06958874543352
"ENSG00000198160",-1.06972434820875
"ENSG00000143862",-1.0700408806385
"ENSG00000099804",-1.07004281730633
"ENSG00000124207",-1.07006334629589
"ENSG00000249631",-1.07051358970421
"ENSG00000162521",-1.07057633783266
"ENSG00000174808",-1.07064886598577
"ENSG00000231094",-1.07111821590435
"ENSG00000063660",-1.07115441327127
"ENSG00000274847",-1.07128388593947
"ENSG00000167468",-1.07168557033599
"ENSG00000147684",-1.07180824753868
"ENSG00000108591",-1.07196513664809
"ENSG00000100348",-1.07214840994713
"ENSG00000257950",-1.072483090581
"ENSG00000186272",-1.0730315280231
"ENSG00000112167",-1.07312760260144
"ENSG00000143590",-1.07315292242441
"ENSG00000245910",-1.07379352356932
"ENSG00000103671",-1.0742340397557
"ENSG00000125995",-1.07550668526558
"ENSG00000117419",-1.07586159531421
"ENSG00000168528",-1.07595925621697
"ENSG00000151092",-1.07599913508039
"ENSG00000126217",-1.07609971832559
"ENSG00000134255",-1.07659004310925
"ENSG00000138660",-1.07680941177736
"ENSG00000113621",-1.0768102675012
"ENSG00000151773",-1.07687780572245
"ENSG00000271936",-1.07759953076964
"ENSG00000082074",-1.07795267167555
"ENSG00000099246",-1.07815223649913
"ENSG00000183624",-1.07844363572308
"ENSG00000181625",-1.07998540959623
"ENSG00000125037",-1.0808262256455
"ENSG00000108561",-1.08104688442521
"ENSG00000267278",-1.08114403758318
"ENSG00000203760",-1.08139704384556
"ENSG00000245685",-1.08154525215083
"ENSG00000281357",-1.08204472573804
"ENSG00000206284",-1.08210373102373
"ENSG00000120509",-1.08213160455222
"ENSG00000290606",-1.08221429940204
"ENSG00000116539",-1.08224556966321
"ENSG00000168288",-1.08290600982234
"ENSG00000259345",-1.0834805393482
"ENSG00000292979",-1.08354161877972
"ENSG00000185942",-1.08425245913452
"ENSG00000260804",-1.08473532452986
"ENSG00000163960",-1.08492185657946
"ENSG00000145241",-1.08528461621305
"ENSG00000109180",-1.08637750840775
"ENSG00000278535",-1.086599549457
"ENSG00000076382",-1.0867048895621
"ENSG00000277304",-1.08676960866094
"ENSG00000101846",-1.08712446054532
"ENSG00000170502",-1.0872554985871
"ENSG00000007062",-1.08771828048473
"ENSG00000119977",-1.08814281189113
"ENSG00000267123",-1.08846380225761
"ENSG00000255521",-1.08847668008998
"ENSG00000138180",-1.08925866868178
"ENSG00000108064",-1.08938013365077
"ENSG00000185697",-1.0896856756457
"ENSG00000291158",-1.08985086177164
"ENSG00000124702",-1.0900066747517
"ENSG00000050405",-1.09046581246927
"ENSG00000124535",-1.09064838183522
"ENSG00000151729",-1.09085898210753
"ENSG00000136527",-1.09228795545944
"ENSG00000168894",-1.09262520358807
"ENSG00000179918",-1.09331292335642
"ENSG00000110696",-1.09453325412371
"ENSG00000198125",-1.09499793379241
"ENSG00000172965",-1.09519220937829
"ENSG00000266522",-1.09526045155345
"ENSG00000168259",-1.09609437111676
"ENSG00000092470",-1.09638838038776
"ENSG00000130768",-1.09700100706872
"ENSG00000109016",-1.09707482730214
"ENSG00000155876",-1.09766211691529
"ENSG00000101367",-1.09817688803263
"ENSG00000148773",-1.09823807075601
"ENSG00000305511",-1.09832264861469
"ENSG00000231939",-1.09893384740738
"ENSG00000149582",-1.09941730783395
"ENSG00000167962",-1.09996659480216
"ENSG00000112183",-1.10002719205641
"ENSG00000103152",-1.1005536687941
"ENSG00000214753",-1.10090080241737
"ENSG00000121900",-1.10097497173154
"ENSG00000165629",-1.10104168634347
"ENSG00000154813",-1.10113726454067
"ENSG00000293604",-1.10122365567155
"ENSG00000285253",-1.10144062370303
"ENSG00000111674",-1.10147984690901
"ENSG00000139725",-1.10154703090876
"ENSG00000269439",-1.10250589651395
"ENSG00000106344",-1.10295878678589
"ENSG00000093167",-1.103404640162
"ENSG00000157227",-1.10340960544293
"ENSG00000134744",-1.10349100000725
"ENSG00000161970",-1.10487251756534
"ENSG00000115163",-1.10489693002082
"ENSG00000105701",-1.10514764179788
"ENSG00000169908",-1.10519692407941
"ENSG00000173744",-1.10535136166623
"ENSG00000251247",-1.10605052903021
"ENSG00000165895",-1.10638367282306
"ENSG00000196262",-1.10665021371282
"ENSG00000172531",-1.10693076589877
"ENSG00000087884",-1.10704211706674
"ENSG00000140465",-1.10704511079329
"ENSG00000286940",-1.10737169625005
"ENSG00000142867",-1.10754897070789
"ENSG00000108528",-1.10854285967551
"ENSG00000182963",-1.1088690576126
"ENSG00000108187",-1.10895341519718
"ENSG00000119421",-1.10971240274631
"ENSG00000068438",-1.1100541316768
"ENSG00000294582",-1.11085837788571
"ENSG00000187713",-1.11157732517938
"ENSG00000265241",-1.11259951700112
"ENSG00000102763",-1.11330533830422
"ENSG00000267532",-1.11342883689752
"ENSG00000164039",-1.11414240871028
"ENSG00000204371",-1.11422521136464
"ENSG00000132646",-1.11425882246533
"ENSG00000124602",-1.11430055425974
"ENSG00000082996",-1.11485746260599
"ENSG00000092148",-1.11489288962429
"ENSG00000141744",-1.11500954758462
"ENSG00000138085",-1.11513804281621
"ENSG00000114859",-1.11536863251962
"ENSG00000157600",-1.11559167224401
"ENSG00000293985",-1.11579796786207
"ENSG00000106399",-1.11618367324744
"ENSG00000290689",-1.11662202491992
"ENSG00000278229",-1.11678161345548
"ENSG00000077147",-1.11721661134199
"ENSG00000175061",-1.11747469670665
"ENSG00000180881",-1.11804239843688
"ENSG00000105618",-1.11861073903534
"ENSG00000124160",-1.11906367222362
"ENSG00000140391",-1.1191256020249
"ENSG00000260806",-1.11986308610547
"ENSG00000132016",-1.11990929342807
"ENSG00000106628",-1.12043799636945
"ENSG00000065154",-1.12049464346813
"ENSG00000166477",-1.12075388700773
"ENSG00000239900",-1.12126053285474
"ENSG00000121578",-1.12140195916949
"ENSG00000261609",-1.12356414283363
"ENSG00000117505",-1.12386828068728
"ENSG00000290515",-1.12423343595566
"ENSG00000239305",-1.12457710402662
"ENSG00000134258",-1.12458746114588
"ENSG00000175315",-1.12487006641757
"ENSG00000281197",-1.1260226976797
"ENSG00000150753",-1.12612911420523
"ENSG00000223485",-1.1261725232117
"ENSG00000255458",-1.1276339698501
"ENSG00000254852",-1.12767348362007
"ENSG00000197969",-1.12780096539678
"ENSG00000105254",-1.1281803562248
"ENSG00000125870",-1.12916355216026
"ENSG00000235192",-1.12916743216359
"ENSG00000177311",-1.12928374438138
"ENSG00000254772",-1.13076447662395
"ENSG00000290365",-1.13082613136089
"ENSG00000060642",-1.13092318419387
"ENSG00000107960",-1.13106695850521
"ENSG00000179933",-1.13168582848773
"ENSG00000158122",-1.13175075399643
"ENSG00000179271",-1.13201105444798
"ENSG00000227400",-1.1322015616785
"ENSG00000135956",-1.13273963247192
"ENSG00000135541",-1.13317726220176
"ENSG00000165868",-1.13324766783834
"ENSG00000128891",-1.13373027688155
"ENSG00000074527",-1.13373893307703
"ENSG00000143420",-1.13396239954445
"ENSG00000233198",-1.13399435973931
"ENSG00000102978",-1.13411874872239
"ENSG00000184216",-1.1343581916486
"ENSG00000038532",-1.13438866148221
"ENSG00000108107",-1.13439386615173
"ENSG00000138587",-1.1344818156931
"ENSG00000105849",-1.1359693787393
"ENSG00000184441",-1.13609233617794
"ENSG00000157423",-1.13694589178474
"ENSG00000230995",-1.13727226270129
"ENSG00000138686",-1.13816662176639
"ENSG00000137154",-1.13821057869612
"ENSG00000281742",-1.13862018845095
"ENSG00000104827",-1.13864295025777
"ENSG00000105559",-1.13943317176052
"ENSG00000136908",-1.13946580528664
"ENSG00000164096",-1.1400164988033
"ENSG00000107140",-1.14068381990926
"ENSG00000144840",-1.14069315515334
"ENSG00000169612",-1.14098915304593
"ENSG00000064393",-1.14143328472981
"ENSG00000289092",-1.14205382404091
"ENSG00000105640",-1.14211903578583
"ENSG00000106554",-1.14214797648748
"ENSG00000150779",-1.14223939293112
"ENSG00000174028",-1.14295754367925
"ENSG00000141552",-1.14308986380463
"ENSG00000261740",-1.14314305772323
"ENSG00000184154",-1.1431733749575
"ENSG00000164291",-1.14325652023409
"ENSG00000149187",-1.14355764034209
"ENSG00000111877",-1.14358979847365
"ENSG00000026559",-1.1437223764653
"ENSG00000132821",-1.14452984562534
"ENSG00000176407",-1.14483906846733
"ENSG00000178531",-1.14516538110407
"ENSG00000130751",-1.14518883425356
"ENSG00000165502",-1.14535633855871
"ENSG00000178412",-1.14540428040097
"ENSG00000215007",-1.14637781300188
"ENSG00000143621",-1.14695409100965
"ENSG00000089006",-1.14698432239495
"ENSG00000122729",-1.14794025681685
"ENSG00000186684",-1.14815362186867
"ENSG00000164054",-1.14851975764113
"ENSG00000309829",-1.14875595906562
"ENSG00000162849",-1.14883757499884
"ENSG00000237945",-1.14951022249321
"ENSG00000309069",-1.14953955929642
"ENSG00000171103",-1.14972419786314
"ENSG00000136631",-1.14981154200667
"ENSG00000197183",-1.14986474823515
"ENSG00000172375",-1.14989344201603
"ENSG00000188529",-1.15022665320072
"ENSG00000115233",-1.15057956893632
"ENSG00000293309",-1.15119268270757
"ENSG00000285294",-1.15208285134372
"ENSG00000054282",-1.15228343511291
"ENSG00000166741",-1.1523598643381
"ENSG00000275045",-1.15317231911102
"ENSG00000132964",-1.15354811056854
"ENSG00000152439",-1.15482315689558
"ENSG00000104980",-1.15518742266828
"ENSG00000163463",-1.15589370949925
"ENSG00000228437",-1.15602434539757
"ENSG00000285437",-1.15608214442105
"ENSG00000002586",-1.15611106755559
"ENSG00000232774",-1.15612388948696
"ENSG00000125775",-1.15637083343908
"ENSG00000140694",-1.15667544074587
"ENSG00000198825",-1.15683044092335
"ENSG00000116729",-1.15741974618046
"ENSG00000178917",-1.15784677348136
"ENSG00000267858",-1.15838068156827
"ENSG00000068878",-1.15853878067173
"ENSG00000198467",-1.15863294855422
"ENSG00000138798",-1.15888943404852
"ENSG00000162434",-1.15924725323412
"ENSG00000224877",-1.15946582203651
"ENSG00000113739",-1.1595025471138
"ENSG00000205861",-1.15960720575284
"ENSG00000101844",-1.15964760972733
"ENSG00000128590",-1.15998852923781
"ENSG00000290387",-1.16016305426061
"ENSG00000099797",-1.16036990330713
"ENSG00000164062",-1.16050931073435
"ENSG00000181029",-1.16085761668861
"ENSG00000120690",-1.16095901773291
"ENSG00000198954",-1.16157777816245
"ENSG00000119953",-1.16166775563422
"ENSG00000102221",-1.16181065530968
"ENSG00000182481",-1.16196101345874
"ENSG00000240342",-1.16204268942021
"ENSG00000004700",-1.16214620321934
"ENSG00000107223",-1.16217720661503
"ENSG00000228762",-1.16264341668405
"ENSG00000164631",-1.1631794141945
"ENSG00000103404",-1.16337414590367
"ENSG00000128573",-1.16337711717396
"ENSG00000224126",-1.16368967791609
"ENSG00000291063",-1.16379419764574
"ENSG00000285184",-1.1641524813
"ENSG00000108588",-1.16475455604037
"ENSG00000152404",-1.16512673833632
"ENSG00000174720",-1.16534362371221
"ENSG00000302138",-1.16606202124964
"ENSG00000309434",-1.16606698345629
"ENSG00000101247",-1.16772827079231
"ENSG00000105677",-1.16792768040006
"ENSG00000279549",-1.16794219776822
"ENSG00000101246",-1.16826292010129
"ENSG00000047932",-1.16947245319122
"ENSG00000106290",-1.17001765208748
"ENSG00000087088",-1.17034451747201
"ENSG00000133835",-1.17048935423783
"ENSG00000121851",-1.17071399813408
"ENSG00000166548",-1.17085324143483
"ENSG00000074842",-1.17142936665835
"ENSG00000166128",-1.17172559696407
"ENSG00000004866",-1.17188892325288
"ENSG00000116981",-1.17202360158229
"ENSG00000205423",-1.17232388999517
"ENSG00000090266",-1.17241449787745
"ENSG00000171222",-1.17272086546664
"ENSG00000180901",-1.17344281128875
"ENSG00000156273",-1.17380368021912
"ENSG00000229619",-1.17401639147086
"ENSG00000145781",-1.17424064656559
"ENSG00000221874",-1.17464280394493
"ENSG00000168273",-1.1746881338688
"ENSG00000134873",-1.17583233056827
"ENSG00000115170",-1.17621540784215
"ENSG00000137309",-1.17708337874156
"ENSG00000107518",-1.17728097487176
"ENSG00000143183",-1.17775645343744
"ENSG00000091513",-1.17827233338444
"ENSG00000146007",-1.17837992769743
"ENSG00000117395",-1.17842549478138
"ENSG00000136930",-1.17866611643637
"ENSG00000154917",-1.17872731733338
"ENSG00000205572",-1.17886817622185
"ENSG00000166002",-1.17917445251121
"ENSG00000124733",-1.17923230721419
"ENSG00000072062",-1.17960105473689
"ENSG00000107262",-1.1796332186968
"ENSG00000198951",-1.18006457739385
"ENSG00000113249",-1.18038989326961
"ENSG00000012779",-1.18055477558637
"ENSG00000256053",-1.18061749255082
"ENSG00000102781",-1.18089133872722
"ENSG00000232045",-1.18200963781172
"ENSG00000136872",-1.18239785895442
"ENSG00000163848",-1.18258545873131
"ENSG00000137731",-1.18347057707379
"ENSG00000293548",-1.18360747070761
"ENSG00000184500",-1.18402341000851
"ENSG00000129437",-1.1841522373726
"ENSG00000065485",-1.18444427102555
"ENSG00000178401",-1.18467457801755
"ENSG00000280176",-1.18476669463728
"ENSG00000140022",-1.18513841737976
"ENSG00000186017",-1.18526340205837
"ENSG00000176871",-1.18526900121952
"ENSG00000006459",-1.18560938376673
"ENSG00000168002",-1.18639871401059
"ENSG00000121989",-1.1870776745585
"ENSG00000003402",-1.18732902037636
"ENSG00000126883",-1.18737717514433
"ENSG00000109680",-1.18739472595848
"ENSG00000285283",-1.18774858759924
"ENSG00000167088",-1.18786753415633
"ENSG00000187079",-1.1880901572013
"ENSG00000086548",-1.18809413119665
"ENSG00000267100",-1.18860958477186
"ENSG00000167774",-1.1889505058391
"ENSG00000255526",-1.1891857666681
"ENSG00000134508",-1.18929848217187
"ENSG00000232112",-1.18931482830532
"ENSG00000272909",-1.18934084796009
"ENSG00000270136",-1.18982026188296
"ENSG00000171209",-1.18993268734044
"ENSG00000115738",-1.19019072537651
"ENSG00000004059",-1.19020794009202
"ENSG00000226266",-1.19027182381432
"ENSG00000281013",-1.19039812486084
"ENSG00000110435",-1.19055571676497
"ENSG00000271797",-1.19097183801578
"ENSG00000204802",-1.19183977037383
"ENSG00000163191",-1.19293635060681
"ENSG00000183604",-1.19312782020427
"ENSG00000179750",-1.19316029848305
"ENSG00000146232",-1.19339904348302
"ENSG00000253767",-1.19359599030304
"ENSG00000142669",-1.19397823713283
"ENSG00000237052",-1.19452190419511
"ENSG00000290742",-1.1945373304084
"ENSG00000164674",-1.19465513856161
"ENSG00000188229",-1.19498972854902
"ENSG00000112118",-1.1951597979014
"ENSG00000260834",-1.19586082537809
"ENSG00000241343",-1.19637076262089
"ENSG00000130338",-1.19639739460027
"ENSG00000285816",-1.19647793291626
"ENSG00000213563",-1.196881649039
"ENSG00000109667",-1.1971437842269
"ENSG00000196588",-1.19714590797404
"ENSG00000224790",-1.19718090096064
"ENSG00000133640",-1.19891217705521
"ENSG00000288771",-1.19942432381689
"ENSG00000101782",-1.2001901413124
"ENSG00000173905",-1.2006107671163
"ENSG00000160014",-1.20068446229812
"ENSG00000029639",-1.20110893164132
"ENSG00000164124",-1.20125619069264
"ENSG00000100749",-1.20238671923951
"ENSG00000115464",-1.20291446153568
"ENSG00000167004",-1.20307966027006
"ENSG00000087301",-1.20325328287839
"ENSG00000125753",-1.20328785700363
"ENSG00000307927",-1.20337044557475
"ENSG00000196421",-1.20383415646399
"ENSG00000185306",-1.20424524737105
"ENSG00000069275",-1.20441345521017
"ENSG00000125246",-1.20446788969151
"ENSG00000099875",-1.20461027065797
"ENSG00000205323",-1.20526317627835
"ENSG00000121897",-1.20526761404266
"ENSG00000171863",-1.20533121417928
"ENSG00000134996",-1.20570327244564
"ENSG00000140350",-1.20684261114962
"ENSG00000067560",-1.2071989186148
"ENSG00000129559",-1.20730024792403
"ENSG00000141441",-1.20730379842535
"ENSG00000142937",-1.20746543936059
"ENSG00000213066",-1.20817991615596
"ENSG00000129911",-1.20939307415783
"ENSG00000103769",-1.20945741042491
"ENSG00000132669",-1.20946278282401
"ENSG00000246922",-1.21076175187405
"ENSG00000078403",-1.21120447654366
"ENSG00000183214",-1.21182114290676
"ENSG00000084093",-1.21189326069863
"ENSG00000226467",-1.21196922104529
"ENSG00000275867",-1.21202899646416
"ENSG00000265962",-1.2127687870018
"ENSG00000100568",-1.21287792355284
"ENSG00000071462",-1.21376373675001
"ENSG00000255857",-1.21434494214727
"ENSG00000099977",-1.21484994218768
"ENSG00000227715",-1.21567114524057
"ENSG00000163939",-1.2157993801951
"ENSG00000131470",-1.21585753186244
"ENSG00000104442",-1.21645955216606
"ENSG00000167186",-1.21719999798244
"ENSG00000170234",-1.21729386164829
"ENSG00000111412",-1.21913169543946
"ENSG00000168036",-1.21977343391727
"ENSG00000237686",-1.2199314779419
"ENSG00000129625",-1.22045957446491
"ENSG00000135341",-1.22072737746289
"ENSG00000163319",-1.22111087694242
"ENSG00000129028",-1.22376098502061
"ENSG00000112200",-1.22387904601155
"ENSG00000157349",-1.22399458481898
"ENSG00000169895",-1.2240110394906
"ENSG00000065057",-1.22435469152611
"ENSG00000213619",-1.2248698694325
"ENSG00000114021",-1.22504506206733
"ENSG00000189180",-1.22519376440975
"ENSG00000130311",-1.22555968563909
"ENSG00000164167",-1.22563079520543
"ENSG00000178445",-1.22578293372454
"ENSG00000287238",-1.22594696469591
"ENSG00000135111",-1.22644473559403
"ENSG00000078902",-1.2266296180959
"ENSG00000058729",-1.22766107604568
"ENSG00000160908",-1.22782163558153
"ENSG00000274012",-1.22824444514425
"ENSG00000164111",-1.22873819477371
"ENSG00000073803",-1.22896379781278
"ENSG00000089009",-1.22978940274755
"ENSG00000131773",-1.23003393791871
"ENSG00000204869",-1.23005639439925
"ENSG00000104213",-1.2301108935011
"ENSG00000126458",-1.23032507540225
"ENSG00000138814",-1.23149100987677
"ENSG00000100342",-1.23268544728229
"ENSG00000289305",-1.23317752845485
"ENSG00000273084",-1.23443577105081
"ENSG00000165704",-1.23499681622011
"ENSG00000067167",-1.23570934952123
"ENSG00000196139",-1.23573544875834
"ENSG00000198515",-1.23630185192472
"ENSG00000224043",-1.23689615232462
"ENSG00000198406",-1.23722442617188
"ENSG00000088992",-1.23726047197476
"ENSG00000285339",-1.23778168242221
"ENSG00000071553",-1.2382558802687
"ENSG00000138769",-1.23845287448196
"ENSG00000197841",-1.23845738207055
"ENSG00000136819",-1.23935708488579
"ENSG00000179913",-1.23964949252335
"ENSG00000142634",-1.23978242675017
"ENSG00000138777",-1.24117426441172
"ENSG00000204310",-1.24153812237104
"ENSG00000273608",-1.24178569852933
"ENSG00000204370",-1.24201110631914
"ENSG00000147642",-1.24287565074363
"ENSG00000123384",-1.24289494824115
"ENSG00000290839",-1.24310006125519
"ENSG00000143190",-1.24379413761104
"ENSG00000167657",-1.24383446337639
"ENSG00000186088",-1.24427167392308
"ENSG00000076554",-1.24471428376987
"ENSG00000138172",-1.24507036728163
"ENSG00000099974",-1.24519955033708
"ENSG00000143376",-1.24558956152531
"ENSG00000121454",-1.24565913317724
"ENSG00000156642",-1.24577517467001
"ENSG00000289119",-1.24645066704863
"ENSG00000147536",-1.24747109767113
"ENSG00000137824",-1.24753156700926
"ENSG00000215788",-1.24766067563254
"ENSG00000178177",-1.24796473057876
"ENSG00000233904",-1.24809794769062
"ENSG00000294239",-1.24817966811365
"ENSG00000293339",-1.24831946848587
"ENSG00000068079",-1.24912329332924
"ENSG00000087460",-1.24914393394216
"ENSG00000278494",-1.25096301886551
"ENSG00000122359",-1.25108990091455
"ENSG00000301006",-1.25144377827415
"ENSG00000269293",-1.25151710859977
"ENSG00000026297",-1.25165440230824
"ENSG00000168092",-1.25169799836632
"ENSG00000141510",-1.25222527042422
"ENSG00000285130",-1.25257363019722
"ENSG00000125850",-1.25309857651138
"ENSG00000163541",-1.25312016660956
"ENSG00000184988",-1.25400160929774
"ENSG00000160087",-1.25410411303807
"ENSG00000104419",-1.25417810068941
"ENSG00000184012",-1.2543394061728
"ENSG00000013297",-1.25467603705772
"ENSG00000198203",-1.25563757544618
"ENSG00000004455",-1.25675194841214
"ENSG00000204147",-1.25698234523686
"ENSG00000136295",-1.25701659424329
"ENSG00000124226",-1.25753225606738
"ENSG00000134864",-1.25777871897846
"ENSG00000047936",-1.25778942925408
"ENSG00000131495",-1.25801060341378
"ENSG00000173621",-1.26051715926027
"ENSG00000204967",-1.26053266770398
"ENSG00000072042",-1.26073873293196
"ENSG00000177954",-1.2607841736304
"ENSG00000155368",-1.2608101939165
"ENSG00000205959",-1.26113597519311
"ENSG00000143256",-1.26129556493424
"ENSG00000179304",-1.26162498101649
"ENSG00000163913",-1.26199388141721
"ENSG00000279140",-1.26205158121023
"ENSG00000117472",-1.26242131121792
"ENSG00000179163",-1.26312631490852
"ENSG00000213246",-1.26382795051594
"ENSG00000169085",-1.26385951486213
"ENSG00000141086",-1.26397289207813
"ENSG00000103888",-1.26405020333465
"ENSG00000135999",-1.26405147584305
"ENSG00000185651",-1.26412968198144
"ENSG00000288709",-1.26441321225558
"ENSG00000063245",-1.26448350078
"ENSG00000203950",-1.26538254520292
"ENSG00000151665",-1.26607788615418
"ENSG00000108262",-1.26631360918706
"ENSG00000303182",-1.26648701200144
"ENSG00000141522",-1.26788966497093
"ENSG00000100558",-1.26808530632034
"ENSG00000156026",-1.26825615299923
"ENSG00000170955",-1.26866067729766
"ENSG00000161405",-1.26882749006162
"ENSG00000176371",-1.26897290641135
"ENSG00000258644",-1.2697761000832
"ENSG00000071073",-1.27004554362496
"ENSG00000299813",-1.27020974470674
"ENSG00000167699",-1.27049080250186
"ENSG00000105376",-1.27075658788589
"ENSG00000112186",-1.2711633371815
"ENSG00000284807",-1.2714800483935
"ENSG00000105672",-1.27148399532411
"ENSG00000289047",-1.27153533283162
"ENSG00000258711",-1.27191307736974
"ENSG00000134905",-1.27207659161985
"ENSG00000278695",-1.27232593178604
"ENSG00000254416",-1.27275152853728
"ENSG00000236846",-1.2739625301819
"ENSG00000118322",-1.2740907361264
"ENSG00000176619",-1.27496581009495
"ENSG00000105699",-1.27561711252053
"ENSG00000283979",-1.27590026352183
"ENSG00000172809",-1.27591372664218
"ENSG00000134283",-1.27616547343473
"ENSG00000132275",-1.27643804558284
"ENSG00000171159",-1.27669413040417
"ENSG00000300252",-1.27710991896797
"ENSG00000116478",-1.27731640233514
"ENSG00000067113",-1.27732117977367
"ENSG00000159335",-1.27749537689936
"ENSG00000086730",-1.2778300718742
"ENSG00000184182",-1.278626634512
"ENSG00000068024",-1.27873154140111
"ENSG00000167881",-1.2795711769385
"ENSG00000235001",-1.27963605892035
"ENSG00000255559",-1.28017549152915
"ENSG00000300150",-1.28061689429464
"ENSG00000120438",-1.28086324050104
"ENSG00000147471",-1.28165031078103
"ENSG00000196455",-1.28182603975105
"ENSG00000154723",-1.28232351309268
"ENSG00000133318",-1.28256486646288
"ENSG00000099901",-1.28448124980037
"ENSG00000245975",-1.28449521934132
"ENSG00000139173",-1.28449813410335
"ENSG00000128283",-1.28493306392332
"ENSG00000189052",-1.28547460670028
"ENSG00000235107",-1.28623944879205
"ENSG00000175161",-1.28689631326463
"ENSG00000162961",-1.28732613823538
"ENSG00000136689",-1.28750019475361
"ENSG00000161243",-1.28835829589452
"ENSG00000106605",-1.28865310086681
"ENSG00000143774",-1.28882826668263
"ENSG00000166896",-1.28914500683981
"ENSG00000164306",-1.28934407509535
"ENSG00000188033",-1.29059695142017
"ENSG00000197958",-1.2911472327739
"ENSG00000125388",-1.29127294042665
"ENSG00000291093",-1.29187992918176
"ENSG00000167118",-1.29342216278642
"ENSG00000112473",-1.29344745547708
"ENSG00000116171",-1.29451987036228
"ENSG00000217555",-1.29471129584707
"ENSG00000247556",-1.29497543437622
"ENSG00000101444",-1.2957462824611
"ENSG00000198074",-1.29624396233785
"ENSG00000150054",-1.29624664355351
"ENSG00000185960",-1.2963410241506
"ENSG00000115816",-1.29665722841913
"ENSG00000272398",-1.296753321201
"ENSG00000079332",-1.29698853434626
"ENSG00000107874",-1.29718610506339
"ENSG00000233871",-1.29741770597068
"ENSG00000177889",-1.29777664703489
"ENSG00000243207",-1.29823006343244
"ENSG00000106443",-1.29848175568324
"ENSG00000129535",-1.29848717794091
"ENSG00000204628",-1.29855481069119
"ENSG00000105583",-1.29876436166237
"ENSG00000129460",-1.2990275835597
"ENSG00000083123",-1.29939324736634
"ENSG00000232126",-1.29979811060796
"ENSG00000274779",-1.29998081279453
"ENSG00000106031",-1.30006225933109
"ENSG00000132967",-1.30014073838519
"ENSG00000249773",-1.30042643427188
"ENSG00000164294",-1.30064199956019
"ENSG00000237399",-1.30074047091509
"ENSG00000288558",-1.30102036634046
"ENSG00000197045",-1.30146910363128
"ENSG00000070831",-1.30147290145811
"ENSG00000178741",-1.30217776219516
"ENSG00000213186",-1.3021947343292
"ENSG00000230918",-1.3022474182301
"ENSG00000008277",-1.30298185587544
"ENSG00000125977",-1.30327571409683
"ENSG00000104679",-1.30338433681401
"ENSG00000114646",-1.30377425038999
"ENSG00000118242",-1.30384568218059
"ENSG00000262664",-1.30385910499239
"ENSG00000224051",-1.30401665746959
"ENSG00000112038",-1.30409920826662
"ENSG00000109390",-1.30429370324151
"ENSG00000113811",-1.3044791579897
"ENSG00000235142",-1.30503782556863
"ENSG00000123689",-1.30633480485212
"ENSG00000108774",-1.30653737266125
"ENSG00000143727",-1.30674121689333
"ENSG00000123933",-1.30689866837465
"ENSG00000145868",-1.30705815130263
"ENSG00000116209",-1.30758743935354
"ENSG00000104774",-1.30760467496183
"ENSG00000067221",-1.30779289617944
"ENSG00000145912",-1.30806923033519
"ENSG00000149346",-1.3082318898463
"ENSG00000062282",-1.30857187441343
"ENSG00000109610",-1.30867962821374
"ENSG00000165507",-1.30965467406684
"ENSG00000290877",-1.31106205438552
"ENSG00000140992",-1.31114231614931
"ENSG00000073614",-1.31179699758254
"ENSG00000127249",-1.31191759967433
"ENSG00000188177",-1.31253319057569
"ENSG00000111247",-1.31286490688077
"ENSG00000169239",-1.31290239038404
"ENSG00000138668",-1.31318202899361
"ENSG00000152457",-1.31344923549932
"ENSG00000228696",-1.31358247197489
"ENSG00000151632",-1.31422464505365
"ENSG00000280417",-1.31515177239335
"ENSG00000127837",-1.3164476690232
"ENSG00000149809",-1.31666832490405
"ENSG00000131507",-1.31704355931709
"ENSG00000282379",-1.31750911186244
"ENSG00000262334",-1.31759359820936
"ENSG00000146733",-1.31770095301037
"ENSG00000162366",-1.31822715493102
"ENSG00000146856",-1.31845035539573
"ENSG00000108384",-1.31846096684398
"ENSG00000105819",-1.31867684879486
"ENSG00000138069",-1.31876493700264
"ENSG00000204590",-1.32061776314608
"ENSG00000141425",-1.32078500942928
"ENSG00000172031",-1.32104856169394
"ENSG00000090263",-1.32128111139428
"ENSG00000292251",-1.32214678249177
"ENSG00000177556",-1.32226211395209
"ENSG00000244270",-1.32239883996913
"ENSG00000109814",-1.32250053467069
"ENSG00000173418",-1.32293870408798
"ENSG00000151465",-1.32318057739509
"ENSG00000164023",-1.3234584983595
"ENSG00000153774",-1.32379411000565
"ENSG00000204128",-1.32392882664333
"ENSG00000288746",-1.32425923686206
"ENSG00000286667",-1.3247810717294
"ENSG00000153207",-1.32482209692249
"ENSG00000307088",-1.32548753288588
"ENSG00000140025",-1.32560607651262
"ENSG00000145687",-1.32635971341246
"ENSG00000008952",-1.32765334643186
"ENSG00000112237",-1.32794259231834
"ENSG00000156968",-1.32883775310661
"ENSG00000173812",-1.32960907620384
"ENSG00000134697",-1.32962719773812
"ENSG00000154153",-1.32965878192541
"ENSG00000168172",-1.33151140630528
"ENSG00000101365",-1.33180884966732
"ENSG00000156110",-1.33258381192778
"ENSG00000181061",-1.33265883346464
"ENSG00000062582",-1.33363196371213
"ENSG00000309168",-1.33369482448049
"ENSG00000105879",-1.33403065282828
"ENSG00000231412",-1.33403358047727
"ENSG00000151320",-1.3342467468922
"ENSG00000243147",-1.33440930358979
"ENSG00000113068",-1.33502518220917
"ENSG00000111775",-1.33546440482907
"ENSG00000142208",-1.33572919515006
"ENSG00000166454",-1.33575409763022
"ENSG00000161714",-1.33756322722329
"ENSG00000155755",-1.3377815418292
"ENSG00000132507",-1.33787347470063
"ENSG00000130638",-1.33886088554271
"ENSG00000140525",-1.33923146401613
"ENSG00000030582",-1.34034167024631
"ENSG00000004779",-1.34034900086252
"ENSG00000117133",-1.34092109846592
"ENSG00000165511",-1.341572463596
"ENSG00000183978",-1.34210536690911
"ENSG00000249614",-1.34245718635109
"ENSG00000167797",-1.34317561462682
"ENSG00000121940",-1.34330579347487
"ENSG00000160183",-1.3436731437594
"ENSG00000166295",-1.34424256707616
"ENSG00000071537",-1.3447070010865
"ENSG00000100918",-1.34504258295077
"ENSG00000197728",-1.34508603349119
"ENSG00000288887",-1.34512454883904
"ENSG00000246705",-1.34562573377972
"ENSG00000139973",-1.34604124173846
"ENSG00000067208",-1.34633305447781
"ENSG00000172936",-1.34734900744419
"ENSG00000145604",-1.34832954695878
"ENSG00000177410",-1.34844229421848
"ENSG00000069849",-1.34855331919864
"ENSG00000274290",-1.34896705488164
"ENSG00000156858",-1.34992028664682
"ENSG00000203780",-1.35021680011125
"ENSG00000158445",-1.35063332010575
"ENSG00000075914",-1.35106077923082
"ENSG00000002330",-1.35106318811
"ENSG00000224086",-1.35271678702345
"ENSG00000188215",-1.35310516149512
"ENSG00000205500",-1.35329618778092
"ENSG00000099337",-1.35357868732243
"ENSG00000177640",-1.35397712171753
"ENSG00000139154",-1.35411498254359
"ENSG00000228672",-1.35456748249773
"ENSG00000075188",-1.35610991018862
"ENSG00000155545",-1.3570837219389
"ENSG00000108829",-1.35810293320703
"ENSG00000214274",-1.35846487525759
"ENSG00000119655",-1.35873679544546
"ENSG00000185608",-1.35876943418932
"ENSG00000159167",-1.35913148591798
"ENSG00000242082",-1.3595858557452
"ENSG00000275221",-1.35984117578709
"ENSG00000166471",-1.36023819265363
"ENSG00000163565",-1.36047177647594
"ENSG00000097033",-1.36156404676988
"ENSG00000169139",-1.36176184614787
"ENSG00000166803",-1.36179585140194
"ENSG00000114686",-1.36246135217971
"ENSG00000168883",-1.36255848766528
"ENSG00000270558",-1.36255986150198
"ENSG00000285132",-1.36317733471233
"ENSG00000164751",-1.36350763161491
"ENSG00000169764",-1.36372914255575
"ENSG00000110801",-1.36400729460097
"ENSG00000115268",-1.36452216032624
"ENSG00000069020",-1.36482848787467
"ENSG00000160190",-1.36525968988196
"ENSG00000082515",-1.36534860000216
"ENSG00000134533",-1.36663465936449
"ENSG00000132952",-1.36671891605927
"ENSG00000272447",-1.36788262106245
"ENSG00000083828",-1.37069649804948
"ENSG00000142089",-1.37136632276096
"ENSG00000176406",-1.37137950150291
"ENSG00000126088",-1.37138160746035
"ENSG00000198130",-1.37194592630274
"ENSG00000138942",-1.37235265417504
"ENSG00000228474",-1.3727144698366
"ENSG00000114854",-1.37284551400619
"ENSG00000070087",-1.37380552284769
"ENSG00000156504",-1.3740063113553
"ENSG00000160188",-1.3745800427264
"ENSG00000110651",-1.37491246788546
"ENSG00000258315",-1.37538788216643
"ENSG00000267795",-1.37564708103087
"ENSG00000074356",-1.37575554243011
"ENSG00000204138",-1.37688424016924
"ENSG00000158828",-1.37791099742641
"ENSG00000052841",-1.37812738328503
"ENSG00000282564",-1.3784009952924
"ENSG00000144566",-1.38006348399731
"ENSG00000007520",-1.38103122297999
"ENSG00000154582",-1.38169778134578
"ENSG00000167642",-1.38182626730716
"ENSG00000143321",-1.3820264341959
"ENSG00000300025",-1.38205995941738
"ENSG00000166415",-1.38243677768334
"ENSG00000151655",-1.38282148862967
"ENSG00000135587",-1.3831762940188
"ENSG00000119414",-1.38320848581846
"ENSG00000107560",-1.38393402627546
"ENSG00000163993",-1.3840054453668
"ENSG00000308990",-1.3847580183588
"ENSG00000171889",-1.38519603435527
"ENSG00000196081",-1.38533472806861
"ENSG00000182149",-1.3853898058222
"ENSG00000124444",-1.38617371762543
"ENSG00000137806",-1.38704095944785
"ENSG00000075539",-1.38811454334519
"ENSG00000136051",-1.38821401214609
"ENSG00000155380",-1.38824437142191
"ENSG00000286546",-1.38908920853939
"ENSG00000295728",-1.3898598866468
"ENSG00000293182",-1.39031255319872
"ENSG00000105929",-1.39086285509233
"ENSG00000112493",-1.39141308830905
"ENSG00000256028",-1.39158331508298
"ENSG00000147889",-1.39256497320159
"ENSG00000144130",-1.39355341442151
"ENSG00000151150",-1.39402602454497
"ENSG00000112667",-1.39419042513462
"ENSG00000236609",-1.39422743978259
"ENSG00000125611",-1.39467424960393
"ENSG00000284773",-1.39476941852473
"ENSG00000206279",-1.3947854952583
"ENSG00000014641",-1.39488116722862
"ENSG00000102390",-1.39581206555676
"ENSG00000215077",-1.39719983036155
"ENSG00000262808",-1.39735547176784
"ENSG00000255302",-1.3975443155137
"ENSG00000120837",-1.39793516926649
"ENSG00000186847",-1.39897444249485
"ENSG00000245662",-1.39917027148352
"ENSG00000126698",-1.39941179454833
"ENSG00000119004",-1.40026985972927
"ENSG00000153029",-1.40068068944537
"ENSG00000108523",-1.40096598564969
"ENSG00000099256",-1.40110478175192
"ENSG00000120217",-1.40213592856555
"ENSG00000259623",-1.40251206771994
"ENSG00000280184",-1.40271521582368
"ENSG00000106066",-1.40360108106907
"ENSG00000099968",-1.40410011663895
"ENSG00000145569",-1.4050564739247
"ENSG00000281518",-1.40530312441912
"ENSG00000165417",-1.40531120731209
"ENSG00000102471",-1.40550406864649
"ENSG00000126107",-1.40596808813228
"ENSG00000189050",-1.40629717098393
"ENSG00000134297",-1.40630169512721
"ENSG00000142534",-1.40733061788335
"ENSG00000233841",-1.41075756725538
"ENSG00000070367",-1.41155905769164
"ENSG00000106591",-1.4119668927383
"ENSG00000162772",-1.41198897044169
"ENSG00000104689",-1.41202643875797
"ENSG00000115539",-1.41214272522762
"ENSG00000099953",-1.4132811812837
"ENSG00000211450",-1.41352802118107
"ENSG00000104695",-1.41359114993365
"ENSG00000120137",-1.41544928670294
"ENSG00000206406",-1.41553745620814
"ENSG00000159348",-1.41639281214615
"ENSG00000084234",-1.41684085686532
"ENSG00000144455",-1.41704263792687
"ENSG00000197405",-1.41748024012809
"ENSG00000276248",-1.41757092169
"ENSG00000039560",-1.41827013440877
"ENSG00000242689",-1.41847093379974
"ENSG00000133606",-1.4208661472878
"ENSG00000142541",-1.4209414939665
"ENSG00000250186",-1.42099536524536
"ENSG00000076706",-1.42114076104516
"ENSG00000172757",-1.42213780213759
"ENSG00000114744",-1.42281588414232
"ENSG00000178982",-1.4230713801539
"ENSG00000136940",-1.42402747028364
"ENSG00000140395",-1.42560959866717
"ENSG00000100612",-1.42592980842716
"ENSG00000225764",-1.42638055585203
"ENSG00000075790",-1.4269970652854
"ENSG00000169116",-1.42720781325058
"ENSG00000103811",-1.42773078337035
"ENSG00000205885",-1.42777380657505
"ENSG00000143870",-1.42831807609771
"ENSG00000100983",-1.42846061864732
"ENSG00000135250",-1.42912463039283
"ENSG00000265808",-1.43010007196987
"ENSG00000088298",-1.43042536831102
"ENSG00000104889",-1.4321438026243
"ENSG00000143891",-1.43257312537
"ENSG00000184349",-1.43284426023362
"ENSG00000151929",-1.43387396978142
"ENSG00000198001",-1.43472854448584
"ENSG00000288920",-1.43541487041009
"ENSG00000114023",-1.4356316871799
"ENSG00000182899",-1.43612182727567
"ENSG00000100490",-1.43614353553168
"ENSG00000148688",-1.43671731889787
"ENSG00000206503",-1.43675124422316
"ENSG00000197818",-1.43817726243139
"ENSG00000204904",-1.43893390094566
"ENSG00000155096",-1.43956976686733
"ENSG00000008988",-1.44017996070957
"ENSG00000135441",-1.44028034277194
"ENSG00000079150",-1.44039844759694
"ENSG00000280739",-1.44097188125532
"ENSG00000204104",-1.441731990808
"ENSG00000120519",-1.44222888854786
"ENSG00000049249",-1.44333725077516
"ENSG00000175387",-1.44342215072303
"ENSG00000263961",-1.44430915333342
"ENSG00000159685",-1.44475943652756
"ENSG00000175764",-1.44545731727136
"ENSG00000205302",-1.44564514840093
"ENSG00000297852",-1.44611744396843
"ENSG00000170667",-1.44766352517009
"ENSG00000226889",-1.44856950472176
"ENSG00000138801",-1.44894721738458
"ENSG00000102384",-1.45022314177716
"ENSG00000133112",-1.4507486782955
"ENSG00000296268",-1.45095270148304
"ENSG00000204390",-1.45113192089029
"ENSG00000160446",-1.45115718248472
"ENSG00000291379",-1.45193665697889
"ENSG00000092978",-1.45221283099475
"ENSG00000225880",-1.45228614641588
"ENSG00000121039",-1.45260973485742
"ENSG00000241860",-1.45316834832942
"ENSG00000292253",-1.45460296169945
"ENSG00000149806",-1.4548731213031
"ENSG00000166484",-1.45517265944704
"ENSG00000198604",-1.45560668190586
"ENSG00000272391",-1.45581978803338
"ENSG00000138867",-1.45768344050574
"ENSG00000105518",-1.45783378000028
"ENSG00000110492",-1.45816482095831
"ENSG00000146776",-1.4583525196232
"ENSG00000125354",-1.45893707355946
"ENSG00000137413",-1.45945400886737
"ENSG00000167815",-1.45971157043207
"ENSG00000137177",-1.4609054642032
"ENSG00000212864",-1.46199878386115
"ENSG00000137575",-1.46263843577767
"ENSG00000242515",-1.46292151348512
"ENSG00000136933",-1.46584157509819
"ENSG00000129055",-1.46597025410496
"ENSG00000179097",-1.46624494611328
"ENSG00000188612",-1.46650884886287
"ENSG00000237187",-1.46653586062953
"ENSG00000085465",-1.46692934099529
"ENSG00000174839",-1.46696566621462
"ENSG00000006757",-1.46723148079742
"ENSG00000234964",-1.46744185321966
"ENSG00000105290",-1.46834583396191
"ENSG00000184162",-1.46853934136198
"ENSG00000121211",-1.4686774147749
"ENSG00000105229",-1.46923311624796
"ENSG00000119888",-1.46961952874829
"ENSG00000169905",-1.47016461271427
"ENSG00000123739",-1.47032919641414
"ENSG00000174928",-1.47158122498363
"ENSG00000266850",-1.47171249972903
"ENSG00000277405",-1.47181655550267
"ENSG00000156411",-1.47231812579162
"ENSG00000043093",-1.47234806191337
"ENSG00000181617",-1.47395996332565
"ENSG00000115310",-1.47402759160863
"ENSG00000173915",-1.47409750643437
"ENSG00000223532",-1.47414558370947
"ENSG00000094841",-1.47428497065023
"ENSG00000265590",-1.4751817757138
"ENSG00000231500",-1.47525108082812
"ENSG00000163069",-1.4759817386311
"ENSG00000150712",-1.47668741413435
"ENSG00000100170",-1.47736490410487
"ENSG00000092010",-1.47830380185388
"ENSG00000142920",-1.47866071501226
"ENSG00000116918",-1.47929617614209
"ENSG00000145817",-1.47960730674019
"ENSG00000133321",-1.47973648562164
"ENSG00000152931",-1.48096597542517
"ENSG00000182551",-1.48149953890134
"ENSG00000240972",-1.48154458377852
"ENSG00000134077",-1.48157186574469
"ENSG00000114054",-1.48217879648741
"ENSG00000153956",-1.48240165441358
"ENSG00000147403",-1.48270306993546
"ENSG00000197780",-1.48275059492753
"ENSG00000166598",-1.48356419757669
"ENSG00000171234",-1.48410909547974
"ENSG00000101166",-1.48414417134105
"ENSG00000100442",-1.48445243797337
"ENSG00000128915",-1.48601581238729
"ENSG00000143337",-1.48651748313565
"ENSG00000114841",-1.48762779253609
"ENSG00000154222",-1.48801396037686
"ENSG00000115419",-1.48915943005745
"ENSG00000259781",-1.49059070595824
"ENSG00000102393",-1.49271632531638
"ENSG00000169562",-1.49282632295524
"ENSG00000258551",-1.49310542689551
"ENSG00000106211",-1.49312013961627
"ENSG00000168615",-1.49336926516871
"ENSG00000163683",-1.49356917973785
"ENSG00000101842",-1.49383657624687
"ENSG00000126970",-1.49421599260726
"ENSG00000215126",-1.49464781797707
"ENSG00000198898",-1.49472960275302
"ENSG00000149577",-1.49546920441439
"ENSG00000293505",-1.49554332284822
"ENSG00000150510",-1.49627460246766
"ENSG00000114850",-1.49670143017803
"ENSG00000108671",-1.49732318141934
"ENSG00000143198",-1.49900467950357
"ENSG00000197632",-1.49941138904137
"ENSG00000170579",-1.49970068414694
"ENSG00000103363",-1.50123436877784
"ENSG00000172667",-1.5019509587024
"ENSG00000068383",-1.50407612076057
"ENSG00000186326",-1.50464129665036
"ENSG00000132434",-1.50478570727053
"ENSG00000128228",-1.50504319228664
"ENSG00000106268",-1.50805486775942
"ENSG00000106682",-1.50856261340078
"ENSG00000235919",-1.5087410521816
"ENSG00000254431",-1.50898945912841
"ENSG00000262024",-1.50906711541081
"ENSG00000188313",-1.5091681055688
"ENSG00000118363",-1.50960017869442
"ENSG00000159131",-1.50986577660469
"ENSG00000144320",-1.51025691061679
"ENSG00000109819",-1.51038782989155
"ENSG00000205670",-1.51148125798009
"ENSG00000102802",-1.51446821688592
"ENSG00000197140",-1.51464073031258
"ENSG00000128609",-1.51472776308567
"ENSG00000160460",-1.51509652129551
"ENSG00000308554",-1.51527039746649
"ENSG00000148985",-1.51534458732907
"ENSG00000074370",-1.51713921540723
"ENSG00000185883",-1.51793119373752
"ENSG00000170035",-1.51803128216837
"ENSG00000243449",-1.51813763036887
"ENSG00000204264",-1.51815837963516
"ENSG00000013016",-1.5190280203689
"ENSG00000197147",-1.51931908480811
"ENSG00000092208",-1.51955775014557
"ENSG00000163611",-1.52023370982379
"ENSG00000184916",-1.52075872270099
"ENSG00000188610",-1.5210276389124
"ENSG00000094916",-1.52193734021859
"ENSG00000104765",-1.522925951759
"ENSG00000130748",-1.52334691585903
"ENSG00000107745",-1.52352040962457
"ENSG00000166579",-1.52366501176454
"ENSG00000132432",-1.52571765692384
"ENSG00000111361",-1.52616950306161
"ENSG00000112303",-1.52617839266802
"ENSG00000174744",-1.5289175124179
"ENSG00000087302",-1.52913450442206
"ENSG00000111669",-1.52932730254174
"ENSG00000082781",-1.53008485205873
"ENSG00000122952",-1.53158748021038
"ENSG00000272086",-1.5322121505632
"ENSG00000143195",-1.53229539702977
"ENSG00000144481",-1.53292761129049
"ENSG00000003436",-1.53408111126651
"ENSG00000117519",-1.53465730431803
"ENSG00000175183",-1.53491058211494
"ENSG00000198668",-1.53532762363249
"ENSG00000253374",-1.53540570985027
"ENSG00000137807",-1.53623982770384
"ENSG00000025423",-1.53641620433149
"ENSG00000030419",-1.53667287523647
"ENSG00000070731",-1.53939751437215
"ENSG00000085662",-1.54072044180693
"ENSG00000268516",-1.54140075753504
"ENSG00000214736",-1.54157183012047
"ENSG00000105792",-1.54182348762016
"ENSG00000111229",-1.54189063181409
"ENSG00000105372",-1.54250632056673
"ENSG00000280347",-1.54276121021018
"ENSG00000123562",-1.54287254724308
"ENSG00000123297",-1.54360561605791
"ENSG00000225073",-1.54372344569992
"ENSG00000114248",-1.54495642392923
"ENSG00000255663",-1.54512279747012
"ENSG00000289326",-1.54757049443557
"ENSG00000288695",-1.54809720354249
"ENSG00000113712",-1.54916798044137
"ENSG00000126934",-1.54998701283017
"ENSG00000101489",-1.55090731048692
"ENSG00000138175",-1.55109060296374
"ENSG00000037241",-1.55144339023991
"ENSG00000293616",-1.55283055834324
"ENSG00000164934",-1.55310061617258
"ENSG00000088986",-1.5532676942244
"ENSG00000177425",-1.55347716928687
"ENSG00000063177",-1.55442593869305
"ENSG00000143977",-1.55535370699112
"ENSG00000144645",-1.55576389441839
"ENSG00000164403",-1.55699572307593
"ENSG00000127990",-1.55713907400694
"ENSG00000051523",-1.55726685140007
"ENSG00000244649",-1.55972544976738
"ENSG00000264364",-1.56048021590285
"ENSG00000134248",-1.56433715708659
"ENSG00000100632",-1.56441469765804
"ENSG00000127125",-1.56442745870539
"ENSG00000174151",-1.56515468490964
"ENSG00000105341",-1.56573844136089
"ENSG00000258232",-1.56818385816962
"ENSG00000105176",-1.56873420484939
"ENSG00000143545",-1.56934914528718
"ENSG00000161671",-1.57000890833508
"ENSG00000157036",-1.57127426547965
"ENSG00000167165",-1.57238426024566
"ENSG00000173221",-1.57241012649412
"ENSG00000213741",-1.57245028293434
"ENSG00000149294",-1.57280413716373
"ENSG00000227507",-1.57352779328936
"ENSG00000169684",-1.57499140478399
"ENSG00000213639",-1.57504812232412
"ENSG00000133056",-1.57517249207239
"ENSG00000041353",-1.57538152107525
"ENSG00000139190",-1.57648633890346
"ENSG00000245571",-1.57685249425574
"ENSG00000271601",-1.57736763778424
"ENSG00000228412",-1.57920604222226
"ENSG00000275120",-1.57935060105824
"ENSG00000215845",-1.5804843668262
"ENSG00000167283",-1.58093273250293
"ENSG00000274636",-1.58123445186117
"ENSG00000049541",-1.58130612627021
"ENSG00000204564",-1.58194207038909
"ENSG00000267308",-1.58306898747007
"ENSG00000280071",-1.58411005150376
"ENSG00000204387",-1.58436667877765
"ENSG00000262468",-1.58468370029544
"ENSG00000167740",-1.58522704684042
"ENSG00000162517",-1.58532241570753
"ENSG00000134153",-1.58636030715449
"ENSG00000197111",-1.58672582384006
"ENSG00000227345",-1.58761316742402
"ENSG00000133773",-1.5885668858429
"ENSG00000109956",-1.58907658790027
"ENSG00000170315",-1.58910108339504
"ENSG00000197302",-1.59049852163601
"ENSG00000229852",-1.59055064397555
"ENSG00000237651",-1.59062882509453
"ENSG00000103226",-1.59087725678543
"ENSG00000274939",-1.59112392730852
"ENSG00000099250",-1.59251386175227
"ENSG00000042753",-1.59391604535651
"ENSG00000164659",-1.59576350921672
"ENSG00000138185",-1.59594476030081
"ENSG00000088387",-1.59649945109537
"ENSG00000219200",-1.59729688010871
"ENSG00000102158",-1.59868521149378
"ENSG00000113368",-1.59926277500296
"ENSG00000273899",-1.59963769849948
"ENSG00000167461",-1.6002807553032
"ENSG00000230143",-1.60131714728647
"ENSG00000159596",-1.60170295977409
"ENSG00000105556",-1.60276824979431
"ENSG00000101474",-1.60424290197214
"ENSG00000158747",-1.60516177989633
"ENSG00000155034",-1.60653755767208
"ENSG00000241635",-1.60656277600831
"ENSG00000101337",-1.6073502987073
"ENSG00000185043",-1.60853118641222
"ENSG00000257923",-1.60894849016439
"ENSG00000151553",-1.61133669802598
"ENSG00000135018",-1.6117556954241
"ENSG00000089248",-1.61212205617081
"ENSG00000214049",-1.61257266589758
"ENSG00000163378",-1.61273220379054
"ENSG00000100664",-1.61328822039916
"ENSG00000297831",-1.61395454790176
"ENSG00000167995",-1.61671847340545
"ENSG00000245680",-1.61749890341377
"ENSG00000159592",-1.61751296444296
"ENSG00000205609",-1.61787606635946
"ENSG00000089902",-1.61885877858557
"ENSG00000118922",-1.6189079462339
"ENSG00000288895",-1.61914726219451
"ENSG00000175063",-1.61917437925832
"ENSG00000281991",-1.61957710931324
"ENSG00000116752",-1.61963533513748
"ENSG00000143933",-1.62019245230405
"ENSG00000088256",-1.62024854019505
"ENSG00000152778",-1.62045079826524
"ENSG00000134109",-1.62146517556484
"ENSG00000197894",-1.62210681792932
"ENSG00000168000",-1.6232722667393
"ENSG00000281690",-1.62410618364247
"ENSG00000161654",-1.62514154560867
"ENSG00000196531",-1.62844268489342
"ENSG00000278574",-1.62852265877889
"ENSG00000139977",-1.62874772149887
"ENSG00000242361",-1.62936825539919
"ENSG00000090487",-1.62959177471482
"ENSG00000108826",-1.62992583434809
"ENSG00000156603",-1.63163529220444
"ENSG00000198258",-1.63253267918829
"ENSG00000159579",-1.63292362134235
"ENSG00000106692",-1.63412621439289
"ENSG00000087586",-1.63471391553992
"ENSG00000196611",-1.63809138240604
"ENSG00000145725",-1.63884257005051
"ENSG00000113296",-1.63890867360323
"ENSG00000018510",-1.6400807083679
"ENSG00000100142",-1.6402182147141
"ENSG00000148229",-1.6433627633687
"ENSG00000092841",-1.64416263667923
"ENSG00000114473",-1.6459120917667
"ENSG00000137648",-1.6467454474511
"ENSG00000274292",-1.64929037038532
"ENSG00000182768",-1.65052751918565
"ENSG00000084090",-1.65063724196887
"ENSG00000147010",-1.65108516338219
"ENSG00000007237",-1.65167221756307
"ENSG00000231563",-1.65188961961989
"ENSG00000262599",-1.65372174012089
"ENSG00000124275",-1.65528125411436
"ENSG00000175130",-1.6552983546939
"ENSG00000121486",-1.65672508973228
"ENSG00000164144",-1.65694579874498
"ENSG00000137409",-1.65737762139616
"ENSG00000069248",-1.65802722617172
"ENSG00000188153",-1.65809087330755
"ENSG00000089818",-1.65818775721542
"ENSG00000280479",-1.65867655011985
"ENSG00000111319",-1.65897743347923
"ENSG00000119616",-1.65984712385703
"ENSG00000272068",-1.66036374568172
"ENSG00000164307",-1.66053760938096
"ENSG00000169155",-1.66091987637658
"ENSG00000138398",-1.66369292525697
"ENSG00000079785",-1.66474054760544
"ENSG00000186312",-1.66598414890254
"ENSG00000130558",-1.6673189900039
"ENSG00000159899",-1.66893457349593
"ENSG00000283378",-1.6693430319788
"ENSG00000049860",-1.66947231263103
"ENSG00000197746",-1.66953397862881
"ENSG00000169992",-1.6704751693072
"ENSG00000165072",-1.6709846510205
"ENSG00000169230",-1.67143853721216
"ENSG00000162819",-1.67252722996821
"ENSG00000164638",-1.67333106743855
"ENSG00000241468",-1.67354633710343
"ENSG00000088833",-1.67367404674069
"ENSG00000231925",-1.67463367790296
"ENSG00000123159",-1.67475187323196
"ENSG00000196683",-1.67475906737338
"ENSG00000205517",-1.67499458801779
"ENSG00000143761",-1.675361292962
"ENSG00000221983",-1.67553555235679
"ENSG00000102007",-1.67628904209533
"ENSG00000262585",-1.67653324642366
"ENSG00000291057",-1.67761719887538
"ENSG00000165406",-1.67817343830587
"ENSG00000163257",-1.67967290640151
"ENSG00000182923",-1.68040354739
"ENSG00000139278",-1.68084507181709
"ENSG00000173660",-1.68118665579362
"ENSG00000119632",-1.68336243425202
"ENSG00000253636",-1.68481911806105
"ENSG00000181991",-1.68507463295924
"ENSG00000141526",-1.68518576262877
"ENSG00000115504",-1.68544978141977
"ENSG00000164609",-1.68599552790275
"ENSG00000172361",-1.68728746113308
"ENSG00000133687",-1.6877295748204
"ENSG00000126768",-1.6878900619825
"ENSG00000180817",-1.68841270762072
"ENSG00000205356",-1.68949078395081
"ENSG00000237889",-1.68952687545752
"ENSG00000310253",-1.68971188343222
"ENSG00000085719",-1.6913362849075
"ENSG00000100147",-1.69145695361416
"ENSG00000136758",-1.69272994639398
"ENSG00000166446",-1.69276232950961
"ENSG00000134308",-1.69353747244438
"ENSG00000109511",-1.69391111325063
"ENSG00000077254",-1.69487918883246
"ENSG00000113048",-1.6957843917451
"ENSG00000196950",-1.69598843871884
"ENSG00000233314",-1.69692515674753
"ENSG00000169223",-1.69752325790901
"ENSG00000182154",-1.69987489033289
"ENSG00000198830",-1.69991908180716
"ENSG00000102265",-1.70094616647985
"ENSG00000143549",-1.70261409134837
"ENSG00000101888",-1.70340188157689
"ENSG00000170832",-1.70361435236271
"ENSG00000075624",-1.70653136293729
"ENSG00000280924",-1.70705132457348
"ENSG00000075142",-1.70705748203805
"ENSG00000167770",-1.70736031741066
"ENSG00000265681",-1.70776578850091
"ENSG00000174938",-1.70813191348997
"ENSG00000116221",-1.70847892794255
"ENSG00000196754",-1.7088524759201
"ENSG00000276023",-1.70929203737627
"ENSG00000132581",-1.71062009969031
"ENSG00000143947",-1.71371417493557
"ENSG00000136319",-1.71556156395432
"ENSG00000077380",-1.71581141889447
"ENSG00000198843",-1.71592778152671
"ENSG00000168028",-1.71595009842243
"ENSG00000141542",-1.71823594520703
"ENSG00000137397",-1.71867151043034
"ENSG00000229524",-1.72134511509264
"ENSG00000305968",-1.72215291935862
"ENSG00000285679",-1.72323704151599
"ENSG00000172339",-1.72379968441528
"ENSG00000279247",-1.72426476862222
"ENSG00000271741",-1.72450411226455
"ENSG00000178202",-1.72452174589952
"ENSG00000058085",-1.72460159200286
"ENSG00000225518",-1.72504348731789
"ENSG00000134698",-1.72617371383455
"ENSG00000280173",-1.72666875268529
"ENSG00000136378",-1.72717418832736
"ENSG00000198937",-1.72726282063948
"ENSG00000169692",-1.72754712929212
"ENSG00000165171",-1.72772552694989
"ENSG00000099817",-1.72925272143123
"ENSG00000158636",-1.73066289826342
"ENSG00000294550",-1.73089303340494
"ENSG00000120688",-1.73166517517858
"ENSG00000175711",-1.73191119178591
"ENSG00000080824",-1.73256051680646
"ENSG00000132383",-1.73343956416673
"ENSG00000155366",-1.73370428792312
"ENSG00000155957",-1.73454487572712
"ENSG00000101236",-1.73517792854339
"ENSG00000158352",-1.7352180394471
"ENSG00000267374",-1.73634282230589
"ENSG00000168899",-1.7367302155217
"ENSG00000137818",-1.73745096652741
"ENSG00000164405",-1.73755384826684
"ENSG00000144655",-1.73774876209314
"ENSG00000147649",-1.73802756208685
"ENSG00000102144",-1.73864029807836
"ENSG00000134444",-1.73982843547796
"ENSG00000189043",-1.7400836541803
"ENSG00000233927",-1.74071441469957
"ENSG00000147324",-1.74106819293871
"ENSG00000145494",-1.74215208896287
"ENSG00000013561",-1.74306252476442
"ENSG00000135709",-1.743273306047
"ENSG00000169738",-1.74414663543403
"ENSG00000164919",-1.74503113649419
"ENSG00000127952",-1.74559143513996
"ENSG00000277215",-1.74606512184184
"ENSG00000139324",-1.74608330112637
"ENSG00000096092",-1.74666299242948
"ENSG00000115159",-1.74880782505502
"ENSG00000167996",-1.75179684660778
"ENSG00000229117",-1.75210964222111
"ENSG00000147140",-1.75307022462249
"ENSG00000260896",-1.75323914095858
"ENSG00000278622",-1.7537642411066
"ENSG00000173207",-1.75409912000511
"ENSG00000120533",-1.75495447182137
"ENSG00000147604",-1.75552658377858
"ENSG00000290762",-1.7565187873787
"ENSG00000173436",-1.75660752660006
"ENSG00000175220",-1.75696876552255
"ENSG00000102879",-1.75751125530819
"ENSG00000204610",-1.75769393032131
"ENSG00000161203",-1.76123032345961
"ENSG00000122218",-1.76162778311084
"ENSG00000276168",-1.76213339265815
"ENSG00000143158",-1.76244531822994
"ENSG00000141349",-1.76331824470954
"ENSG00000178980",-1.76397829886152
"ENSG00000083857",-1.76410150069199
"ENSG00000123094",-1.76421878419346
"ENSG00000105219",-1.76486790767444
"ENSG00000058866",-1.76659064289265
"ENSG00000091732",-1.76742868182483
"ENSG00000214772",-1.76859225501384
"ENSG00000104412",-1.76971397799509
"ENSG00000282416",-1.76981009267325
"ENSG00000120647",-1.77407769395914
"ENSG00000286088",-1.77446712983918
"ENSG00000227706",-1.77485851981291
"ENSG00000168397",-1.77490723525744
"ENSG00000130770",-1.77880584549511
"ENSG00000065054",-1.77889171122953
"ENSG00000253729",-1.78071832228578
"ENSG00000307083",-1.78073363845368
"ENSG00000241837",-1.78117354471276
"ENSG00000152944",-1.78173261774864
"ENSG00000296453",-1.78186618791165
"ENSG00000168653",-1.78315395433461
"ENSG00000271980",-1.78401298900821
"ENSG00000183530",-1.78514156881961
"ENSG00000006327",-1.78705994450894
"ENSG00000183474",-1.78749119310941
"ENSG00000203930",-1.78768740621913
"ENSG00000118816",-1.7879212522618
"ENSG00000214128",-1.78809987173407
"ENSG00000156482",-1.78846417992717
"ENSG00000127540",-1.79077754421469
"ENSG00000213281",-1.79115267255259
"ENSG00000213648",-1.79149860816381
"ENSG00000084733",-1.79228652542582
"ENSG00000173113",-1.79370157281522
"ENSG00000254827",-1.79530807230112
"ENSG00000107614",-1.79583020607507
"ENSG00000101443",-1.79833827236543
"ENSG00000198816",-1.79930237659012
"ENSG00000084623",-1.80023725546853
"ENSG00000055163",-1.80127722118953
"ENSG00000120306",-1.80166789480096
"ENSG00000188343",-1.80209975912861
"ENSG00000310431",-1.80212036643444
"ENSG00000140612",-1.80218007660752
"ENSG00000105723",-1.80415194138716
"ENSG00000105619",-1.80545402972717
"ENSG00000072736",-1.8072713745017
"ENSG00000256269",-1.8073480885621
"ENSG00000164466",-1.80807983209199
"ENSG00000135838",-1.80830406767177
"ENSG00000164168",-1.81063062733744
"ENSG00000156467",-1.81167891552518
"ENSG00000131143",-1.8122664984737
"ENSG00000179912",-1.81341426942398
"ENSG00000162654",-1.81554355496814
"ENSG00000125356",-1.81638068329347
"ENSG00000149043",-1.81777443405449
"ENSG00000167900",-1.81790757803566
"ENSG00000290718",-1.81861375446544
"ENSG00000163597",-1.81872073300398
"ENSG00000141232",-1.81906015213147
"ENSG00000158042",-1.81916861699937
"ENSG00000171735",-1.81955412815645
"ENSG00000138326",-1.82090587498679
"ENSG00000137266",-1.82183706757224
"ENSG00000150760",-1.8242476400332
"ENSG00000242485",-1.82657781253314
"ENSG00000227619",-1.8282980453411
"ENSG00000104067",-1.82852786681946
"ENSG00000187630",-1.82961383909524
"ENSG00000113300",-1.83342157804803
"ENSG00000110917",-1.83422687697722
"ENSG00000106688",-1.8347556329226
"ENSG00000166822",-1.83531439216367
"ENSG00000134375",-1.83668739535984
"ENSG00000123411",-1.83729079828203
"ENSG00000187840",-1.83741667715522
"ENSG00000140968",-1.83952187185985
"ENSG00000120896",-1.84138126600928
"ENSG00000131504",-1.84401208853776
"ENSG00000187446",-1.84428628065645
"ENSG00000101898",-1.84527791789656
"ENSG00000175482",-1.84587847858571
"ENSG00000123607",-1.84705563720546
"ENSG00000104823",-1.8471157342939
"ENSG00000118997",-1.84826121844263
"ENSG00000167397",-1.8497606946945
"ENSG00000169567",-1.85124463832254
"ENSG00000038002",-1.85166997077272
"ENSG00000262860",-1.85184012498542
"ENSG00000259370",-1.85222691716521
"ENSG00000128524",-1.85241459486511
"ENSG00000158710",-1.85465184751172
"ENSG00000166681",-1.85518360123233
"ENSG00000145349",-1.85534676620784
"ENSG00000156313",-1.85693757114926
"ENSG00000197299",-1.85840336635685
"ENSG00000168743",-1.86111162556222
"ENSG00000161642",-1.8613262526569
"ENSG00000141741",-1.8616354309752
"ENSG00000111716",-1.86237266451177
"ENSG00000221823",-1.86262512203717
"ENSG00000278468",-1.86331401216372
"ENSG00000197345",-1.86362842716688
"ENSG00000162076",-1.86805298481577
"ENSG00000117632",-1.8688117224029
"ENSG00000186716",-1.86900316104582
"ENSG00000105379",-1.87285513296459
"ENSG00000128422",-1.8760737894005
"ENSG00000121022",-1.8762369347933
"ENSG00000234851",-1.87628507820566
"ENSG00000099341",-1.87704970566094
"ENSG00000291106",-1.87895990008338
"ENSG00000280963",-1.880490324019
"ENSG00000134326",-1.88113230726375
"ENSG00000198242",-1.88140522285021
"ENSG00000046653",-1.8821219846581
"ENSG00000266086",-1.88359692107864
"ENSG00000116586",-1.88469287877566
"ENSG00000275214",-1.88637803316035
"ENSG00000184292",-1.88682335321662
"ENSG00000106153",-1.88856463341933
"ENSG00000102317",-1.88857654178921
"ENSG00000255346",-1.88871812698597
"ENSG00000106686",-1.89157532418368
"ENSG00000182185",-1.89218720561572
"ENSG00000176485",-1.89569495174916
"ENSG00000178826",-1.89736383555311
"ENSG00000184840",-1.89746693309675
"ENSG00000309751",-1.90007881514717
"ENSG00000159363",-1.90017815134215
"ENSG00000035862",-1.9007236760575
"ENSG00000235109",-1.9028993523306
"ENSG00000262246",-1.9057346677857
"ENSG00000185561",-1.90922104665524
"ENSG00000120913",-1.90971448132598
"ENSG00000107020",-1.9116299322526
"ENSG00000103005",-1.91199764835373
"ENSG00000170270",-1.91329543368737
"ENSG00000135476",-1.91533816812256
"ENSG00000204311",-1.91769920348044
"ENSG00000257727",-1.91977191073929
"ENSG00000100811",-1.92166977767465
"ENSG00000079246",-1.92199738250932
"ENSG00000233828",-1.92327842278351
"ENSG00000172159",-1.92350007384735
"ENSG00000166912",-1.92412035804524
"ENSG00000122786",-1.92422478137544
"ENSG00000170860",-1.92525520498054
"ENSG00000100380",-1.92610903163099
"ENSG00000125629",-1.92619697268763
"ENSG00000180879",-1.92792131697485
"ENSG00000127314",-1.93045182326949
"ENSG00000310526",-1.93121027522033
"ENSG00000136718",-1.93260507432621
"ENSG00000086598",-1.9326317692056
"ENSG00000242136",-1.93286661722199
"ENSG00000132881",-1.93368201566308
"ENSG00000136682",-1.93623432764929
"ENSG00000117450",-1.93904481463573
"ENSG00000222041",-1.94126166601448
"ENSG00000007080",-1.94170762333698
"ENSG00000038274",-1.94323544838112
"ENSG00000153214",-1.94714771314224
"ENSG00000125648",-1.95027955045573
"ENSG00000180398",-1.95034958636066
"ENSG00000261499",-1.95101921251972
"ENSG00000146674",-1.95128182054001
"ENSG00000141337",-1.95247082507562
"ENSG00000099958",-1.95326054802688
"ENSG00000088832",-1.95423835457277
"ENSG00000168961",-1.95739005044617
"ENSG00000111790",-1.9575471811099
"ENSG00000270800",-1.95991718982754
"ENSG00000236178",-1.96001413583322
"ENSG00000075785",-1.96036391524963
"ENSG00000111615",-1.96165685004392
"ENSG00000147224",-1.96240156774367
"ENSG00000137766",-1.96621878804356
"ENSG00000163412",-1.97008892154005
"ENSG00000100865",-1.97147156553875
"ENSG00000185787",-1.97201937323544
"ENSG00000103121",-1.97393157734543
"ENSG00000138663",-1.9749967521166
"ENSG00000135249",-1.97627499900608
"ENSG00000038427",-1.97673341266532
"ENSG00000168907",-1.97910296431751
"ENSG00000033800",-1.97999655530958
"ENSG00000127445",-1.980357019334
"ENSG00000111786",-1.98303025131364
"ENSG00000091164",-1.98362945910091
"ENSG00000175550",-1.98549302904166
"ENSG00000291082",-1.98585797043286
"ENSG00000230424",-1.98648132642109
"ENSG00000224578",-1.99011211927637
"ENSG00000139112",-1.99029038469023
"ENSG00000126070",-1.99051240553021
"ENSG00000160058",-1.99151732662148
"ENSG00000188659",-1.99474026431225
"ENSG00000265218",-1.9969134094693
"ENSG00000170296",-1.99769848399446
"ENSG00000108946",-1.99770899758663
"ENSG00000134001",-1.99936391138297
"ENSG00000136153",-2.00467295848454
"ENSG00000233369",-2.00608094926375
"ENSG00000275338",-2.00702246174463
"ENSG00000198695",-2.00737213172858
"ENSG00000135643",-2.00979176131984
"ENSG00000126945",-2.0111460262536
"ENSG00000186470",-2.01168133678081
"ENSG00000182004",-2.01337809902123
"ENSG00000164975",-2.01419894494126
"ENSG00000080503",-2.01556056965722
"ENSG00000156973",-2.01659556491703
"ENSG00000186409",-2.01862781349206
"ENSG00000165609",-2.01862927689457
"ENSG00000116288",-2.01943184184987
"ENSG00000288044",-2.01989239243379
"ENSG00000236882",-2.02080187229854
"ENSG00000254505",-2.02130671152542
"ENSG00000292096",-2.02164856728763
"ENSG00000204616",-2.02166145359399
"ENSG00000176261",-2.02281765913251
"ENSG00000077152",-2.02428138973749
"ENSG00000182774",-2.02587904522532
"ENSG00000225967",-2.02603515639987
"ENSG00000101182",-2.02642702744013
"ENSG00000087086",-2.0283709969932
"ENSG00000136810",-2.02842227356796
"ENSG00000242247",-2.0314201070431
"ENSG00000073711",-2.032530165623
"ENSG00000142552",-2.03267188272537
"ENSG00000065923",-2.03274116662688
"ENSG00000143106",-2.03402210785509
"ENSG00000213719",-2.03679434903641
"ENSG00000184076",-2.03848332454642
"ENSG00000139343",-2.03900287337626
"ENSG00000141699",-2.03914577076839
"ENSG00000244398",-2.03926698484129
"ENSG00000100567",-2.03955566719166
"ENSG00000145860",-2.04326967754813
"ENSG00000013275",-2.04370095038147
"ENSG00000109919",-2.04487061419334
"ENSG00000078596",-2.04683676200915
"ENSG00000163138",-2.0541826654184
"ENSG00000110536",-2.05694791843864
"ENSG00000198034",-2.06076009798643
"ENSG00000276618",-2.06079981488705
"ENSG00000286662",-2.06103185171882
"ENSG00000237022",-2.0657398517114
"ENSG00000235888",-2.06627155961592
"ENSG00000124613",-2.06695941569657
"ENSG00000288864",-2.06722208173326
"ENSG00000140853",-2.06767294389279
"ENSG00000057294",-2.06792331393881
"ENSG00000182648",-2.06801283708757
"ENSG00000136560",-2.06995865950695
"ENSG00000255154",-2.07113365916216
"ENSG00000144893",-2.0720568356437
"ENSG00000135940",-2.07288470303766
"ENSG00000264352",-2.07525165340986
"ENSG00000175662",-2.0768950889229
"ENSG00000101421",-2.0770694834192
"ENSG00000135454",-2.07844952156001
"ENSG00000204764",-2.08020723873211
"ENSG00000171105",-2.08500435343419
"ENSG00000105963",-2.08673227052743
"ENSG00000019582",-2.09667414675933
"ENSG00000170540",-2.10078229584693
"ENSG00000140319",-2.10893637980837
"ENSG00000068697",-2.11468435364507
"ENSG00000185222",-2.11780588823488
"ENSG00000262795",-2.1199221484124
"ENSG00000241399",-2.12086002499334
"ENSG00000204220",-2.12412313053303
"ENSG00000182621",-2.12641454250136
"ENSG00000159352",-2.12698633734101
"ENSG00000178385",-2.12839904844415
"ENSG00000308967",-2.13662340096138
"ENSG00000163075",-2.13738957559492
"ENSG00000135378",-2.13891436684229
"ENSG00000197747",-2.14178946322512
"ENSG00000278771",-2.14203412851556
"ENSG00000144746",-2.14508656332378
"ENSG00000157551",-2.14615484435075
"ENSG00000234218",-2.1515086978496
"ENSG00000138496",-2.15321609242595
"ENSG00000100911",-2.15674722526626
"ENSG00000100731",-2.15727011388644
"ENSG00000165916",-2.15956314655281
"ENSG00000278062",-2.16012800171975
"ENSG00000151552",-2.16039607533576
"ENSG00000233276",-2.16959500394088
"ENSG00000239754",-2.17129879709346
"ENSG00000089685",-2.17204850604578
"ENSG00000263309",-2.17346008449379
"ENSG00000161298",-2.17412923428753
"ENSG00000235288",-2.18364086596158
"ENSG00000071082",-2.18584408103216
"ENSG00000008018",-2.1863921323309
"ENSG00000144827",-2.18817218341526
"ENSG00000143434",-2.19056897385339
"ENSG00000277791",-2.19524974628345
"ENSG00000174775",-2.19667956327221
"ENSG00000085063",-2.20429181396183
"ENSG00000099783",-2.20687335239959
"ENSG00000135506",-2.20899761884546
"ENSG00000198015",-2.21138139962525
"ENSG00000107331",-2.21213642034941
"ENSG00000122566",-2.21300628436548
"ENSG00000214114",-2.21537756613363
"ENSG00000132475",-2.21895346229359
"ENSG00000239672",-2.21968995033051
"ENSG00000105171",-2.22101475989638
"ENSG00000256043",-2.2254498741571
"ENSG00000101608",-2.22965592027674
"ENSG00000188039",-2.23353992963346
"ENSG00000101745",-2.23727619943035
"ENSG00000142507",-2.24007393358606
"ENSG00000163041",-2.24396780376874
"ENSG00000125743",-2.24498850274081
"ENSG00000105968",-2.24609553029993
"ENSG00000102898",-2.24739444021826
"ENSG00000294961",-2.24850018732503
"ENSG00000114391",-2.24878989545851
"ENSG00000157734",-2.25459384402766
"ENSG00000113141",-2.25514641220337
"ENSG00000309143",-2.25521213219009
"ENSG00000218739",-2.25538278648657
"ENSG00000184007",-2.26007864480151
"ENSG00000131941",-2.26240864312278
"ENSG00000259075",-2.26714279342889
"ENSG00000197822",-2.26878677038826
"ENSG00000122507",-2.26947224636678
"ENSG00000136943",-2.27328324490984
"ENSG00000128534",-2.27565157715287
"ENSG00000189403",-2.27579284717533
"ENSG00000134531",-2.27669841790071
"ENSG00000100804",-2.283681081649
"ENSG00000204385",-2.28802104538325
"ENSG00000010017",-2.29006917190815
"ENSG00000134256",-2.29046261062045
"ENSG00000126457",-2.29777274621878
"ENSG00000140264",-2.30020675204964
"ENSG00000042493",-2.30496993788768
"ENSG00000129128",-2.30802786287525
"ENSG00000129925",-2.31001851631475
"ENSG00000142230",-2.31975026367107
"ENSG00000092199",-2.32131393260045
"ENSG00000132122",-2.32362707450818
"ENSG00000152894",-2.3366469410803
"ENSG00000180581",-2.34199473023246
"ENSG00000175003",-2.34321334638973
"ENSG00000186594",-2.345557551566
"ENSG00000105669",-2.34602952782713
"ENSG00000241506",-2.3501402757737
"ENSG00000178927",-2.35190767313687
"ENSG00000186468",-2.3527500794996
"ENSG00000204396",-2.35292064250658
"ENSG00000188677",-2.35328718391805
"ENSG00000034510",-2.35330513417548
"ENSG00000145741",-2.35856061891745
"ENSG00000130487",-2.36321643743868
"ENSG00000168803",-2.36641903022403
"ENSG00000135046",-2.3664802823644
"ENSG00000137673",-2.36746606085772
"ENSG00000090382",-2.3676854210872
"ENSG00000105825",-2.37294546112978
"ENSG00000105193",-2.37478790273931
"ENSG00000118680",-2.37495630087425
"ENSG00000186010",-2.38059694347378
"ENSG00000154175",-2.38235460922452
"ENSG00000154518",-2.38431606683474
"ENSG00000100902",-2.38492272165644
"ENSG00000117682",-2.38755856734625
"ENSG00000100697",-2.3926218687514
"ENSG00000181381",-2.39378477220628
"ENSG00000182628",-2.39712003767161
"ENSG00000101335",-2.39941139695497
"ENSG00000109205",-2.40297803130748
"ENSG00000139644",-2.40749673521358
"ENSG00000292155",-2.40889636894154
"ENSG00000169903",-2.41011115012885
"ENSG00000160953",-2.413347999419
"ENSG00000196656",-2.41508928064576
"ENSG00000270647",-2.41674895641882
"ENSG00000170144",-2.41990272106808
"ENSG00000111237",-2.42063740911718
"ENSG00000115561",-2.42115672300872
"ENSG00000146263",-2.42342307234405
"ENSG00000003096",-2.42569312269616
"ENSG00000184752",-2.43197322317884
"ENSG00000118785",-2.43304319300571
"ENSG00000172071",-2.4442301972394
"ENSG00000213178",-2.44716478733661
"ENSG00000175106",-2.44791141719614
"ENSG00000226614",-2.45241413761112
"ENSG00000127184",-2.4568953690316
"ENSG00000162385",-2.46096380257704
"ENSG00000125812",-2.46109162724341
"ENSG00000183785",-2.46651155899939
"ENSG00000140990",-2.46682929792866
"ENSG00000267128",-2.47297351025003
"ENSG00000113732",-2.47303696694328
"ENSG00000116260",-2.4751548624799
"ENSG00000145247",-2.47605352357588
"ENSG00000130733",-2.48718062519317
"ENSG00000127423",-2.48984347463456
"ENSG00000167085",-2.49398091805029
"ENSG00000170542",-2.49644454110792
"ENSG00000165678",-2.52232029281482
"ENSG00000028528",-2.52863377941126
"ENSG00000152939",-2.52881477637346
"ENSG00000105202",-2.53668158194825
"ENSG00000273749",-2.53730410268053
"ENSG00000206450",-2.53776840003141
"ENSG00000198157",-2.54089735943058
"ENSG00000290534",-2.55076545446097
"ENSG00000142621",-2.55715252347018
"ENSG00000140740",-2.5598642218446
"ENSG00000100028",-2.5696808200011
"ENSG00000108518",-2.57131879026421
"ENSG00000278845",-2.57412604905017
"ENSG00000166794",-2.58256013893123
"ENSG00000104643",-2.58789727891887
"ENSG00000160201",-2.59639587397167
"ENSG00000151176",-2.60095758530291
"ENSG00000277377",-2.60639380980622
"ENSG00000213064",-2.60978706881757
"ENSG00000196873",-2.61321638536941
"ENSG00000161057",-2.61862656952435
"ENSG00000297076",-2.63034638357536
"ENSG00000177144",-2.63095819753428
"ENSG00000183291",-2.63097091597302
"ENSG00000125691",-2.64765050482511
"ENSG00000226898",-2.65128782428923
"ENSG00000050438",-2.66755299176874
"ENSG00000166136",-2.68047041761884
"ENSG00000070047",-2.68343525192742
"ENSG00000164118",-2.68623228907825
"ENSG00000115657",-2.69970965346411
"ENSG00000256591",-2.72091952848726
"ENSG00000182718",-2.72213722765121
"ENSG00000110031",-2.72829178287941
"ENSG00000134779",-2.72855773724855
"ENSG00000230453",-2.73159785155297
"ENSG00000204209",-2.74032661271679
"ENSG00000006007",-2.74175357808893
"ENSG00000120742",-2.7452809662255
"ENSG00000258017",-2.75185837390192
"ENSG00000276187",-2.75337730695486
"ENSG00000162695",-2.76685510959547
"ENSG00000262473",-2.76964900050585
"ENSG00000135870",-2.7815459197769
"ENSG00000198380",-2.7923555458804
"ENSG00000119705",-2.7928778861026
"ENSG00000166710",-2.83186027607051
"ENSG00000173875",-2.83847937710661
"ENSG00000106588",-2.84583366741319
"ENSG00000135404",-2.85067260304081
"ENSG00000135486",-2.86807658715764
"ENSG00000164898",-2.87622404788626
"ENSG00000118961",-2.87739642748703
"ENSG00000116161",-2.89986073218962
"ENSG00000115541",-2.91154045980237
"ENSG00000237440",-2.92148377730584
"ENSG00000127922",-2.94891705188039
"ENSG00000278243",-2.95837216268564
"ENSG00000163605",-2.97054874085718
"ENSG00000104904",-3.00103496725462
"ENSG00000172115",-3.01498741670929
"ENSG00000164032",-3.06228678662716
"ENSG00000241713",-3.06767334626656
"ENSG00000203667",-3.11510499699521
"ENSG00000119866",-3.11958196092122
"ENSG00000291647",-3.13240019986994
"ENSG00000275779",-3.16433437973805
"ENSG00000079819",-3.16519304965052
"ENSG00000070756",-3.17834187779324
"ENSG00000151366",-3.22408011654635
"ENSG00000125386",-3.29424186962759
"ENSG00000156508",-3.38373780728704
"ENSG00000224389",-3.43651136003756
"ENSG00000102572",-3.44477935070564
"ENSG00000277273",-3.47477971961797
"ENSG00000074047",-3.56304775164408
"ENSG00000248710",-3.61449688030669
"ENSG00000227600",-3.67510553435722
"ENSG00000259551",-3.68207063079865
"ENSG00000260342",-3.73046457817001
"ENSG00000176340",-3.80015029270738
"ENSG00000139946",-3.88322086228912
"ENSG00000186073",-3.969693404465
"ENSG00000288859",-4.09731235163083
"ENSG00000233561",-4.18442271644516
"ENSG00000055609",-4.19252805110639
"ENSG00000237599",-4.38254798723799
"ENSG00000118276",-4.40193004107674
"ENSG00000139618",-4.80916922540593
"ENSG00000285426",-4.86513805360122
"ENSG00000185900",-5.16011506491304
"ENSG00000281915",-5.27776424863388
"ENSG00000235754",-5.62539009915776
